Rk,Player,Age,Team,Lg,WAR,G,PA,AB,R,H,2B,3B,HR,RBI,SB,CS,BB,SO,BA,OBP,SLG,OPS,OPS+,rOBA,Rbat+,TB,GIDP,HBP,SH,SF,IBB,Pos,Awards,Player-additional,Year,Handedness
1,Jarren Duran*,27,BOS,AL,8.7,160,735,671,111,191,48,14,21,75,34,7,54,160,0.285,0.342,0.492,0.834,132.0,0.373,134.0,330,6,6,1,3,1,*87,ASMVP-8,duranja01,2024,Right
2,Shohei Ohtani*,29,LAD,NL,9.2,159,731,636,134,197,38,7,54,130,59,4,81,162,0.31,0.39,0.646,1.036,187.0,0.449,190.0,411,7,6,0,5,10,*D,ASMVP-1SS,ohtansh01,2024,Right
3,Gunnar Henderson*,23,BAL,AL,9.1,159,719,630,118,177,31,7,37,92,21,4,78,159,0.281,0.364,0.529,0.893,155.0,0.385,157.0,333,2,7,0,4,1,*6/D,ASMVP-4,hendegu01,2024,Right
4,Marcus Semien,33,TEX,AL,4.1,159,718,650,101,154,27,2,23,74,8,3,64,105,0.237,0.308,0.391,0.699,103.0,0.31,100.0,254,9,3,0,1,2,*4,AS,semiema01,2024,Right
5,Juan Soto*,25,NYY,AL,7.9,157,713,576,128,166,31,4,41,109,7,4,129,119,0.288,0.419,0.569,0.989,179.0,0.424,179.0,328,10,4,0,4,2,*9/7DH,ASMVP-3SS,sotoju01,2024,Right
6,Bobby Witt Jr.,24,KCR,AL,9.4,161,709,636,125,211,45,11,32,109,31,12,57,106,0.332,0.389,0.588,0.977,174.0,0.416,171.0,374,4,8,0,8,9,*6/D,ASMVP-2GGSS,wittbo02,2024,Right
7,Aaron Judge,32,NYY,AL,10.8,158,704,559,122,180,36,1,58,144,10,0,133,171,0.322,0.458,0.701,1.159,225.0,0.484,223.0,392,22,9,0,2,20,*8D/97,ASMVP-1SS,judgeaa01,2024,Right
8,Vladimir Guerrero Jr.,25,TOR,AL,6.2,159,697,616,98,199,44,1,30,103,2,2,72,96,0.323,0.396,0.544,0.94,164.0,0.399,165.0,335,16,5,0,4,12,*3D5/H,ASMVP-6SS,guerrvl02,2024,Right
9,Elly De La Cruz#,22,CIN,NL,5.2,160,696,618,105,160,36,10,25,76,67,16,69,218,0.259,0.339,0.471,0.809,119.0,0.367,122.0,291,12,6,2,1,2,*6/H,ASMVP-8,delacel01,2024,Right
10,Pete Alonso,29,NYM,NL,2.6,162,695,608,91,146,31,0,34,88,3,0,70,172,0.24,0.329,0.459,0.788,122.0,0.341,122.0,279,14,13,0,4,4,*3/DH,AS,alonspe01,2024,Right
11,Ezequiel Tovar,22,COL,NL,3.8,157,695,655,83,176,45,4,26,78,6,5,23,200,0.269,0.295,0.469,0.763,100.0,0.325,99.0,307,16,4,5,7,1,*6,MVP-19GG,tovarez01,2024,Right
12,Bryan Reynolds#,29,PIT,NL,3.6,156,692,622,73,171,29,3,24,88,10,2,57,156,0.275,0.344,0.447,0.791,120.0,0.355,125.0,278,7,10,0,3,3,*7D9,AS,reynobr01,2024,Right
13,Kyle Schwarber*,31,PHI,NL,3.5,150,692,573,110,142,22,0,38,104,5,3,106,197,0.248,0.366,0.485,0.851,134.0,0.367,137.0,278,6,5,0,8,4,*D/7H,MVP-15,schwaky01,2024,Right
14,Francisco Lindor#,30,NYM,NL,6.9,152,689,618,107,169,39,1,33,91,29,4,56,127,0.273,0.344,0.5,0.844,137.0,0.373,141.0,309,7,12,0,3,0,*6/DH,MVP-2SS,lindofr01,2024,Right
15,Anthony Volpe,23,NYY,AL,3.4,160,689,637,90,155,27,7,12,60,28,7,42,156,0.243,0.293,0.364,0.657,86.0,0.296,84.0,232,9,4,2,3,1,*6/H,,volpean01,2024,Right
16,Willy Adames,28,MIL,NL,3.1,161,688,610,93,153,33,0,32,112,21,4,74,173,0.251,0.331,0.462,0.794,119.0,0.348,117.0,282,12,1,0,3,3,*6,MVP-10,adamewi01,2024,Right
17,Marcell Ozuna,33,ATL,NL,4.3,162,688,606,96,183,31,0,39,104,1,0,74,170,0.302,0.378,0.546,0.925,154.0,0.394,154.0,331,23,3,0,4,2,*D,ASMVP-4,ozunama01,2024,Right
18,Matt Olson*,30,ATL,NL,3.8,162,685,600,78,148,37,1,29,98,0,0,71,170,0.247,0.333,0.457,0.79,118.0,0.342,117.0,274,15,9,0,5,5,*3,,olsonma02,2024,Right
19,Corbin Carroll*,23,ARI,NL,3.4,158,684,589,121,136,22,14,22,74,35,8,73,130,0.231,0.322,0.428,0.749,106.0,0.333,106.0,252,3,10,3,9,0,*89/H,,carroco02,2024,Right
20,Jose Altuve,34,HOU,AL,3.4,153,682,628,94,185,31,0,20,65,22,7,47,119,0.295,0.35,0.439,0.79,124.0,0.348,126.0,276,15,7,0,0,2,*4/DH,ASMVP-15SS,altuvjo01,2024,Right
21,José Ramírez#,31,CLE,AL,6.8,158,682,620,114,173,39,2,39,118,41,7,54,82,0.279,0.335,0.537,0.872,143.0,0.376,140.0,333,9,1,0,6,12,*5D,ASMVP-5SS,ramirjo01,2024,Right
22,William Contreras,26,MIL,NL,4.9,155,679,595,99,167,37,2,23,92,9,2,78,139,0.281,0.365,0.466,0.831,130.0,0.361,129.0,277,19,3,0,3,5,*2D/H,ASMVP-5SS,contrwi02,2024,Right
23,Luis Arráez*,27,2TM,NL,1.0,150,672,637,83,200,32,3,4,46,9,3,24,29,0.314,0.346,0.392,0.739,107.0,0.327,104.0,250,18,8,2,1,3,3D4/H,ASMVP-18,arraelu01,2024,Right
23,Luis Arráez*,27,MIA,NL,0.1,33,148,137,22,41,8,1,0,5,0,0,8,11,0.299,0.347,0.372,0.719,100.0,0.326,99.0,51,5,2,1,0,0,4/3,,arraelu01,2024,Right
23,Luis Arráez*,27,SDP,NL,0.9,117,524,500,61,159,24,2,4,41,9,3,16,18,0.318,0.346,0.398,0.744,108.0,0.327,106.0,199,13,6,1,1,3,3D/4H,,arraelu01,2024,Right
24,Jurickson Profar#,31,SDP,NL,3.6,158,668,564,94,158,29,0,24,85,10,3,76,101,0.28,0.38,0.459,0.839,134.0,0.369,137.0,259,14,18,5,5,4,*7/D3,ASMVP-14SS,profaju01,2024,Right
25,Anthony Santander#,29,BAL,AL,2.9,155,665,595,91,140,25,2,44,102,2,0,58,129,0.235,0.308,0.506,0.814,131.0,0.346,131.0,301,9,7,0,5,3,*9D/3H,ASMVP-14SS,santaan02,2024,Right
26,Gleyber Torres,27,NYY,AL,1.8,154,665,587,80,151,26,0,15,63,4,3,65,136,0.257,0.33,0.378,0.709,102.0,0.318,103.0,222,6,3,2,8,0,*4/H,,torregl01,2024,Right
27,Brandon Nimmo*,31,NYM,NL,2.2,151,663,571,88,128,25,3,23,90,15,0,77,158,0.224,0.327,0.399,0.727,106.0,0.331,111.0,228,7,12,0,3,1,*78/DH,,nimmobr01,2024,Right
28,Taylor Ward,30,LAA,AL,2.3,156,663,585,73,144,26,2,25,75,6,4,63,163,0.246,0.323,0.426,0.748,110.0,0.329,111.0,249,11,7,0,8,0,*7D,,wardta01,2024,Right
29,Nick Castellanos,32,PHI,NL,0.8,162,659,606,80,154,30,4,23,86,6,2,41,139,0.254,0.311,0.431,0.742,104.0,0.327,108.0,261,14,10,0,2,2,*9/D,,casteni01,2024,Right
30,Ian Happ#,29,CHC,NL,3.9,153,657,569,89,138,34,2,25,86,13,2,80,168,0.243,0.341,0.441,0.782,120.0,0.345,121.0,251,7,6,0,2,1,*7/DH,GG,happia01,2024,Right
31,Jake Cronenworth*,30,SDP,NL,1.9,155,656,577,72,139,29,3,17,83,5,2,61,118,0.241,0.324,0.39,0.714,99.0,0.319,101.0,225,19,11,1,3,0,34/DH,,croneja01,2024,Right
32,Spencer Steer,26,CIN,NL,1.5,158,656,574,74,129,34,4,20,92,25,3,72,137,0.225,0.319,0.402,0.721,96.0,0.331,99.0,231,5,8,0,2,1,73/4D9H6,,steersp01,2024,Right
33,Paul Goldschmidt,36,STL,NL,1.3,154,654,599,70,147,33,1,22,65,11,0,47,173,0.245,0.302,0.414,0.716,100.0,0.326,104.0,248,20,2,0,2,2,*3/DH,,goldspa01,2024,Right
34,Brendan Donovan*,27,STL,NL,2.6,153,652,587,65,163,34,3,14,73,5,5,47,81,0.278,0.342,0.417,0.759,114.0,0.332,112.0,245,4,13,0,5,0,74/5DH9,,donovbr01,2024,Right
35,Teoscar Hernández,31,LAD,NL,4.3,154,652,589,84,160,32,2,33,99,12,3,53,188,0.272,0.339,0.501,0.84,135.0,0.368,141.0,295,7,8,0,1,3,*79,ASMVP-19SS,hernate01,2024,Right
36,Salvador Perez,34,KCR,AL,2.5,158,652,590,58,160,28,0,27,104,0,0,44,129,0.271,0.33,0.456,0.786,122.0,0.339,116.0,269,17,11,0,6,9,23D/H,ASSS,perezsa02,2024,Right
37,Jeremy Peña,26,HOU,AL,4.1,157,650,602,78,160,28,2,15,70,20,6,25,111,0.266,0.308,0.394,0.701,99.0,0.311,99.0,237,15,14,3,6,1,*6,,penaje02,2024,Right
38,Randy Arozarena,29,2TM,AL,1.7,154,648,549,77,120,33,0,20,60,20,10,73,169,0.219,0.332,0.388,0.72,109.0,0.323,113.0,213,7,22,0,4,0,*7/8DH,,arozara01,2024,Right
38,Randy Arozarena,29,TBR,AL,0.7,100,409,350,45,74,19,0,15,37,16,7,45,101,0.211,0.318,0.394,0.712,104.0,0.316,104.0,138,3,11,0,3,0,7/8HD,,arozara01,2024,Right
38,Randy Arozarena,29,SEA,AL,1.0,54,239,199,32,46,14,0,5,23,4,3,28,68,0.231,0.356,0.377,0.733,117.0,0.334,127.0,75,4,11,0,1,0,7/8D,,arozara01,2024,Right
39,Matt Chapman,31,SFG,NL,7.1,154,647,575,98,142,39,2,27,78,15,2,64,158,0.247,0.328,0.463,0.79,124.0,0.351,129.0,266,13,6,0,2,3,*5/H,MVP-11GG,chapmma01,2024,Right
40,Ryan McMahon*,29,COL,NL,2.5,153,645,567,68,137,28,0,20,65,4,6,69,185,0.242,0.325,0.397,0.722,93.0,0.311,90.0,225,9,3,0,4,4,*5/DH,AS,mcmahry01,2024,Right
41,Manny Machado,31,SDP,NL,3.1,152,643,593,77,163,30,0,29,105,11,2,45,124,0.275,0.325,0.472,0.797,120.0,0.344,118.0,280,25,1,0,4,6,5D/H,MVP-16SS,machama01,2024,Right
42,JJ Bleday*,26,OAK,AL,2.1,159,642,572,74,139,43,4,20,60,2,3,67,125,0.243,0.324,0.437,0.762,120.0,0.333,121.0,250,8,2,1,0,2,*8H/D,,bledajj01,2024,Right
43,Nico Hoerner,27,CHC,NL,3.7,151,641,582,86,159,35,1,7,48,31,6,44,66,0.273,0.335,0.373,0.708,101.0,0.327,105.0,217,8,12,0,3,1,*46/H,,hoernni01,2024,Right
44,Isaac Paredes,25,2TM,2LG,2.7,153,641,542,64,129,25,1,19,80,1,1,76,105,0.238,0.346,0.393,0.739,112.0,0.331,115.0,213,17,17,0,6,2,*53D/H,AS,paredis01,2024,Right
44,Isaac Paredes,25,TBR,AL,2.4,101,429,363,41,89,19,1,16,55,0,1,52,68,0.245,0.357,0.435,0.792,127.0,0.349,129.0,158,13,12,0,2,2,53D/H,,paredis01,2024,Right
44,Isaac Paredes,25,CHC,NL,0.4,52,212,179,23,40,6,0,3,25,1,0,24,37,0.223,0.325,0.307,0.633,82.0,0.294,86.0,55,4,5,0,4,0,5/H,,paredis01,2024,Right
45,Eugenio Suárez,32,ARI,NL,3.1,158,640,571,90,146,28,2,30,101,2,1,49,176,0.256,0.319,0.469,0.788,115.0,0.34,115.0,268,10,9,0,11,0,*5/D,,suareeu01,2024,Right
46,Freddie Freeman*,34,LAD,NL,4.7,147,638,542,81,153,35,2,22,89,9,2,78,100,0.282,0.378,0.476,0.854,141.0,0.37,142.0,258,13,10,0,8,9,*3,ASMVP-17,freemfr01,2024,Right
47,Adley Rutschman#,26,BAL,AL,3.4,148,638,571,68,143,21,1,19,79,1,0,58,103,0.25,0.318,0.391,0.709,105.0,0.313,107.0,223,9,2,0,7,3,2D/H,AS,rutscad01,2024,Right
48,Adolis García,31,TEX,AL,0.3,154,637,580,68,130,27,0,25,85,11,5,45,177,0.224,0.284,0.4,0.684,98.0,0.302,94.0,232,12,6,0,6,2,*9D/H,,garciad02,2024,Right
49,Jonathan India,27,CIN,NL,1.7,151,637,533,84,132,28,2,15,58,13,2,80,125,0.248,0.357,0.392,0.75,105.0,0.34,108.0,209,16,15,2,7,0,*4D/H,,indiajo01,2024,Right
50,Masyn Winn,22,STL,NL,4.9,150,637,587,85,157,32,5,15,57,11,5,41,109,0.267,0.314,0.416,0.73,104.0,0.317,100.0,244,1,1,3,5,1,*6/HD,,winnma01,2024,Right
51,Yordan Alvarez*,27,HOU,AL,5.4,147,635,552,88,170,34,2,35,86,6,0,69,95,0.308,0.392,0.567,0.959,170.0,0.406,169.0,313,14,10,0,4,16,D7,ASMVP-9,alvaryo01,2024,Right
52,Nolan Arenado,33,STL,NL,2.5,152,635,578,70,157,23,0,16,71,2,2,44,92,0.272,0.325,0.394,0.719,102.0,0.315,99.0,228,15,5,0,7,2,*5/DH,,arenano01,2024,Right
53,Willi Castro#,27,MIN,AL,1.6,158,635,558,89,138,31,5,12,60,14,9,51,150,0.247,0.331,0.385,0.717,102.0,0.326,108.0,215,8,21,1,4,0,64785/H1,AS,castrwi01,2024,Right
54,Alex Bregman,30,HOU,AL,4.1,145,634,581,79,151,30,2,26,75,3,1,44,86,0.26,0.315,0.453,0.768,116.0,0.334,117.0,263,13,5,0,4,1,*5/D,GG,bregmal01,2024,Right
55,Andrés Giménez*,25,CLE,AL,4.0,152,633,583,64,147,22,1,9,63,30,5,26,97,0.252,0.298,0.34,0.638,82.0,0.294,81.0,198,11,15,3,6,1,*4,GG,gimenan01,2024,Right
56,Josh Naylor*,27,CLE,AL,1.5,152,633,563,84,137,27,0,31,108,6,2,58,105,0.243,0.32,0.456,0.776,118.0,0.336,117.0,257,17,7,0,4,7,*3D/H,AS,naylojo01,2024,Right
57,Bryce Harper*,31,PHI,NL,4.8,145,631,550,85,157,42,0,30,87,7,4,76,138,0.285,0.373,0.525,0.898,146.0,0.381,148.0,289,18,2,1,2,11,*3/D,ASMVP-6SS,harpebr03,2024,Right
58,Cal Raleigh#,27,SEA,AL,4.7,153,628,546,73,120,16,0,34,100,6,1,70,176,0.22,0.312,0.436,0.748,118.0,0.324,117.0,238,7,6,0,6,4,*2D/H,MVP-12GG,raleica01,2024,Right
59,Maikel Garcia,24,KCR,AL,1.2,157,626,575,84,133,27,5,7,58,37,2,42,103,0.231,0.281,0.332,0.614,75.0,0.287,69.0,191,7,0,4,5,0,*54H/69,,garcima01,2024,Right
60,Bryan De La Cruz,27,2TM,NL,-1.4,149,622,584,61,136,25,0,21,68,5,2,29,170,0.233,0.271,0.384,0.654,80.0,0.29,75.0,224,10,3,0,5,1,7D9/H,,delacbr01,2024,Right
60,Bryan De La Cruz,27,MIA,NL,-0.2,105,454,424,44,104,19,0,18,51,3,1,25,118,0.245,0.289,0.417,0.707,93.0,0.309,87.0,177,8,2,0,2,1,7D/9H,,delacbr01,2024,Right
60,Bryan De La Cruz,27,PIT,NL,-1.2,44,168,160,17,32,6,0,3,17,2,1,4,52,0.2,0.22,0.294,0.514,43.0,0.238,42.0,47,2,1,0,3,0,9/7H,,delacbr01,2024,Right
61,Yandy Díaz,32,TBR,AL,1.6,145,621,563,55,158,31,1,14,65,0,0,50,95,0.281,0.341,0.414,0.755,116.0,0.336,119.0,233,12,4,0,4,0,*3D/H,,diazya01,2024,Right
62,Alex Verdugo*,28,NYY,AL,0.8,149,621,559,74,130,28,1,13,61,2,1,49,93,0.233,0.291,0.356,0.647,84.0,0.288,81.0,199,14,1,2,10,0,*79/8,,verdual01,2024,Right
63,Jazz Chisholm Jr.*,26,2TM,2LG,2.7,147,621,562,74,144,21,4,24,73,40,10,53,152,0.256,0.324,0.436,0.76,110.0,0.339,106.0,245,6,4,0,2,5,85/D4H,,chishja01,2024,Right
63,Jazz Chisholm Jr.*,26,MIA,NL,1.2,101,430,386,46,96,14,4,13,50,22,8,39,107,0.249,0.323,0.407,0.73,101.0,0.323,96.0,157,4,4,0,1,5,8/D4H,,chishja01,2024,Right
63,Jazz Chisholm Jr.*,26,NYY,AL,1.5,46,191,176,28,48,7,0,11,23,18,2,14,45,0.273,0.325,0.5,0.825,131.0,0.373,130.0,88,2,0,0,1,0,5/8,,chishja01,2024,Right
64,Yainer Diaz,25,HOU,AL,3.3,148,619,585,70,175,29,3,16,84,2,0,24,107,0.299,0.325,0.441,0.766,116.0,0.339,120.0,258,22,2,0,8,1,2D3/H,,diazya02,2024,Right
65,Brice Turang*,24,MIL,NL,4.7,155,619,559,72,142,24,4,7,57,50,6,50,105,0.254,0.316,0.349,0.665,86.0,0.313,85.0,195,8,2,5,3,1,*4H/D,GG,turanbr02,2024,Right
66,Andrew Vaughn,26,CHW,AL,0.2,149,619,570,55,140,30,1,19,70,2,0,38,132,0.246,0.297,0.402,0.699,98.0,0.305,96.0,229,13,6,0,5,0,*3D/H,,vaughan01,2024,Right
67,Brent Rooker,29,OAK,AL,5.6,145,614,546,82,160,26,2,39,112,11,3,59,177,0.293,0.365,0.562,0.927,165.0,0.399,166.0,307,5,5,0,4,4,*D/79H,MVP-10SS,rookebr01,2024,Right
68,George Springer,34,TOR,AL,1.1,145,614,545,74,120,19,3,19,56,16,1,60,115,0.22,0.303,0.371,0.674,91.0,0.312,97.0,202,16,6,0,2,0,*9D/H8,,springe01,2024,Right
69,Julio Rodríguez,23,SEA,AL,4.3,143,613,567,76,155,17,0,20,68,24,5,38,156,0.273,0.325,0.409,0.734,115.0,0.334,121.0,232,10,6,0,2,1,*8D/H,,rodriju01,2024,Right
70,Christopher Morel,25,2TM,2LG,-0.6,152,611,535,56,105,11,3,21,60,8,7,61,159,0.196,0.288,0.346,0.634,80.0,0.282,80.0,185,15,10,0,5,3,5D47/H,,morelch01,2024,Right
70,Christopher Morel,25,CHC,NL,0.2,103,421,362,43,72,7,1,18,51,7,5,47,103,0.199,0.302,0.373,0.675,90.0,0.3,92.0,135,11,8,0,4,2,5D/H,,morelch01,2024,Right
70,Christopher Morel,25,TBR,AL,-0.8,49,190,173,13,33,4,2,3,9,1,2,14,56,0.191,0.258,0.289,0.547,57.0,0.241,53.0,50,4,2,0,1,1,4D7/H,,morelch01,2024,Right
71,Nolan Schanuel*,22,LAA,AL,1.3,147,607,519,62,130,19,0,13,54,10,1,68,103,0.25,0.343,0.362,0.706,100.0,0.321,103.0,188,14,9,3,7,0,*3/HD,,schanno01,2024,Right
72,Alec Bohm,27,PHI,NL,3.0,143,606,554,62,155,44,2,15,97,5,2,40,86,0.28,0.332,0.448,0.779,114.0,0.34,117.0,248,18,6,0,6,2,*53/DH,AS,bohmal01,2024,Right
73,Brenton Doyle,26,COL,NL,4.0,149,603,542,82,141,24,4,23,72,30,5,46,153,0.26,0.317,0.446,0.764,102.0,0.338,102.0,242,13,3,4,8,1,*8/DH,GG,doylebr02,2024,Right
74,Josh Bell#,31,2TM,NL,-0.6,145,603,538,62,134,23,2,19,71,0,1,51,120,0.249,0.319,0.405,0.725,100.0,0.32,98.0,218,22,6,0,3,1,3D/H,,belljo02,2024,Right
74,Josh Bell#,31,MIA,NL,-0.8,104,441,398,38,95,18,1,14,49,0,0,34,88,0.239,0.305,0.394,0.699,93.0,0.31,88.0,157,13,5,0,3,1,3D,,belljo02,2024,Right
74,Josh Bell#,31,ARI,NL,0.3,41,162,140,24,39,5,1,5,22,0,1,17,32,0.279,0.361,0.436,0.796,120.0,0.349,125.0,61,9,1,0,0,0,3/DH,,belljo02,2024,Right
75,CJ Abrams*,23,WSN,NL,3.4,138,602,541,79,133,29,6,20,65,31,12,40,128,0.246,0.314,0.433,0.747,109.0,0.324,108.0,234,4,16,1,4,3,*6/H,AS,abramcj01,2024,Right
76,Orlando Arcia,29,ATL,NL,0.5,157,602,551,50,120,24,0,17,46,2,0,41,128,0.218,0.271,0.354,0.625,73.0,0.278,70.0,195,16,2,1,7,1,*6,,arciaor01,2024,Right
77,Zach Neto,23,LAA,AL,5.1,155,602,542,70,135,34,1,23,77,30,10,39,140,0.249,0.318,0.443,0.761,112.0,0.334,112.0,240,14,16,4,1,1,*6/H,,netoza01,2024,Right
78,Rafael Devers*,27,BOS,AL,3.7,138,601,525,87,143,34,5,28,83,3,0,67,147,0.272,0.354,0.516,0.871,142.0,0.368,134.0,271,13,3,0,6,14,*5/D,ASMVP-13,deverra01,2024,Right
79,Oneil Cruz*,25,PIT,NL,2.5,146,599,541,72,140,34,3,21,76,22,1,51,181,0.259,0.324,0.449,0.773,114.0,0.34,110.0,243,8,3,0,4,5,*68H/D,,cruzon01,2024,Right
80,Alec Burleson*,25,STL,NL,1.2,152,595,547,71,147,20,0,21,78,9,4,35,76,0.269,0.314,0.42,0.735,105.0,0.325,105.0,230,8,4,1,6,0,D97H3,,burleal01,2024,Right
81,Carlos Santana#,38,MIN,AL,2.5,150,594,521,63,124,26,0,23,71,4,0,65,99,0.238,0.328,0.42,0.749,109.0,0.329,108.0,219,11,6,0,2,3,*3/HD,GG,santaca01,2024,Right
82,Jackson Merrill*,21,SDP,NL,4.4,156,593,554,77,162,31,6,24,90,16,3,29,101,0.292,0.326,0.5,0.826,127.0,0.357,126.0,277,2,1,4,5,1,*8/H,ASMVP-9ROY-2SS,merrija01,2024,Right
83,Dansby Swanson,30,CHC,NL,3.9,149,593,534,82,129,27,2,16,66,19,3,54,144,0.242,0.312,0.39,0.701,98.0,0.313,96.0,208,7,2,0,3,2,*6/H,,swansda01,2024,Right
84,Josh Smith*,26,TEX,AL,3.2,149,592,523,67,135,30,1,13,62,11,2,46,121,0.258,0.337,0.394,0.731,114.0,0.329,112.0,206,6,18,2,3,1,56DH/749,SS,smithjo11,2024,Right
85,Seiya Suzuki,29,CHC,NL,3.5,132,585,512,74,145,27,6,21,73,16,6,63,160,0.283,0.366,0.482,0.848,138.0,0.364,136.0,247,6,6,0,4,3,9D/7H,,suzukse01,2024,Right
86,Riley Greene*,23,DET,AL,5.4,137,584,512,82,134,27,6,24,74,4,2,64,156,0.262,0.348,0.479,0.827,131.0,0.358,133.0,245,2,5,0,2,3,7D8/9H,AS,greenri03,2024,Right
87,Ketel Marte#,30,ARI,NL,6.8,136,583,504,93,147,23,2,36,95,7,1,65,106,0.292,0.372,0.56,0.932,154.0,0.396,155.0,282,9,5,0,9,7,*4D/H6,ASMVP-3SS,marteke01,2024,Right
88,Jake Burger,28,MIA,NL,0.5,137,579,535,68,134,23,1,29,76,1,1,31,150,0.25,0.301,0.46,0.76,107.0,0.327,100.0,246,11,9,0,4,2,35D/H,,burgeja01,2024,Right
89,Jorge Soler,32,2TM,NL,1.1,142,574,493,84,119,34,1,21,64,1,0,68,141,0.241,0.338,0.442,0.78,120.0,0.343,123.0,218,9,6,0,4,0,D9/H7,,solerjo01,2024,Right
89,Jorge Soler,32,SFG,NL,1.0,93,392,341,57,82,23,1,12,40,1,0,44,97,0.24,0.33,0.419,0.749,114.0,0.334,119.0,143,9,3,0,3,0,D/H,,solerjo01,2024,Right
89,Jorge Soler,32,ATL,NL,0.1,49,182,152,27,37,11,0,9,24,0,0,24,44,0.243,0.356,0.493,0.849,134.0,0.364,133.0,75,0,3,0,1,0,9/7H,,solerjo01,2024,Right
90,Jackson Chourio,20,MIL,NL,3.8,148,573,528,80,145,29,4,21,79,22,7,39,121,0.275,0.327,0.464,0.791,118.0,0.344,115.0,245,7,3,1,2,4,*79/HD,MVP-22ROY-3,chourja01,2024,Right
91,Ceddanne Rafaela,23,BOS,AL,2.8,152,571,544,70,134,23,5,15,75,19,10,15,151,0.246,0.274,0.39,0.664,85.0,0.299,85.0,212,8,7,2,3,1,864/5H9,,rafaece01,2024,Right
92,Bryson Stott*,26,PHI,NL,2.5,148,571,506,65,124,19,2,11,57,32,3,53,93,0.245,0.315,0.356,0.671,86.0,0.309,87.0,180,9,3,0,9,1,*46H/D,,stottbr01,2024,Right
93,Cody Bellinger*,28,CHC,NL,2.2,130,569,516,72,137,23,3,18,78,9,2,45,89,0.266,0.325,0.426,0.751,111.0,0.326,108.0,220,10,3,0,5,7,98D3/7,,bellico01,2024,Right
94,Michael Busch*,26,CHC,NL,2.8,152,567,496,73,123,28,2,21,65,2,1,63,162,0.248,0.335,0.44,0.775,118.0,0.338,118.0,218,9,4,0,4,1,*3H/4D5,,buschmi02,2024,Right
95,Matt Vierling,27,DET,AL,3.0,144,567,518,80,133,28,5,16,57,6,1,41,121,0.257,0.312,0.423,0.735,106.0,0.323,106.0,219,9,3,0,5,1,859H7/D3,,vierlma01,2024,Right
96,Nathaniel Lowe*,28,TEX,AL,2.7,140,565,486,62,129,16,1,16,69,2,0,71,125,0.265,0.361,0.401,0.762,123.0,0.342,122.0,195,9,4,0,4,1,*3/HD,,lowena01,2024,Right
97,Colton Cowser*,24,BAL,AL,3.1,153,561,499,77,121,24,3,24,69,9,4,52,172,0.242,0.321,0.447,0.768,120.0,0.329,119.0,223,9,7,0,3,2,*789H/D,ROY-2,cowseco01,2024,Right
98,Wyatt Langford,22,TEX,AL,3.9,134,557,499,74,126,25,4,16,74,19,3,51,115,0.253,0.325,0.415,0.74,115.0,0.329,110.0,207,6,4,0,3,3,*7D8,ROY-7,langfwy01,2024,Right
99,Colt Keith*,22,DET,AL,1.1,148,556,516,54,134,15,4,13,61,7,1,36,110,0.26,0.309,0.38,0.689,94.0,0.308,95.0,196,4,2,0,2,2,*4DH,,keithco01,2024,Right
100,Vinnie Pasquantino*,26,KCR,AL,1.1,131,554,496,64,130,30,2,19,97,1,0,40,71,0.262,0.315,0.446,0.76,114.0,0.328,108.0,221,12,4,1,13,1,3D/H,,pasquvi01,2024,Right
101,Lourdes Gurriel Jr.,30,ARI,NL,2.0,133,553,513,72,143,22,2,18,75,7,1,29,101,0.279,0.322,0.435,0.757,108.0,0.329,106.0,223,16,6,0,5,1,*7H/D3,,gurrilo01,2024,Right
102,Christian Walker,33,ARI,NL,2.6,130,552,479,72,120,26,0,26,84,2,2,55,133,0.251,0.335,0.468,0.803,120.0,0.34,116.0,224,12,10,0,8,4,*3/H,GG,walkech02,2024,Right
103,Zack Gelof,24,OAK,AL,1.4,138,547,497,60,105,20,2,17,49,25,3,38,188,0.211,0.27,0.362,0.632,82.0,0.286,80.0,180,7,4,3,5,0,*4/H,,gelofza01,2024,Right
104,Will Smith,29,LAD,NL,3.5,128,544,476,77,118,24,2,20,75,1,1,51,105,0.248,0.327,0.433,0.76,114.0,0.327,112.0,206,8,9,0,8,6,*2/HD,AS,smithwi05,2024,Right
105,Steven Kwan*,26,CLE,AL,4.0,122,540,480,83,140,16,3,14,44,12,5,53,51,0.292,0.368,0.425,0.793,126.0,0.352,128.0,204,5,5,2,0,0,*7/DH,ASGG,kwanst01,2024,Right
106,Brendan Rodgers,27,COL,NL,1.1,135,539,501,67,134,29,1,13,54,1,0,31,132,0.267,0.314,0.407,0.721,92.0,0.317,92.0,204,12,4,1,2,1,*4/DH,,rodgebr02,2024,Right
107,Trea Turner,31,PHI,NL,3.0,121,539,505,88,149,25,0,21,62,19,4,27,98,0.295,0.338,0.469,0.807,121.0,0.358,127.0,237,10,6,0,1,0,*6/D,AS,turnetr01,2024,Right
108,Justin Turner,39,2TM,AL,1.5,139,539,460,59,119,24,0,11,55,0,2,59,95,0.259,0.354,0.383,0.737,113.0,0.328,116.0,176,16,13,0,7,2,D3H/5,,turneju01,2024,Right
108,Justin Turner,39,TOR,AL,0.4,91,349,301,37,77,17,0,6,31,0,2,39,60,0.256,0.35,0.372,0.722,106.0,0.321,109.0,112,15,6,0,3,0,D3/H5,,turneju01,2024,Right
108,Justin Turner,39,SEA,AL,1.2,48,190,159,22,42,7,0,5,24,0,0,20,35,0.264,0.363,0.403,0.766,127.0,0.341,130.0,64,1,7,0,4,2,3D/H5,,turneju01,2024,Right
109,Jesús Sánchez*,26,MIA,NL,0.7,149,537,489,60,123,25,1,18,64,16,2,41,140,0.252,0.313,0.417,0.731,101.0,0.326,96.0,204,12,4,1,2,2,*9HD7,,sanchje02,2024,Right
110,Ty France,29,2TM,2LG,-0.6,140,535,479,46,112,24,0,13,51,1,1,38,114,0.234,0.305,0.365,0.67,92.0,0.301,95.0,175,16,13,0,5,0,*3/DH4,,francty01,2024,Right
110,Ty France,29,SEA,AL,-0.2,88,340,300,28,67,14,0,8,31,0,1,28,83,0.223,0.312,0.35,0.662,96.0,0.3,102.0,105,11,11,0,1,0,3/H4D,,francty01,2024,Right
110,Ty France,29,CIN,NL,-0.4,52,195,179,18,45,10,0,5,20,1,0,10,31,0.251,0.292,0.391,0.683,85.0,0.302,83.0,70,5,2,0,4,0,3/DH,,francty01,2024,Right
111,Shea Langeliers,26,OAK,AL,2.9,137,534,482,58,108,18,2,29,80,4,2,41,145,0.224,0.288,0.45,0.739,111.0,0.321,111.0,217,15,5,0,6,2,*2/HD,,langesh01,2024,Right
112,Corey Seager*,30,TEX,AL,5.0,123,533,475,68,132,21,0,30,74,1,1,53,96,0.278,0.353,0.512,0.864,149.0,0.363,139.0,243,8,3,0,2,11,*6D/H,ASMVP-15,seageco01,2024,Right
113,Leody Taveras#,25,TEX,AL,0.5,151,529,480,59,110,17,3,12,44,23,6,42,112,0.229,0.289,0.352,0.641,87.0,0.293,84.0,169,8,0,3,4,0,*8/HD,,taverle01,2024,Right
114,Luis García Jr.*,24,WSN,NL,2.2,140,528,500,58,141,25,1,18,70,22,5,27,86,0.282,0.318,0.444,0.762,114.0,0.336,114.0,222,12,0,0,1,2,*4H/D,,garcilu04,2024,Right
115,Lane Thomas,28,2TM,2LG,0.3,130,528,472,65,112,26,3,15,63,32,14,44,137,0.237,0.309,0.4,0.709,100.0,0.315,101.0,189,5,7,0,5,1,*98/HD,,thomala02,2024,Right
115,Lane Thomas,28,WSN,NL,0.5,77,341,300,42,76,16,3,8,40,28,12,32,72,0.253,0.331,0.407,0.738,108.0,0.334,115.0,122,4,5,0,4,0,9/8D,,thomala02,2024,Right
115,Lane Thomas,28,CLE,AL,-0.2,53,187,172,23,36,10,0,7,23,4,2,12,65,0.209,0.267,0.39,0.657,85.0,0.28,76.0,67,1,2,0,1,1,89/HD,,thomala02,2024,Right
116,Sal Frelick*,24,MIL,NL,2.1,145,524,475,66,123,22,4,2,32,18,3,39,78,0.259,0.32,0.335,0.655,84.0,0.303,84.0,159,8,4,2,1,0,*987H/5D,GG,frelisa01,2024,Right
117,Andrew Benintendi*,29,CHW,AL,-0.8,135,522,477,50,109,20,0,20,64,3,2,41,96,0.229,0.289,0.396,0.685,94.0,0.299,92.0,189,12,1,0,3,1,*7H/D8,,beninan01,2024,Right
118,Logan O'Hoppe,24,LAA,AL,2.7,136,522,479,64,117,17,1,20,56,2,3,33,155,0.244,0.303,0.409,0.712,99.0,0.315,102.0,196,7,8,1,1,0,*2/HD,,ohopplo01,2024,Right
119,Jacob Young,24,WSN,NL,2.8,150,521,468,75,120,24,1,3,36,33,10,30,102,0.256,0.316,0.331,0.648,85.0,0.299,87.0,155,11,12,9,2,0,*8/HD,,youngja03,2024,Right
120,Heliot Ramos,24,SFG,NL,2.3,121,518,475,54,128,23,3,22,72,6,1,37,135,0.269,0.322,0.469,0.792,124.0,0.349,129.0,223,12,2,0,4,2,*87/9DH,AS,ramoshe02,2024,Right
121,Rhys Hoskins,31,MIL,NL,-0.2,131,517,449,59,96,14,0,26,82,3,0,53,149,0.214,0.303,0.419,0.722,99.0,0.314,95.0,188,11,7,0,6,1,3D/H,,hoskirh01,2024,Right
122,Mookie Betts,31,LAD,NL,4.8,116,516,450,75,130,24,5,19,75,16,2,61,57,0.289,0.372,0.491,0.863,143.0,0.377,145.0,221,10,1,0,4,2,694/H,ASMVP-13SS,bettsmo01,2024,Right
123,Andrew McCutchen,37,PIT,NL,0.8,120,515,448,66,104,18,1,20,50,3,2,58,133,0.232,0.328,0.411,0.739,106.0,0.332,110.0,184,9,7,0,2,1,*D/9H,,mccutan01,2024,Right
124,Tyler Stephenson,27,CIN,NL,2.4,138,515,457,69,118,26,1,19,66,1,0,48,117,0.258,0.338,0.444,0.782,112.0,0.345,114.0,203,9,8,0,2,2,*2HD,,stephty01,2024,Right
125,Jake Meyers,28,HOU,AL,1.7,148,513,461,51,101,20,3,13,61,11,3,35,117,0.219,0.286,0.36,0.646,83.0,0.288,83.0,166,17,10,3,4,0,*8H/7D,,meyerja02,2024,Right
126,Daulton Varsho*,27,TOR,AL,5.0,136,513,459,73,98,21,7,18,58,10,2,48,137,0.214,0.293,0.407,0.7,96.0,0.306,94.0,187,2,4,1,1,1,*87/H9D,GG,varshda01,2024,Right
127,Joey Ortiz,25,MIL,NL,2.7,142,511,440,58,105,25,6,11,60,11,6,56,103,0.239,0.329,0.398,0.726,102.0,0.317,98.0,175,10,6,3,6,0,*56/H4,,ortizjo06,2024,Right
128,Jesse Winker*,30,2TM,NL,2.0,145,508,430,63,109,23,0,14,58,14,4,63,106,0.253,0.36,0.405,0.764,117.0,0.344,122.0,174,12,10,2,3,2,7DH9,,winkeje01,2024,Right
128,Jesse Winker*,30,WSN,NL,1.9,101,379,315,51,81,18,0,11,45,14,4,53,84,0.257,0.374,0.419,0.793,125.0,0.358,131.0,132,9,7,2,2,2,7D/H9,,winkeje01,2024,Right
128,Jesse Winker*,30,NYM,NL,0.1,44,129,115,12,28,5,0,3,13,0,0,10,22,0.243,0.318,0.365,0.683,95.0,0.303,95.0,42,3,3,0,1,0,97HD,,winkeje01,2024,Right
129,Ryan Mountcastle,27,BAL,AL,2.6,124,507,473,54,128,30,2,13,63,3,0,27,114,0.271,0.308,0.425,0.733,110.0,0.323,114.0,201,13,1,0,6,0,*3H/D,,mountry01,2024,Right
130,Gavin Sheets*,28,CHW,AL,-1.0,139,501,451,35,105,24,1,10,45,2,2,43,106,0.233,0.303,0.357,0.66,89.0,0.292,88.0,161,6,4,0,3,2,93DH,,sheetga01,2024,Right
131,Charlie Blackmon*,37,COL,NL,0.6,124,499,449,59,115,24,5,12,52,6,2,43,86,0.256,0.329,0.412,0.741,97.0,0.329,100.0,185,4,6,0,1,2,D9H/8,,blackch02,2024,Right
132,Cedric Mullins*,29,BAL,AL,2.6,147,499,444,69,104,16,3,18,54,32,6,41,98,0.234,0.305,0.405,0.71,104.0,0.322,107.0,180,1,5,2,2,0,*8H/D,,mullice01,2024,Right
133,Isiah Kiner-Falefa,29,2TM,2LG,3.6,133,496,465,53,125,18,4,8,43,11,2,16,78,0.269,0.306,0.376,0.683,92.0,0.308,93.0,175,12,10,3,2,0,456/H18,,kineris01,2024,Right
133,Isiah Kiner-Falefa,29,TOR,AL,3.2,83,281,257,32,75,8,2,7,33,3,1,13,37,0.292,0.338,0.42,0.758,114.0,0.338,119.0,108,9,6,3,2,0,456/H18,,kineris01,2024,Right
133,Isiah Kiner-Falefa,29,PIT,NL,0.4,50,215,208,21,50,10,2,1,10,8,1,3,41,0.24,0.265,0.322,0.587,64.0,0.27,60.0,67,3,4,0,0,0,64/5H,,kineris01,2024,Right
134,J.D. Martinez,36,NYM,NL,0.5,120,495,434,46,102,24,1,16,69,0,0,49,141,0.235,0.32,0.406,0.725,105.0,0.321,108.0,176,17,6,0,2,0,*D/H,,martijd02,2024,Right
135,Jake McCarthy*,26,ARI,NL,1.7,142,495,442,66,126,13,7,8,56,25,6,31,78,0.285,0.349,0.4,0.749,108.0,0.335,107.0,177,4,14,5,3,1,*987H/D,,mccarja02,2024,Right
136,Ryan O'Hearn*,30,BAL,AL,2.0,142,494,443,60,117,21,3,15,59,3,1,46,69,0.264,0.334,0.427,0.761,119.0,0.337,125.0,189,7,2,0,3,2,3DH9/7,,ohearry01,2024,Right
137,Jonah Heim#,29,TEX,AL,1.1,131,491,459,45,101,12,1,13,59,1,1,26,90,0.22,0.267,0.336,0.602,75.0,0.268,71.0,154,13,4,0,2,0,*2DH,,heimjo01,2024,Right
138,Michael Conforto*,31,SFG,NL,1.3,130,488,438,56,104,27,3,20,66,0,1,42,118,0.237,0.309,0.45,0.759,115.0,0.326,115.0,197,16,5,0,3,1,7DH,,confomi01,2024,Right
139,Gavin Lux*,26,LAD,NL,2.1,139,487,439,59,110,24,2,10,50,5,2,44,110,0.251,0.32,0.383,0.703,99.0,0.314,103.0,168,8,2,0,2,0,*4H/6,,luxga01,2024,Right
140,Connor Wong,28,BOS,AL,1.5,126,487,447,54,125,24,1,13,52,8,7,28,114,0.28,0.333,0.425,0.758,113.0,0.327,107.0,190,7,9,1,2,1,23DH/47,,wongco01,2024,Right
141,Keibert Ruiz#,25,WSN,NL,0.6,127,485,459,46,105,21,0,13,57,3,1,16,54,0.229,0.26,0.359,0.619,74.0,0.27,70.0,165,13,5,0,5,0,*2D/H,,ruizke01,2024,Right
142,José Caballero,27,TBR,AL,1.6,139,483,441,53,100,24,1,9,44,44,16,27,133,0.227,0.283,0.347,0.63,80.0,0.292,83.0,153,6,9,3,3,1,654H/D,,cabaljo01,2024,Right
143,Paul DeJong,30,2TM,AL,0.9,139,482,445,54,101,17,0,24,56,2,2,23,156,0.227,0.276,0.427,0.703,97.0,0.304,95.0,190,9,9,0,5,0,65H/D,,dejonpa01,2024,Right
143,Paul DeJong,30,CHW,AL,0.2,102,363,337,39,77,14,0,18,41,2,1,14,112,0.228,0.275,0.43,0.706,98.0,0.303,95.0,145,8,9,0,3,0,65/HD,,dejonpa01,2024,Right
143,Paul DeJong,30,KCR,AL,0.7,37,119,108,15,24,3,0,6,15,0,1,9,44,0.222,0.277,0.417,0.694,95.0,0.308,97.0,45,1,0,0,2,0,5/HD6,,dejonpa01,2024,Right
144,Tommy Pham,36,3TM,2LG,-0.2,116,478,440,49,109,20,3,9,39,7,3,35,106,0.248,0.305,0.368,0.674,92.0,0.308,96.0,162,5,2,0,1,0,978/DH,,phamth01,2024,Right
144,Tommy Pham,36,2TM,AL,0.2,93,401,372,42,95,17,2,7,27,7,3,28,90,0.255,0.309,0.368,0.678,93.0,0.312,100.0,137,3,1,0,0,0,987/DH,,phamth01,2024,Right
144,Tommy Pham,36,CHW,AL,0.0,70,297,271,33,72,14,1,5,19,6,3,25,63,0.266,0.33,0.38,0.71,103.0,0.327,112.0,103,2,1,0,0,0,987/HD,,phamth01,2024,Right
144,Tommy Pham,36,STL,NL,-0.4,23,77,68,7,14,3,1,2,12,0,0,7,16,0.206,0.286,0.368,0.653,83.0,0.285,77.0,25,2,1,0,1,0,7/9HD,,phamth01,2024,Right
144,Tommy Pham,36,KCR,AL,0.1,23,104,101,9,23,3,1,2,8,1,0,3,27,0.228,0.25,0.337,0.587,66.0,0.272,66.0,34,1,0,0,0,0,7/9D,,phamth01,2024,Right
145,Brandon Marsh*,26,PHI,NL,3.1,135,476,418,55,104,17,3,16,60,19,3,50,154,0.249,0.328,0.419,0.747,106.0,0.338,111.0,175,2,2,1,5,0,*78H/9,,marshbr02,2024,Right
146,Josh Rojas*,30,SEA,AL,2.2,142,476,422,48,95,19,2,8,31,10,4,46,108,0.225,0.304,0.336,0.641,90.0,0.289,92.0,142,6,3,1,2,1,*5H4/713D,,rojasjo01,2024,Right
147,Mike Yastrzemski*,33,SFG,NL,2.1,140,474,428,60,99,16,9,18,57,3,2,38,124,0.231,0.302,0.437,0.739,110.0,0.317,108.0,187,5,6,1,1,1,*9H/81,,yastrmi01,2024,Right
148,Tyler O'Neill,29,BOS,AL,2.6,113,473,411,74,99,18,0,31,61,4,0,53,159,0.241,0.336,0.511,0.847,135.0,0.365,131.0,210,13,7,0,2,5,79D/H,,oneilty01,2024,Right
149,Jeff McNeil*,32,NYM,NL,1.6,129,472,424,57,101,26,0,12,44,5,1,35,68,0.238,0.308,0.384,0.692,96.0,0.308,98.0,163,6,9,1,3,1,*497/H,,mcneije01,2024,Right
150,Michael Harris II*,23,ATL,NL,3.2,110,470,440,58,116,14,3,16,48,10,6,23,94,0.264,0.304,0.418,0.722,99.0,0.32,102.0,184,6,4,0,3,1,*8,,harrimi04,2024,Right
151,Ha-Seong Kim,28,SDP,NL,2.6,121,470,403,60,94,16,3,11,47,22,5,58,77,0.233,0.33,0.37,0.7,96.0,0.318,96.0,149,8,2,4,3,4,*6/H,,kimha01,2024,Right
152,Jorge Polanco#,30,SEA,AL,1.3,118,469,417,43,89,11,0,16,45,4,2,46,137,0.213,0.296,0.355,0.651,92.0,0.294,96.0,148,16,4,0,2,3,*4/DH,,polanjo01,2024,Right
153,Austin Riley,27,ATL,NL,2.9,110,469,425,63,109,26,2,19,56,0,0,37,118,0.256,0.322,0.461,0.783,115.0,0.343,117.0,196,6,5,0,2,0,*5,,rileyau01,2024,Right
154,Ryan Jeffers,27,MIN,AL,2.1,122,465,412,56,93,22,0,21,64,3,0,32,94,0.226,0.3,0.432,0.732,103.0,0.322,103.0,178,9,14,1,6,0,2DH,,jeffery01,2024,Right
155,Xander Bogaerts,31,SDP,NL,1.2,111,463,428,50,113,15,1,11,44,13,3,28,79,0.264,0.307,0.381,0.688,92.0,0.307,90.0,163,13,1,0,6,0,46/DH,,bogaexa01,2024,Right
156,Jeimer Candelario#,30,CIN,NL,-0.7,112,463,427,47,96,23,2,20,56,4,3,27,114,0.225,0.279,0.429,0.707,90.0,0.306,87.0,183,7,6,0,3,1,53D/H,,candeje01,2024,Right
157,Mark Canha,35,2TM,2LG,0.6,125,462,393,46,95,20,0,7,42,7,0,51,96,0.242,0.344,0.346,0.69,97.0,0.321,104.0,136,10,13,0,5,2,3D7H9/5,,canhama01,2024,Right
157,Mark Canha,35,DET,AL,0.6,93,377,320,42,74,17,0,7,38,4,0,42,79,0.231,0.337,0.35,0.687,95.0,0.32,103.0,112,9,11,0,4,2,3D79/H,,canhama01,2024,Right
157,Mark Canha,35,SFG,NL,0.0,32,85,73,4,21,3,0,0,4,3,0,9,17,0.288,0.376,0.329,0.705,106.0,0.326,108.0,24,1,2,0,1,0,3H/97D5,,canhama01,2024,Right
158,Gio Urshela,32,2TM,2LG,0.7,128,461,432,34,108,19,1,9,52,0,0,23,72,0.25,0.286,0.361,0.647,81.0,0.29,82.0,156,13,1,0,5,1,*53/H6D,,urshegi01,2024,Right
158,Gio Urshela,32,DET,AL,-0.3,92,325,300,25,73,10,1,5,37,0,0,19,49,0.243,0.286,0.333,0.619,75.0,0.284,79.0,100,12,1,0,5,1,53/HD,,urshegi01,2024,Right
158,Gio Urshela,32,ATL,NL,1.0,36,136,132,9,35,9,0,4,15,0,0,4,23,0.265,0.287,0.424,0.711,95.0,0.304,89.0,56,1,0,0,0,0,5/6,,urshegi01,2024,Right
159,Max Schuemann,27,OAK,AL,0.8,133,459,396,55,87,14,0,7,34,14,1,47,119,0.22,0.311,0.308,0.619,82.0,0.292,86.0,122,8,7,5,4,0,65/4H789,,schuema01,2024,Right
160,Giancarlo Stanton,34,NYY,AL,0.7,114,459,417,49,97,20,0,27,72,0,0,38,143,0.233,0.298,0.475,0.773,116.0,0.33,112.0,198,17,2,0,2,2,*D/H,,stantmi03,2024,Right
161,Michael Toglia#,25,COL,NL,2.2,116,458,399,62,87,14,3,25,55,10,1,54,147,0.218,0.311,0.456,0.767,102.0,0.334,102.0,182,7,1,0,3,2,39/7,,toglimi01,2024,Right
162,Luke Raley*,29,SEA,AL,3.2,137,455,404,58,98,19,2,22,58,11,2,27,135,0.243,0.32,0.463,0.783,128.0,0.346,131.0,187,2,20,2,2,0,739H/8D,,raleylu01,2024,Right
163,Davis Schneider,25,TOR,AL,0.0,135,454,397,48,76,19,1,13,46,6,0,47,144,0.191,0.282,0.343,0.625,77.0,0.28,76.0,136,2,5,0,5,0,74H/D,,schneda03,2024,Right
164,Mark Vientos,24,NYM,NL,3.1,111,454,413,58,110,22,0,27,71,0,0,33,135,0.266,0.322,0.516,0.837,134.0,0.361,137.0,213,6,3,0,5,0,5/H3D,,vientma01,2024,Right
165,Ernie Clement,28,TOR,AL,3.4,139,452,434,48,114,21,3,12,51,12,3,11,41,0.263,0.284,0.408,0.692,94.0,0.317,102.0,177,11,3,2,2,1,56H/4D17,,clemeer01,2024,Right
166,Jo Adell,25,LAA,AL,0.9,130,451,405,54,84,15,2,20,62,15,10,35,126,0.207,0.28,0.402,0.682,90.0,0.297,90.0,163,9,7,0,3,1,*9H/D8,,adelljo01,2024,Right
167,Lawrence Butler*,23,OAK,AL,3.0,125,451,412,63,108,24,2,22,57,18,0,35,108,0.262,0.317,0.49,0.807,131.0,0.357,130.0,202,8,0,0,4,0,*9H/8,,butlela01,2024,Right
168,J.P. Crawford*,29,SEA,AL,2.7,105,451,392,55,79,16,2,9,37,5,0,52,102,0.202,0.304,0.321,0.625,85.0,0.286,89.0,126,4,6,0,1,0,6/HD,,crawfjp01,2024,Right
169,MJ Melendez*,25,KCR,AL,-0.9,135,451,412,44,85,23,3,17,44,4,4,35,113,0.206,0.273,0.4,0.674,89.0,0.29,83.0,165,3,3,0,0,1,*7H/D93,,melenmj01,2024,Right
170,Jarred Kelenic*,24,ATL,NL,0.4,131,449,412,49,95,18,2,15,45,7,2,32,133,0.231,0.286,0.393,0.679,87.0,0.301,86.0,162,5,1,1,3,1,*78H/9,,kelenja01,2024,Right
171,Joc Pederson*,32,ARI,NL,2.9,132,449,367,62,101,17,1,23,64,7,4,55,105,0.275,0.393,0.515,0.908,150.0,0.388,151.0,189,5,18,1,3,2,*DH,,pederjo01,2024,Right
172,Patrick Bailey#,25,SFG,NL,1.8,121,448,401,46,94,16,1,8,46,4,0,39,100,0.234,0.298,0.339,0.637,83.0,0.286,84.0,136,10,0,1,7,0,*2H/D,GG,bailepa01,2024,Right
173,Jose Siri,28,TBR,AL,1.8,130,448,402,50,75,16,1,18,47,14,7,31,170,0.187,0.255,0.366,0.62,76.0,0.272,73.0,147,5,7,2,4,0,*8/H3D,,sirijo01,2024,Right
174,Wilyer Abreu*,25,BOS,AL,3.4,132,447,399,59,101,33,2,15,58,8,3,40,125,0.253,0.322,0.459,0.781,118.0,0.339,112.0,183,7,3,0,5,0,*9H/78D,ROY-6GG,abreuwi02,2024,Right
175,Jordan Westburg,25,BAL,AL,2.4,107,447,416,57,110,26,5,18,63,6,3,22,97,0.264,0.312,0.481,0.792,126.0,0.34,127.0,200,5,7,1,1,0,54/6D,AS,westbjo01,2024,Right
176,Jared Triolo,26,PIT,NL,1.3,125,446,394,41,85,10,1,9,46,8,1,42,118,0.216,0.296,0.315,0.611,72.0,0.286,74.0,124,5,5,0,5,0,54/36H9,GG,triolja01,2024,Right
177,Nicky Lopez*,29,CHW,AL,0.2,124,445,398,40,96,12,3,1,21,5,7,37,67,0.241,0.312,0.294,0.606,76.0,0.282,83.0,117,3,4,6,0,0,46/H,,lopezni01,2024,Right
178,Andy Pages,23,LAD,NL,1.3,116,443,403,65,100,23,1,13,46,1,2,29,108,0.248,0.305,0.407,0.712,100.0,0.31,101.0,164,8,6,0,4,0,*89/H7D,,pagesan01,2024,Right
179,Brayan Rocchio#,23,CLE,AL,1.9,143,442,383,50,79,18,0,8,36,10,6,44,90,0.206,0.298,0.316,0.614,76.0,0.281,78.0,121,11,8,2,5,1,*6/H,,rocchbr01,2024,Right
180,Dylan Moore,31,SEA,AL,2.2,135,441,368,53,74,23,4,10,42,32,6,53,123,0.201,0.32,0.367,0.687,103.0,0.322,109.0,135,8,14,1,5,1,6547H3/8,GG,mooredy01,2024,Right
181,Fernando Tatis Jr.,25,SDP,NL,2.6,102,438,398,64,110,21,1,21,49,11,3,32,96,0.276,0.34,0.492,0.833,130.0,0.36,129.0,196,8,7,0,1,0,9/DH,AS,tatisfe02,2024,Right
182,Harrison Bader,30,NYM,NL,0.9,143,437,402,57,95,19,0,12,51,17,8,21,95,0.236,0.284,0.373,0.657,86.0,0.287,84.0,150,6,8,0,6,1,*8H/D,,baderha01,2024,Right
183,Ozzie Albies#,27,ATL,NL,1.6,99,435,399,52,100,29,1,10,53,8,1,27,65,0.251,0.303,0.404,0.707,95.0,0.313,93.0,161,6,5,0,4,0,4,,albieoz01,2024,Right
184,Otto López,25,MIA,NL,2.6,117,434,403,49,109,23,1,6,39,20,4,25,75,0.27,0.313,0.377,0.69,91.0,0.32,91.0,152,13,1,2,2,0,4/6H578,,lopezot01,2024,Right
185,Blake Perkins#,27,MIL,NL,1.8,121,434,383,54,92,13,2,6,43,23,5,42,108,0.24,0.316,0.332,0.647,81.0,0.301,81.0,127,3,3,0,6,1,*8H/D,,perkibl01,2024,Right
186,Mitch Garver,33,SEA,AL,-0.1,114,430,367,37,63,17,0,15,51,0,0,53,133,0.172,0.286,0.341,0.627,85.0,0.282,88.0,125,9,7,0,3,0,D2/H,,garvemi01,2024,Right
187,José Miranda,26,MIN,AL,1.7,121,429,401,44,114,28,4,9,49,2,2,18,66,0.284,0.322,0.441,0.763,112.0,0.333,112.0,177,13,6,0,4,1,5DH3/6,,miranjo01,2024,Right
188,Mauricio Dubón,29,HOU,AL,1.1,137,428,402,45,108,25,0,4,47,3,2,16,55,0.269,0.296,0.361,0.657,87.0,0.289,85.0,145,6,2,3,5,0,7483H95/6,,dubonma01,2024,Right
189,Kyle Isbel*,27,KCR,AL,1.8,136,426,384,62,88,13,8,8,42,11,2,27,88,0.229,0.287,0.367,0.654,85.0,0.296,82.0,141,4,5,8,2,0,*8H,,isbelky01,2024,Right
190,Brandon Lowe*,29,TBR,AL,2.4,107,425,385,56,94,19,3,21,58,5,1,33,112,0.244,0.311,0.473,0.783,121.0,0.339,120.0,182,7,5,0,2,2,4D3H,,lowebr01,2024,Right
191,Wenceel Pérez#,24,DET,AL,0.7,112,425,389,51,94,16,6,9,37,9,5,32,92,0.242,0.3,0.383,0.683,92.0,0.302,93.0,149,5,1,2,1,0,98H/7D,,perezwe01,2024,Right
192,Luis Robert Jr.,26,CHW,AL,1.4,100,425,393,47,88,19,0,14,35,23,6,28,141,0.224,0.278,0.379,0.657,86.0,0.298,88.0,149,8,2,0,1,2,8/DH,,roberlu01,2024,Right
193,Hunter Renfroe,32,KCR,AL,0.0,120,424,385,44,88,18,0,15,52,1,1,36,84,0.229,0.297,0.392,0.689,95.0,0.308,94.0,151,10,2,0,1,0,*9/HD3,,renfrhu01,2024,Right
194,Mitch Haniger,33,SEA,AL,-0.2,121,423,380,42,79,12,0,12,44,0,0,40,126,0.208,0.286,0.334,0.62,83.0,0.281,87.0,127,10,2,0,1,0,9DH,,hanigmi01,2024,Right
195,Rowdy Tellez*,29,PIT,NL,-0.3,131,421,383,38,93,18,0,13,56,1,0,31,89,0.243,0.299,0.392,0.691,92.0,0.305,90.0,150,12,2,0,5,0,*3H/1,,tellero01,2024,Right
196,Masataka Yoshida*,30,BOS,AL,1.4,108,421,378,45,106,21,0,10,56,2,0,27,52,0.28,0.349,0.415,0.765,116.0,0.341,114.0,157,6,14,0,2,0,DH/7,,yoshima02,2024,Right
197,Mickey Moniak*,26,LAA,AL,-0.1,124,418,392,48,86,17,2,14,49,8,4,21,114,0.219,0.266,0.38,0.646,80.0,0.283,78.0,149,3,4,0,1,0,*89H/D7,,moniami01,2024,Right
198,Connor Joe,31,PIT,NL,0.6,123,416,364,49,83,22,1,9,36,2,2,44,91,0.228,0.32,0.368,0.688,93.0,0.306,92.0,134,7,6,0,2,1,39H/7D,,joeco01,2024,Right
199,Austin Wells*,24,NYY,AL,2.5,115,414,354,42,81,18,1,13,55,1,2,47,87,0.229,0.322,0.395,0.718,104.0,0.318,104.0,140,9,5,1,7,0,*2H/D,ROY-3,wellsau01,2024,Right
200,J.T. Realmuto,33,PHI,NL,3.0,99,413,380,50,101,18,1,14,47,2,2,27,102,0.266,0.322,0.429,0.751,107.0,0.331,112.0,163,7,5,0,1,1,2,,realmjt01,2024,Right
201,Pete Crow-Armstrong*,22,CHC,NL,2.3,123,410,372,46,88,13,6,10,47,27,3,21,98,0.237,0.286,0.384,0.67,88.0,0.3,82.0,143,4,6,8,3,2,*8H,,crowape01,2024,Right
202,Lars Nootbaar*,26,STL,NL,1.5,109,405,348,39,85,18,3,12,45,7,3,52,79,0.244,0.342,0.417,0.758,113.0,0.334,112.0,145,10,1,1,3,2,978/H,,nootbla01,2024,Right
203,Jon Singleton*,32,HOU,AL,0.3,119,405,355,46,83,13,1,13,42,0,0,47,111,0.234,0.321,0.386,0.707,101.0,0.317,105.0,137,2,0,0,3,0,3HD,,singljo02,2024,Right
204,Nolan Gorman*,24,STL,NL,0.3,107,402,365,42,74,15,0,19,50,6,1,34,151,0.203,0.271,0.4,0.671,87.0,0.291,79.0,146,2,1,0,2,1,4/H5,,gormano01,2024,Right
205,LaMonte Wade Jr.*,30,SFG,NL,2.1,117,401,331,45,86,16,0,8,34,2,1,62,90,0.26,0.38,0.381,0.761,120.0,0.337,122.0,126,2,4,1,3,5,3H9/D7,,wadela01,2024,Right
206,Seth Brown*,31,OAK,AL,-0.6,124,400,372,32,86,11,1,14,44,4,2,25,112,0.231,0.283,0.379,0.662,91.0,0.291,90.0,141,7,2,0,1,0,739H/D8,,brownse01,2024,Right
207,Trevor Larnach*,27,MIN,AL,1.3,112,400,355,59,92,17,0,15,52,4,1,40,89,0.259,0.338,0.434,0.771,116.0,0.341,117.0,154,12,3,0,2,1,7D9H,,larnatr01,2024,Right
208,Max Kepler*,31,MIN,AL,1.0,105,399,368,43,93,21,1,8,42,1,0,22,80,0.253,0.302,0.38,0.682,91.0,0.315,98.0,140,3,5,0,3,0,9H/D,,keplema01,2024,Right
209,Ke'Bryan Hayes,27,PIT,NL,0.8,96,396,365,38,85,9,0,4,25,11,2,23,75,0.233,0.283,0.29,0.573,62.0,0.267,60.0,106,12,4,0,4,1,5/H,,hayeske01,2024,Right
210,Korey Lee,25,CHW,AL,0.1,125,394,377,36,79,14,1,12,37,6,3,17,122,0.21,0.244,0.347,0.591,67.0,0.264,68.0,131,12,0,0,0,0,*2H/D,,leeko01,2024,Right
211,Kiké Hernández,32,LAD,NL,1.3,126,393,362,44,83,16,0,12,42,0,0,27,77,0.229,0.281,0.373,0.654,84.0,0.294,88.0,135,13,0,1,3,0,5H3784/61D,,hernaen02,2024,Right
212,David Fry,28,CLE,AL,1.4,122,392,335,44,88,18,1,14,51,4,1,42,84,0.263,0.356,0.448,0.804,128.0,0.352,128.0,150,13,9,0,4,4,DH237/59,AS,fryda01,2024,Right
213,Santiago Espinal,29,CIN,NL,-0.4,118,391,357,32,88,12,0,9,45,11,1,24,54,0.246,0.295,0.356,0.65,77.0,0.294,73.0,127,7,2,4,4,1,54HD/679,,espinsa01,2024,Right
214,Bo Naylor*,24,CLE,AL,0.7,123,389,354,39,71,10,2,13,39,6,3,29,122,0.201,0.264,0.35,0.614,73.0,0.272,71.0,124,3,2,2,2,1,*2H/D,,naylobo01,2024,Right
215,Will Benson*,26,CIN,NL,-1.4,128,388,343,41,64,19,2,14,43,16,7,40,154,0.187,0.274,0.376,0.65,76.0,0.285,70.0,129,3,2,1,2,0,*798H/D,,bensowi01,2024,Right
216,Byron Buxton,30,MIN,AL,3.6,102,388,355,62,99,27,3,18,56,7,2,20,99,0.279,0.335,0.524,0.859,137.0,0.369,136.0,186,3,11,0,2,1,8/HD,,buxtoby01,2024,Right
217,Geraldo Perdomo#,24,ARI,NL,3.5,98,388,337,61,92,21,2,3,37,9,1,36,58,0.273,0.344,0.374,0.718,100.0,0.328,104.0,126,5,3,7,5,0,6/H,,perdoge01,2024,Right
218,Nick Gonzales,25,PIT,NL,0.9,94,387,359,42,97,19,3,7,49,5,3,18,74,0.27,0.311,0.398,0.709,97.0,0.316,98.0,143,8,5,1,4,1,4/6H5,,gonzani01,2024,Right
219,Josh Lowe*,26,TBR,AL,0.7,106,387,353,37,85,19,2,10,34,25,1,32,123,0.241,0.302,0.391,0.693,98.0,0.315,93.0,138,2,0,0,2,4,97/HD8,,lowejo01,2024,Right
220,Alejandro Kirk,25,TOR,AL,2.0,103,386,340,23,86,19,1,5,54,0,0,35,51,0.253,0.319,0.359,0.677,92.0,0.303,94.0,122,11,2,0,9,1,2/HD,,kirkal01,2024,Right
221,Tyler Freeman,25,CLE,AL,0.9,118,383,330,48,69,14,1,7,32,11,6,28,53,0.209,0.305,0.321,0.626,79.0,0.288,83.0,106,15,19,3,3,1,8H6/54D,,freemty01,2024,Right
222,Jake Fraley*,29,CIN,NL,0.3,116,382,350,44,97,19,2,5,26,20,5,26,70,0.277,0.33,0.386,0.716,95.0,0.319,92.0,135,6,3,0,3,0,9H/D78,,fraleja01,2024,Right
223,Thairo Estrada,28,SFG,NL,-0.5,96,381,364,43,79,15,2,9,47,2,2,10,76,0.217,0.247,0.343,0.59,68.0,0.263,69.0,125,8,5,0,2,0,4/DH,,estrath01,2024,Right
224,Spencer Horwitz*,26,TOR,AL,1.2,97,381,328,46,87,19,0,12,40,0,0,42,70,0.265,0.357,0.433,0.79,123.0,0.346,125.0,142,8,7,0,4,2,34DH,,horwisp01,2024,Right
225,Spencer Torkelson,24,DET,AL,0.3,92,381,342,45,75,21,1,10,37,0,0,33,105,0.219,0.295,0.374,0.669,88.0,0.293,86.0,128,6,4,0,1,0,3/D,,torkesp01,2024,Right
226,Anthony Rizzo*,34,NYY,AL,0.2,92,375,337,38,77,12,0,8,35,0,0,27,65,0.228,0.301,0.335,0.637,82.0,0.297,88.0,113,7,9,0,2,0,3/H,,rizzoan01,2024,Right
227,Starling Marte,35,NYM,NL,0.7,94,370,335,46,90,13,3,7,40,16,1,27,81,0.269,0.327,0.388,0.715,103.0,0.328,107.0,130,8,3,3,2,1,9/DH,,martest01,2024,Right
228,Lenyn Sosa,24,CHW,AL,-0.4,100,369,351,28,89,13,0,8,35,3,1,12,77,0.254,0.283,0.359,0.642,83.0,0.282,79.0,126,5,3,2,1,1,54/H3D,,sosale01,2024,Right
229,Freddy Fermin,29,KCR,AL,3.0,111,368,339,40,92,14,0,6,36,2,0,23,66,0.271,0.319,0.366,0.685,95.0,0.307,92.0,124,10,2,1,3,1,2D/H,,fermifr01,2024,Right
230,Carlos Correa,29,MIN,AL,3.7,86,367,319,55,99,20,2,14,54,0,0,40,61,0.31,0.388,0.517,0.905,152.0,0.393,155.0,165,5,3,0,4,4,6/DH,AS,correca01,2024,Right
231,Abraham Toro#,27,OAK,AL,0.6,94,364,337,34,81,17,1,6,26,4,2,20,62,0.24,0.293,0.35,0.643,87.0,0.285,85.0,118,4,5,2,0,1,54DH/37,,toroab01,2024,Right
232,Miguel Amaya,25,CHC,NL,1.9,117,363,328,32,76,13,2,8,47,0,0,23,62,0.232,0.288,0.357,0.644,82.0,0.292,84.0,117,5,4,5,3,0,*2/H,,amayami01,2024,Right
233,Johan Rojas,23,PHI,NL,0.7,120,363,338,47,82,12,3,3,32,25,4,13,69,0.243,0.279,0.322,0.601,67.0,0.277,63.0,109,7,4,8,0,0,*8/HD,,rojasjo03,2024,Right
234,Jonny DeLuca,25,TBR,AL,0.6,107,362,332,29,72,12,4,6,31,16,6,24,77,0.217,0.278,0.331,0.609,75.0,0.279,76.0,110,1,4,2,0,1,98H7/D,,delucjo01,2024,Right
235,Brandon Drury,31,LAA,AL,-2.0,97,360,325,28,55,7,0,4,15,1,0,27,81,0.169,0.242,0.228,0.469,34.0,0.228,38.0,74,13,5,0,3,0,45D3/H,,drurybr01,2024,Right
236,Willson Contreras,32,STL,NL,3.0,84,358,301,48,79,17,0,15,36,4,1,45,96,0.262,0.38,0.468,0.848,138.0,0.37,137.0,141,7,12,0,0,2,2D/H,,contrwi01,2024,Right
237,Michael Massey*,26,KCR,AL,1.6,100,356,332,45,86,17,2,14,45,1,0,15,56,0.259,0.294,0.449,0.743,108.0,0.328,108.0,149,9,3,2,4,1,4HD,,massemi02,2024,Right
238,Will Brennan*,26,CLE,AL,-0.2,114,353,330,37,87,13,2,8,30,4,2,19,48,0.264,0.309,0.388,0.697,97.0,0.307,96.0,128,9,3,0,1,2,97HD/8,,brennwi02,2024,Right
239,Gabriel Moreno,24,ARI,NL,2.6,97,351,305,39,81,18,1,5,45,3,1,41,52,0.266,0.353,0.38,0.734,104.0,0.327,105.0,116,10,2,0,3,1,2H/5,,morenga01,2024,Right
240,Elias Díaz,33,2TM,NL,1.3,96,351,325,27,86,20,0,6,39,0,0,20,69,0.265,0.313,0.382,0.695,86.0,0.309,87.0,124,15,4,0,2,2,2D/H,,diazel01,2024,Right
240,Elias Díaz,33,COL,NL,1.2,84,327,304,26,82,18,0,5,36,0,0,17,64,0.27,0.315,0.378,0.693,85.0,0.306,84.0,115,13,4,0,2,2,2D/H,,diazel01,2024,Right
240,Elias Díaz,33,SDP,NL,0.1,12,24,21,1,4,2,0,1,3,0,0,3,5,0.19,0.292,0.429,0.72,99.0,0.349,123.0,9,2,0,0,0,0,2,,diazel01,2024,Right
241,Mike Tauchman*,33,CHC,NL,0.6,109,350,298,50,74,12,1,7,29,6,2,47,70,0.248,0.357,0.366,0.723,106.0,0.326,108.0,109,7,4,0,1,0,9HD78,,tauchmi01,2024,Right
242,Eloy Jiménez,27,2TM,AL,-0.7,98,349,324,25,77,14,0,6,23,3,0,22,70,0.238,0.289,0.336,0.626,80.0,0.282,80.0,109,13,2,0,1,1,DH/9,,jimenel02,2024,Right
242,Eloy Jiménez,27,CHW,AL,-0.5,65,249,229,18,55,9,0,5,16,3,0,18,47,0.24,0.297,0.345,0.642,84.0,0.284,80.0,79,11,1,0,1,1,D/H9,,jimenel02,2024,Right
242,Eloy Jiménez,27,BAL,AL,-0.2,33,100,95,7,22,5,0,1,7,0,0,4,23,0.232,0.27,0.316,0.586,70.0,0.276,81.0,30,2,1,0,0,0,D/H,,jimenel02,2024,Right
243,Jake Bauers*,28,MIL,NL,-0.4,116,346,302,45,60,9,2,12,43,13,1,39,118,0.199,0.301,0.361,0.662,84.0,0.3,80.0,109,0,5,0,0,1,3HD9/71,,bauerja01,2024,Right
244,Jake Cave*,31,COL,NL,-0.7,123,346,323,42,81,16,5,7,37,5,2,18,98,0.251,0.29,0.396,0.686,82.0,0.297,77.0,128,6,1,1,3,1,*97H/8D,,caveja01,2024,Right
245,Amed Rosario,28,3TM,2LG,-0.1,103,346,332,29,93,18,3,3,32,13,5,9,73,0.28,0.306,0.38,0.686,94.0,0.312,98.0,126,10,4,0,1,0,49DH56,,rosaram01,2024,Right
245,Amed Rosario,28,2TM,NL,-0.6,27,71,68,7,12,1,0,1,6,4,1,2,25,0.176,0.211,0.235,0.447,23.0,0.231,29.0,16,1,1,0,0,0,D/H4965,,rosaram01,2024,Right
245,Amed Rosario,28,TBR,AL,0.5,76,275,264,22,81,17,3,2,26,9,4,7,48,0.307,0.331,0.417,0.748,114.0,0.333,116.0,110,9,3,0,1,0,4956DH,,rosaram01,2024,Right
245,Amed Rosario,28,LAD,NL,0.1,5,12,11,1,3,1,0,0,2,1,1,1,2,0.273,0.333,0.364,0.697,98.0,0.281,96.0,4,0,0,0,0,0,/46H5,,rosaram01,2024,Right
245,Amed Rosario,28,CIN,NL,-0.6,22,59,57,6,9,0,0,1,4,3,0,1,23,0.158,0.186,0.211,0.397,9.0,0.221,16.0,12,1,1,0,0,0,D/9H4,,rosaram01,2024,Right
246,Tyrone Taylor,30,NYM,NL,2.0,130,345,319,47,79,22,3,7,35,11,2,19,80,0.248,0.299,0.401,0.701,98.0,0.317,102.0,128,4,5,1,1,1,*98H7/D,,tayloty01,2024,Right
247,Manuel Margot,29,MIN,AL,-0.9,129,343,315,37,75,17,1,4,31,5,0,21,54,0.238,0.289,0.337,0.626,76.0,0.281,72.0,106,10,3,1,3,0,*79H8/D,,margoma01,2024,Right
248,Francisco Alvarez,22,NYM,NL,0.8,100,342,308,39,73,14,2,11,47,1,1,30,86,0.237,0.307,0.403,0.71,100.0,0.319,107.0,124,7,2,0,2,0,2/HD,,alvarfr01,2024,Right
249,Travis d'Arnaud,35,ATL,NL,1.1,99,341,307,40,73,16,0,15,48,1,0,24,89,0.238,0.302,0.436,0.739,103.0,0.32,101.0,134,8,6,0,4,0,2H,,darnatr01,2024,Right
250,Tyler Fitzgerald,26,SFG,NL,2.8,96,341,314,53,88,19,2,15,34,17,4,22,108,0.28,0.334,0.497,0.831,135.0,0.367,140.0,156,2,4,0,1,0,6H/8471D3,,fitzgty01,2024,Right
251,TJ Friedl*,28,CIN,NL,0.5,85,341,297,35,67,5,1,13,55,9,1,26,52,0.226,0.31,0.38,0.69,88.0,0.313,88.0,113,1,12,2,4,0,8/HD,,friedtj01,2024,Right
252,Kyle Tucker*,27,HOU,AL,4.7,78,339,277,56,80,13,0,23,49,11,0,56,54,0.289,0.408,0.585,0.993,179.0,0.426,179.0,162,5,1,0,2,3,9/DH,AS,tuckeky01,2024,Right
253,Jake Rogers,29,DET,AL,1.0,102,337,310,43,61,16,1,10,36,1,0,22,99,0.197,0.255,0.352,0.607,70.0,0.27,69.0,109,6,3,0,2,1,2/DH,,rogerja03,2024,Right
254,Miguel Rojas,35,LAD,NL,3.4,103,337,307,41,87,21,0,6,36,8,2,23,34,0.283,0.337,0.41,0.748,111.0,0.329,112.0,126,8,3,2,2,0,64H5/13,,rojasmi02,2024,Right
255,Bo Bichette,26,TOR,AL,-0.3,81,336,311,29,70,16,1,4,31,5,1,20,64,0.225,0.277,0.322,0.598,70.0,0.269,68.0,100,12,3,0,2,1,6,,bichebo01,2024,Right
256,James Wood*,21,WSN,NL,1.1,79,336,295,43,78,13,4,9,41,14,8,39,97,0.264,0.354,0.427,0.781,121.0,0.343,124.0,126,1,2,0,0,1,7,,woodja03,2024,Right
257,Nick Fortes,27,MIA,NL,0.0,110,335,308,28,70,16,0,4,29,0,1,11,41,0.227,0.259,0.318,0.577,60.0,0.249,44.0,98,6,4,7,5,0,*2/H,,forteni01,2024,Right
258,Whit Merrifield,35,2TM,NL,0.3,95,335,293,44,65,9,3,4,15,17,3,35,52,0.222,0.311,0.314,0.625,75.0,0.307,87.0,92,7,3,4,0,0,475H/D,,merriwh01,2024,Right
258,Whit Merrifield,35,PHI,NL,0.1,53,174,156,21,31,4,1,3,11,11,1,15,19,0.199,0.277,0.295,0.572,60.0,0.292,74.0,46,2,2,1,0,0,745H/D,,merriwh01,2024,Right
258,Whit Merrifield,35,ATL,NL,0.2,42,161,137,23,34,5,2,1,4,6,2,20,33,0.248,0.348,0.336,0.684,93.0,0.323,101.0,46,5,1,3,0,0,4/H5,,merriwh01,2024,Right
259,Michael Siani*,24,STL,NL,0.7,124,334,298,42,68,7,2,2,20,20,3,21,92,0.228,0.285,0.285,0.57,62.0,0.265,54.0,85,2,3,11,1,0,*8H/97D,,sianimi01,2024,Right
260,Adam Duvall,35,ATL,NL,-1.4,104,330,303,29,55,10,0,11,30,0,0,21,99,0.182,0.245,0.323,0.569,57.0,0.262,59.0,98,6,5,0,1,0,79H/D,,duvalad01,2024,Right
261,Ben Rortvedt*,26,TBR,AL,0.9,112,328,290,27,66,13,0,3,31,1,0,34,88,0.228,0.317,0.303,0.621,80.0,0.287,83.0,88,6,4,0,0,0,*2H/1,,rortvbe01,2024,Right
262,Oswaldo Cabrera#,25,NYY,AL,1.3,108,326,299,47,74,11,0,8,36,4,2,21,63,0.247,0.296,0.365,0.661,88.0,0.3,90.0,109,6,1,2,3,0,5H34/6791,,cabreos01,2024,Right
263,Royce Lewis,25,MIN,AL,0.7,82,325,292,40,68,16,0,16,47,0,0,28,74,0.233,0.295,0.452,0.747,107.0,0.315,99.0,132,5,0,0,5,2,5D/H4,,lewisro02,2024,Right
264,Zach McKinstry*,29,DET,AL,0.8,118,325,297,32,64,14,5,4,23,16,0,24,69,0.215,0.277,0.337,0.614,73.0,0.288,74.0,100,3,2,0,2,0,65H479/1D,,mckinza01,2024,Right
265,Danny Jansen,29,2TM,AL,0.7,92,324,278,35,57,13,0,9,24,0,0,40,61,0.205,0.309,0.349,0.658,87.0,0.302,91.0,97,4,3,0,3,0,2H/D,,janseda01,2024,Right
265,Danny Jansen,29,TOR,AL,0.6,62,228,198,27,42,13,0,6,18,0,0,25,42,0.212,0.303,0.369,0.671,90.0,0.3,92.0,73,1,2,0,3,0,2/HD,,janseda01,2024,Right
265,Danny Jansen,29,BOS,AL,0.1,30,96,80,8,15,0,0,3,6,0,0,15,19,0.188,0.323,0.3,0.623,78.0,0.307,90.0,24,3,1,0,0,0,2/HD,,janseda01,2024,Right
266,Miguel Andujar,29,OAK,AL,0.4,75,319,302,31,86,14,1,4,30,3,2,13,42,0.285,0.32,0.377,0.697,103.0,0.308,103.0,114,10,3,0,1,0,7/D3H,,andujmi01,2024,Right
267,Eddie Rosario*,32,2TM,NL,-1.6,91,319,297,33,52,12,0,10,35,9,1,16,77,0.175,0.215,0.316,0.531,48.0,0.241,43.0,94,4,0,2,4,0,79D8/H,,rosared01,2024,Right
267,Eddie Rosario*,32,WSN,NL,-1.2,67,235,219,26,40,11,0,7,26,8,1,13,54,0.183,0.226,0.329,0.555,55.0,0.254,54.0,72,4,0,1,2,0,97D8/H,,rosared01,2024,Right
267,Eddie Rosario*,32,ATL,NL,-0.4,24,84,78,7,12,1,0,3,9,1,0,3,23,0.154,0.181,0.282,0.463,27.0,0.202,13.0,22,0,0,1,2,0,7/H,,rosared01,2024,Right
268,David Hamilton*,26,BOS,AL,2.6,98,317,294,47,73,17,1,8,28,33,4,22,80,0.248,0.303,0.395,0.697,96.0,0.331,95.0,116,1,1,0,0,0,64H,,hamilda03,2024,Right
269,Richie Palacios*,27,TBR,AL,1.8,92,316,264,46,59,8,1,5,21,19,1,45,67,0.223,0.346,0.318,0.664,94.0,0.318,96.0,84,5,5,0,1,2,497H/D56,,palacri01,2024,Right
270,Christian Vázquez,33,MIN,AL,-0.2,93,315,294,29,65,10,0,7,27,3,1,11,65,0.221,0.248,0.327,0.575,60.0,0.262,60.0,96,11,1,5,4,0,2/5DH3,,vazquch01,2024,Right
271,Christian Yelich*,32,MIL,NL,2.2,73,315,270,44,85,12,3,11,42,21,1,40,58,0.315,0.406,0.504,0.909,152.0,0.404,151.0,136,3,2,1,1,3,7D,AS,yelicch01,2024,Right
272,Kevin Pillar,35,2TM,AL,0.4,100,314,284,38,65,16,1,8,45,12,3,16,69,0.229,0.291,0.377,0.667,87.0,0.298,86.0,107,10,10,1,3,0,8H79D,,pillake01,2024,Right
272,Kevin Pillar,35,CHW,AL,0.0,17,32,25,1,4,2,0,1,4,2,0,4,8,0.16,0.29,0.36,0.65,85.0,0.303,83.0,9,0,1,1,1,0,/H89D,,pillake01,2024,Right
272,Kevin Pillar,35,LAA,AL,0.3,83,282,259,37,61,14,1,7,41,10,3,12,61,0.236,0.291,0.378,0.669,88.0,0.298,86.0,98,10,9,0,2,0,8H79/D,,pillake01,2024,Right
273,Joey Meneses,32,WSN,NL,-0.5,76,313,281,19,65,11,0,3,42,2,0,21,63,0.231,0.291,0.302,0.593,69.0,0.28,76.0,85,9,5,0,6,1,3D/H,,menesjo01,2024,Right
274,Carson Kelly,29,2TM,AL,0.5,91,313,281,32,67,9,1,9,37,0,0,25,55,0.238,0.313,0.374,0.687,96.0,0.305,95.0,105,6,6,0,1,0,2/DH,,kellyca02,2024,Right
274,Carson Kelly,29,DET,AL,0.7,60,203,179,21,43,4,1,7,29,0,0,17,40,0.24,0.325,0.391,0.716,102.0,0.315,102.0,70,3,6,0,1,0,2/HD,,kellyca02,2024,Right
274,Carson Kelly,29,TEX,AL,-0.2,31,110,102,11,24,5,0,2,8,0,0,8,15,0.235,0.291,0.343,0.634,85.0,0.286,83.0,35,3,0,0,0,0,2/DH,,kellyca02,2024,Right
275,Kevin Newman,30,ARI,NL,2.2,111,311,288,41,80,17,1,3,28,8,1,15,48,0.278,0.311,0.375,0.686,90.0,0.313,92.0,108,7,0,6,2,1,643/H57D,,newmake01,2024,Right
276,Donovan Solano,36,SDP,NL,1.0,96,309,283,31,81,13,0,8,35,2,1,22,65,0.286,0.343,0.417,0.76,112.0,0.339,116.0,118,6,3,0,1,0,5DH3/4,,solando01,2024,Right
277,Ramón Laureano,29,2TM,2LG,1.3,98,309,286,35,74,16,1,11,33,8,3,15,96,0.259,0.311,0.437,0.748,107.0,0.337,114.0,125,5,7,0,1,0,97H8,,laurera01,2024,Right
277,Ramón Laureano,29,CLE,AL,0.0,31,83,70,7,10,3,0,1,4,3,1,7,32,0.143,0.265,0.229,0.494,43.0,0.248,52.0,16,1,5,0,1,0,98/H,,laurera01,2024,Right
277,Ramón Laureano,29,ATL,NL,1.3,67,226,216,28,64,13,1,10,29,5,2,8,64,0.296,0.327,0.505,0.832,128.0,0.37,136.0,109,4,2,0,0,0,97/H8,,laurera01,2024,Right
278,Rob Refsnyder,33,BOS,AL,0.8,93,307,272,32,77,16,1,11,40,2,2,28,78,0.283,0.359,0.471,0.83,133.0,0.354,126.0,128,6,5,0,1,2,79HD,,refsnro01,2024,Right
279,Dominic Smith*,29,2TM,2LG,-0.1,93,307,275,33,64,22,0,6,34,1,1,28,76,0.233,0.313,0.378,0.691,94.0,0.308,91.0,104,7,4,0,0,0,3H/D1,,smithdo02,2024,Right
279,Dominic Smith*,29,BOS,AL,0.0,84,278,249,29,59,20,0,6,34,1,1,25,65,0.237,0.317,0.39,0.706,99.0,0.314,96.0,97,7,4,0,0,0,3H/D1,,smithdo02,2024,Right
279,Dominic Smith*,29,CIN,NL,-0.1,9,29,26,4,5,2,0,0,0,0,0,3,11,0.192,0.276,0.269,0.545,50.0,0.25,45.0,7,0,0,0,0,0,/3DH,,smithdo02,2024,Right
280,Luis Rengifo#,27,LAA,AL,1.9,78,304,283,41,85,13,1,6,30,24,7,16,44,0.3,0.347,0.417,0.763,115.0,0.344,116.0,118,6,4,1,0,0,54/H69D,,rengilu01,2024,Right
281,Xavier Edwards#,24,MIA,NL,2.0,70,303,265,39,87,12,5,1,26,31,4,33,52,0.328,0.397,0.423,0.82,129.0,0.383,128.0,112,0,0,1,4,1,6/H4,,edwarxa01,2024,Right
282,Ildemaro Vargas#,32,WSN,NL,-0.5,95,303,272,21,67,16,0,1,30,9,4,19,31,0.246,0.295,0.316,0.611,74.0,0.273,72.0,86,9,2,5,5,0,547H/613D,,vargail01,2024,Right
283,Emmanuel Rivera,28,2TM,2LG,-0.4,123,302,265,24,63,9,2,5,29,2,0,26,69,0.238,0.312,0.343,0.656,84.0,0.295,80.0,91,7,5,1,5,0,53H/1D,,riverem01,2024,Right
283,Emmanuel Rivera,28,MIA,NL,-0.7,96,229,201,15,43,6,1,1,15,2,0,20,51,0.214,0.294,0.269,0.563,58.0,0.263,53.0,54,5,4,1,3,0,53H/1D,,riverem01,2024,Right
283,Emmanuel Rivera,28,BAL,AL,0.2,27,73,64,9,20,3,1,4,14,0,0,6,18,0.313,0.37,0.578,0.948,170.0,0.392,165.0,37,2,1,0,2,0,5/3HD,,riverem01,2024,Right
284,Edouard Julien*,25,MIN,AL,-0.2,94,301,266,36,53,9,0,8,21,6,0,33,102,0.199,0.292,0.323,0.616,74.0,0.288,76.0,86,2,2,0,0,0,4H/D3,,julieed01,2024,Right
285,Ramón Urías,30,BAL,AL,1.5,100,301,272,39,69,9,2,11,37,1,1,23,55,0.254,0.322,0.423,0.745,114.0,0.326,117.0,115,0,5,0,1,0,5/H4D3,,uriasra01,2024,Right
286,Michael A. Taylor,33,PIT,NL,0.9,113,300,269,35,52,9,1,5,21,12,1,23,105,0.193,0.253,0.29,0.543,52.0,0.255,47.0,78,3,0,4,4,0,8H/7D,,taylomi02,2024,Right
287,Luis Campusano,25,SDP,NL,-0.7,91,299,277,37,63,13,0,8,40,0,0,20,41,0.227,0.281,0.361,0.642,78.0,0.287,78.0,100,11,1,0,1,0,2H/3,,campulu01,2024,Right
288,Parker Meadows*,24,DET,AL,2.2,82,298,270,39,66,12,6,9,28,9,4,25,76,0.244,0.31,0.433,0.743,107.0,0.324,108.0,117,0,1,1,1,0,8/H,,meadopa01,2024,Right
289,Nolan Jones*,26,COL,NL,-0.7,79,297,256,28,58,13,1,3,28,5,4,36,91,0.227,0.321,0.32,0.641,73.0,0.289,73.0,82,7,1,1,3,2,7/DH,,jonesno01,2024,Right
290,Kerry Carpenter*,26,DET,AL,2.2,87,296,264,37,75,16,5,18,57,0,2,22,75,0.284,0.345,0.587,0.932,157.0,0.386,156.0,155,5,4,0,3,1,9DH/7,,carpeke01,2024,Right
291,Víctor Robles,27,2TM,2LG,3.1,91,295,254,44,78,20,0,4,28,34,2,21,53,0.307,0.381,0.433,0.814,139.0,0.384,143.0,110,2,11,6,3,0,897/HD,,roblevi01,2024,Right
291,Víctor Robles,27,WSN,NL,0.1,14,33,25,3,3,0,0,0,2,4,1,5,9,0.12,0.281,0.12,0.401,20.0,0.254,48.0,3,0,1,1,1,0,/89H,,roblevi01,2024,Right
291,Víctor Robles,27,SEA,AL,3.1,77,262,229,41,75,20,0,4,26,30,1,16,44,0.328,0.393,0.467,0.86,153.0,0.4,155.0,107,2,10,5,2,0,897/HD,,roblevi01,2024,Right
292,Adam Frazier*,32,KCR,AL,0.3,104,294,262,35,53,10,1,4,22,3,0,22,59,0.202,0.282,0.294,0.576,65.0,0.269,64.0,77,0,7,3,0,0,4H9D7/53,,fraziad01,2024,Right
293,Max Muncy*,33,LAD,NL,3.0,73,293,237,47,55,17,0,15,48,1,0,45,77,0.232,0.358,0.494,0.852,139.0,0.361,136.0,117,1,5,0,6,3,5/H,,muncyma01,2024,Right
294,Jose Iglesias,34,NYM,NL,3.1,85,291,270,39,91,16,1,4,26,6,2,12,39,0.337,0.381,0.448,0.83,136.0,0.361,136.0,121,4,8,0,1,1,45/H6,,iglesjo01,2024,Right
295,Javier Báez,31,DET,AL,-1.1,80,289,272,25,50,12,0,6,37,8,1,12,69,0.184,0.221,0.294,0.516,44.0,0.236,41.0,80,10,2,0,3,1,6/H,,baezja01,2024,Right
296,Ezequiel Durán,25,TEX,AL,0.0,92,285,268,26,66,11,0,3,20,1,2,14,63,0.246,0.288,0.321,0.609,78.0,0.273,75.0,86,6,2,0,1,0,573DH/6498,,duranez01,2024,Right
297,Joey Bart,27,PIT,NL,2.2,80,282,253,38,67,11,0,13,45,0,0,22,73,0.265,0.337,0.462,0.799,121.0,0.349,121.0,117,8,6,0,1,0,2D/H,,bartjo01,2024,Right
298,Jacob Stallings,34,COL,NL,1.8,82,281,243,31,64,17,1,9,36,0,0,27,65,0.263,0.357,0.453,0.81,116.0,0.355,119.0,110,10,9,1,1,1,2/HD,,stallja01,2024,Right
299,Kevin Kiermaier*,34,2TM,2LG,1.0,116,281,259,31,51,9,3,5,26,6,2,12,86,0.197,0.237,0.313,0.55,55.0,0.253,56.0,81,4,2,7,1,0,*8H/9D,,kiermke01,2024,Right
299,Kevin Kiermaier*,34,TOR,AL,0.9,82,217,200,24,39,7,2,4,18,5,0,10,66,0.195,0.236,0.31,0.546,54.0,0.25,51.0,62,3,1,5,1,0,8/H9D,,kiermke01,2024,Right
299,Kevin Kiermaier*,34,LAD,NL,0.1,34,64,59,7,12,2,1,1,8,1,2,2,20,0.203,0.242,0.322,0.564,58.0,0.263,74.0,19,1,1,2,0,0,8/H,,kiermke01,2024,Right
300,Gary Sánchez,31,MIL,NL,0.2,89,280,245,30,54,7,1,11,37,0,0,27,76,0.22,0.307,0.392,0.699,94.0,0.312,94.0,96,9,5,0,3,0,D2H/3,,sanchga02,2024,Right
301,Randal Grichuk,32,ARI,NL,2.2,106,279,254,40,74,20,2,12,46,0,0,20,46,0.291,0.348,0.528,0.875,139.0,0.377,142.0,134,5,3,0,2,0,9DH7,,grichra01,2024,Right
302,Vidal Bruján#,26,MIA,NL,0.5,102,278,248,32,55,14,2,2,16,5,6,25,54,0.222,0.303,0.319,0.622,74.0,0.271,64.0,79,5,4,1,0,3,46H58/9713,,brujavi01,2024,Right
303,Tyler Nevin,27,OAK,AL,-0.2,87,278,245,22,50,10,0,7,20,1,0,25,64,0.204,0.288,0.331,0.618,80.0,0.279,80.0,81,5,5,0,3,0,359H7/D,,nevinty01,2024,Right
304,Jack Suwinski*,25,PIT,NL,-1.7,88,277,247,29,45,8,0,9,26,9,1,27,79,0.182,0.264,0.324,0.588,64.0,0.277,66.0,80,3,1,1,1,2,879H,,suwinja01,2024,Right
305,Nick Gordon*,28,MIA,NL,-1.7,95,275,260,29,59,11,1,8,32,5,5,11,67,0.227,0.258,0.369,0.627,72.0,0.263,58.0,96,5,1,0,3,0,7H8/49D,,gordoni01,2024,Right
306,Victor Caratini#,30,HOU,AL,1.3,87,274,245,30,66,8,1,8,30,0,1,23,53,0.269,0.336,0.408,0.744,111.0,0.325,113.0,100,6,3,0,3,1,2H3/D,,caratvi01,2024,Right
307,Edmundo Sosa,28,PHI,NL,2.3,90,274,249,39,64,12,4,7,31,7,1,13,66,0.257,0.313,0.422,0.734,102.0,0.33,107.0,105,5,8,1,2,0,654H,,sosaed01,2024,Right
308,Jonah Bride,28,MIA,NL,0.8,71,272,232,30,64,10,0,11,39,0,1,30,55,0.276,0.357,0.461,0.818,125.0,0.355,122.0,107,9,3,0,7,1,3D5/4H,,bridejo01,2024,Right
309,Brett Wisely*,25,SFG,NL,0.5,91,272,252,25,60,13,1,4,31,2,3,13,65,0.238,0.278,0.345,0.623,78.0,0.271,77.0,87,3,2,2,3,0,46H/538,,wiselbr01,2024,Right
310,Chas McCormick,29,HOU,AL,-0.6,94,267,242,32,51,6,1,5,27,8,2,17,72,0.211,0.271,0.306,0.576,64.0,0.274,71.0,74,3,4,1,3,0,798/H,,mccorch01,2024,Right
311,Nick Senzel,29,2TM,2LG,-1.4,74,267,236,25,46,11,0,7,18,1,3,28,61,0.195,0.283,0.331,0.614,74.0,0.271,74.0,78,6,1,1,0,1,5D/H9,,senzeni01,2024,Right
311,Nick Senzel,29,WSN,NL,-0.7,64,235,206,25,43,10,0,7,18,1,3,27,53,0.209,0.303,0.359,0.663,88.0,0.291,89.0,74,6,1,0,0,1,5D/H,,senzeni01,2024,Right
311,Nick Senzel,29,CHW,AL,-0.7,10,32,30,0,3,1,0,0,0,0,0,1,8,0.1,0.129,0.133,0.262,-24.0,0.12,-41.0,4,0,0,1,0,0,/5D9H,,senzeni01,2024,Right
312,Dylan Carlson#,25,2TM,2LG,-1.2,96,265,235,19,49,7,0,3,25,2,1,22,75,0.209,0.287,0.277,0.563,62.0,0.256,58.0,65,2,5,0,3,0,798H/D,,carlsdy01,2024,Right
312,Dylan Carlson#,25,STL,NL,-1.0,59,138,121,12,24,5,0,0,11,0,1,12,37,0.198,0.275,0.24,0.515,48.0,0.233,42.0,29,2,2,0,3,0,98H/7D,,carlsdy01,2024,Right
312,Dylan Carlson#,25,TBR,AL,-0.3,37,127,114,7,25,2,0,3,14,2,0,10,38,0.219,0.299,0.316,0.615,78.0,0.281,77.0,36,0,3,0,0,0,7/H9D,,carlsdy01,2024,Right
313,Sean Murphy,29,ATL,NL,1.3,72,264,233,19,45,5,1,10,25,0,0,27,67,0.193,0.284,0.352,0.636,76.0,0.293,81.0,82,7,3,0,1,1,2/H,,murphse01,2024,Right
314,Kyle Higashioka,34,SDP,NL,1.4,84,263,246,29,54,10,1,17,45,2,0,15,74,0.22,0.263,0.476,0.739,101.0,0.324,103.0,117,3,0,1,1,0,2/H,,higasky01,2024,Right
315,Joey Loperfido*,25,2TM,AL,0.5,81,262,243,24,52,13,4,4,25,4,2,13,95,0.214,0.264,0.35,0.614,73.0,0.275,74.0,85,3,4,1,1,0,789/H3D,,loperjo01,2024,Right
315,Joey Loperfido*,25,HOU,AL,0.3,38,118,106,11,25,5,1,2,16,2,1,7,43,0.236,0.299,0.358,0.658,87.0,0.289,85.0,38,1,3,1,1,0,79/H83D,,loperjo01,2024,Right
315,Joey Loperfido*,25,TOR,AL,0.2,43,144,137,13,27,8,3,2,9,2,1,6,52,0.197,0.236,0.343,0.579,62.0,0.263,65.0,47,2,1,0,0,0,78/H3D,,loperjo01,2024,Right
316,Matt Wallner*,26,MIN,AL,2.2,75,261,220,26,57,17,1,13,37,3,0,24,95,0.259,0.372,0.523,0.894,149.0,0.387,149.0,115,2,16,0,1,0,97DH/1,,wallnma01,2024,Right
317,Joey Gallo*,30,WSN,NL,0.3,76,260,223,24,36,9,0,10,27,3,1,32,102,0.161,0.277,0.336,0.613,73.0,0.282,78.0,75,1,4,0,1,0,3/9HD7,,gallojo01,2024,Right
318,David Peralta*,36,SDP,NL,0.8,91,260,236,35,63,11,0,8,28,2,0,22,54,0.267,0.335,0.415,0.75,109.0,0.335,112.0,98,3,2,0,0,0,9HD7,,peralda01,2024,Right
319,Iván Herrera,24,STL,NL,1.7,72,259,229,37,69,12,1,5,27,5,0,25,53,0.301,0.372,0.428,0.8,126.0,0.362,129.0,98,3,2,0,2,0,2D/H,,herreiv01,2024,Right
320,Jason Heyward*,34,2TM,2LG,1.2,87,258,228,33,48,12,2,10,37,5,0,22,53,0.211,0.288,0.412,0.7,96.0,0.304,92.0,94,3,4,0,3,2,9H/78,,heywaja01,2024,Right
320,Jason Heyward*,34,LAD,NL,0.8,63,197,173,25,36,10,2,6,28,4,0,17,36,0.208,0.289,0.393,0.682,92.0,0.3,90.0,68,3,4,0,3,0,9/H8,,heywaja01,2024,Right
320,Jason Heyward*,34,HOU,AL,0.3,24,61,55,8,12,2,0,4,9,1,0,5,17,0.218,0.283,0.473,0.756,111.0,0.316,102.0,26,0,0,0,0,2,9/7H8,,heywaja01,2024,Right
321,Austin Martin,25,MIN,AL,-1.0,93,257,233,41,59,18,1,1,16,7,3,20,47,0.253,0.318,0.352,0.67,89.0,0.299,87.0,82,4,2,2,0,0,78H4/D,,martiau01,2024,Right
322,Austin Hays,28,2TM,2LG,-0.1,85,255,235,26,60,18,0,5,20,2,2,9,59,0.255,0.303,0.396,0.699,98.0,0.306,101.0,93,2,8,1,2,1,7H/9D,,haysau01,2024,Right
322,Austin Hays,28,BAL,AL,0.2,63,175,157,18,40,13,0,3,14,0,1,9,40,0.255,0.316,0.395,0.711,105.0,0.316,112.0,62,1,6,1,2,1,7H/9D,,haysau01,2024,Right
322,Austin Hays,28,PHI,NL,-0.3,22,80,78,8,20,5,0,2,6,2,1,0,19,0.256,0.275,0.397,0.672,84.0,0.286,79.0,31,1,2,0,0,0,7/H,,haysau01,2024,Right
323,Willie Calhoun*,29,LAA,AL,-0.2,68,254,229,26,56,16,0,5,20,0,1,23,31,0.245,0.315,0.38,0.695,96.0,0.301,92.0,87,5,1,0,1,1,D/H37,,calhowi01,2024,Right
324,Taylor Walls#,27,TBR,AL,1.4,84,252,218,27,40,5,3,1,14,16,4,31,67,0.183,0.282,0.248,0.529,55.0,0.251,53.0,54,3,0,0,3,0,6/HD,,wallsta01,2024,Right
325,Juan Yepez,26,WSN,NL,0.6,62,249,226,32,64,15,0,6,26,2,1,18,42,0.283,0.335,0.429,0.764,115.0,0.337,118.0,97,9,1,1,3,0,3D/H,,yepezju01,2024,Right
326,Elehuris Montero,25,COL,NL,-1.7,67,247,224,23,46,10,0,4,28,0,0,20,56,0.205,0.267,0.304,0.571,53.0,0.265,54.0,68,7,0,0,3,0,3D/H,,monteel01,2024,Right
327,Chris Taylor,33,LAD,NL,-0.1,87,246,213,28,43,7,1,4,23,5,1,28,76,0.202,0.298,0.3,0.598,71.0,0.289,82.0,64,5,2,1,2,0,754H/8,,tayloch03,2024,Right
328,Harold Ramírez,29,2TM,2LG,-0.1,73,246,238,28,62,7,1,2,29,6,2,5,50,0.261,0.28,0.324,0.604,73.0,0.271,70.0,77,2,2,0,1,0,DH/97,,ramirha02,2024,Right
328,Harold Ramírez,29,TBR,AL,0.1,48,169,164,21,44,3,0,1,13,5,2,3,33,0.268,0.284,0.305,0.589,70.0,0.267,69.0,50,2,1,0,1,0,D/H97,,ramirha02,2024,Right
328,Harold Ramírez,29,WSN,NL,-0.2,25,77,74,7,18,4,1,1,16,1,0,2,17,0.243,0.273,0.365,0.638,79.0,0.278,74.0,27,0,1,0,0,0,D/H,,ramirha02,2024,Right
329,Robbie Grossman#,34,3TM,AL,-0.3,87,245,208,21,44,8,0,3,16,3,0,34,58,0.212,0.322,0.293,0.616,81.0,0.291,84.0,61,8,1,0,2,0,DH79,,grossro01,2024,Right
329,Robbie Grossman#,34,CHW,AL,-0.1,25,85,71,6,15,4,0,0,4,2,0,13,20,0.211,0.329,0.268,0.597,74.0,0.295,85.0,19,2,0,0,1,0,9/H7D,,grossro01,2024,Right
329,Robbie Grossman#,34,TEX,AL,0.2,46,122,105,13,25,4,0,3,10,1,0,16,25,0.238,0.336,0.362,0.698,105.0,0.318,104.0,38,5,0,0,1,0,DH7/9,,grossro01,2024,Right
329,Robbie Grossman#,34,KCR,AL,-0.4,16,38,32,2,4,0,0,0,2,0,0,5,13,0.125,0.263,0.125,0.388,16.0,0.201,17.0,4,1,1,0,0,0,D/H79,,grossro01,2024,Right
330,Andy Ibáñez,31,DET,AL,1.4,99,244,224,30,54,9,1,5,32,2,3,15,63,0.241,0.295,0.357,0.652,84.0,0.289,86.0,80,2,3,0,2,0,H453/7D6,,ibanean01,2024,Right
331,Triston Casas*,24,BOS,AL,0.6,63,243,212,28,51,8,0,13,32,0,1,30,77,0.241,0.337,0.462,0.8,124.0,0.34,116.0,98,6,1,0,0,4,3/HD,,casastr01,2024,Right
332,Yasmani Grandal#,35,PIT,NL,0.6,72,243,215,26,49,10,0,9,27,1,0,24,46,0.228,0.304,0.4,0.704,96.0,0.327,105.0,86,7,0,3,1,0,2/H3,,grandya01,2024,Right
333,Kyle Farmer,33,MIN,AL,-0.3,107,242,215,26,46,13,1,5,25,3,5,19,49,0.214,0.293,0.353,0.647,82.0,0.281,80.0,76,6,6,0,2,1,45H6/13D,,farmeky01,2024,Right
334,Wilmer Flores,32,SFG,NL,-0.6,71,242,214,19,44,12,0,4,26,0,0,20,33,0.206,0.277,0.318,0.595,71.0,0.274,76.0,68,5,3,0,5,1,3H/D5,,florewi01,2024,Right
335,Noelvi Marté,22,CIN,NL,-1.8,66,242,229,24,48,9,0,4,18,9,3,9,75,0.21,0.248,0.301,0.549,49.0,0.244,40.0,69,1,3,0,1,0,5D/H4,,marteno01,2024,Right
336,Tim Anderson,31,MIA,NL,-1.5,65,241,234,16,50,3,0,0,9,4,4,7,68,0.214,0.237,0.226,0.463,30.0,0.204,15.0,53,6,0,0,0,0,6/H,,anderti01,2024,Right
337,Dominic Fletcher*,26,CHW,AL,-0.3,72,241,223,14,46,8,0,1,17,0,0,11,58,0.206,0.252,0.256,0.508,46.0,0.225,38.0,57,5,3,2,1,1,98/H7,,fletcdo01,2024,Right
338,Anthony Rendon,34,LAA,AL,0.6,57,238,206,21,45,10,0,0,14,6,1,23,35,0.218,0.307,0.267,0.574,65.0,0.283,75.0,55,4,5,0,4,0,5/D,,rendoan01,2024,Right
339,Miguel Vargas,24,2TM,2LG,-0.8,72,237,206,22,31,7,0,5,16,3,1,25,57,0.15,0.249,0.257,0.506,45.0,0.244,52.0,53,4,3,0,3,0,57/HD3,,vargami01,2024,Right
339,Miguel Vargas,24,LAD,NL,0.3,30,80,71,11,17,4,0,3,9,1,0,8,16,0.239,0.313,0.423,0.735,106.0,0.319,104.0,30,1,0,0,1,0,7/H3,,vargami01,2024,Right
339,Miguel Vargas,24,CHW,AL,-1.0,42,157,135,11,14,3,0,2,7,2,1,17,41,0.104,0.217,0.17,0.387,13.0,0.205,25.0,23,3,3,0,2,0,5/D7H,,vargami01,2024,Right
340,Jose Trevino,31,NYY,AL,0.6,73,234,209,26,45,5,0,8,28,1,0,20,41,0.215,0.288,0.354,0.642,82.0,0.287,80.0,74,12,2,1,2,0,2/H1,,trevijo01,2024,Right
341,Stuart Fairchild,28,CIN,NL,1.0,94,233,209,33,45,8,0,8,30,13,1,17,60,0.215,0.286,0.368,0.654,77.0,0.314,83.0,77,1,4,2,1,0,8H97/D,,faircst01,2024,Right
342,James McCann,34,BAL,AL,0.8,65,233,214,27,50,9,0,8,31,1,0,13,56,0.234,0.279,0.388,0.667,91.0,0.293,93.0,83,3,2,0,4,0,2/1,,mccanja02,2024,Right
343,Garrett Hampson,29,KCR,AL,0.4,113,231,213,16,49,13,1,0,16,7,2,14,59,0.23,0.275,0.3,0.576,65.0,0.259,56.0,64,3,0,2,2,0,8H74/36951,,hampsga01,2024,Right
344,Justyn-Henry Malloy,24,DET,AL,-0.4,71,230,202,18,41,7,1,8,21,1,1,23,85,0.203,0.291,0.366,0.658,85.0,0.289,84.0,74,2,3,0,2,0,D7H/9,,malloju02,2024,Right
345,Nelson Velázquez,25,KCR,AL,-0.5,64,230,205,31,41,8,1,8,27,2,0,19,61,0.2,0.274,0.366,0.64,81.0,0.285,76.0,75,6,3,0,3,0,D97/H,,velazne01,2024,Right
346,DJ LeMahieu,35,NYY,AL,-1.6,67,228,201,19,41,5,0,2,26,0,1,19,35,0.204,0.269,0.259,0.527,52.0,0.244,51.0,52,13,1,1,6,0,35/H,,lemahdj01,2024,Right
347,Nick Ahmed,34,3TM,NL,-0.3,71,228,210,20,48,6,1,2,17,2,1,11,51,0.229,0.267,0.295,0.562,61.0,0.254,61.0,62,6,1,3,3,0,6/H4,,ahmedni01,2024,Right
347,Nick Ahmed,34,SFG,NL,-0.1,52,172,155,13,36,6,1,1,15,1,1,10,35,0.232,0.278,0.303,0.581,68.0,0.263,69.0,47,6,1,3,3,0,6/H,,ahmedni01,2024,Right
347,Nick Ahmed,34,LAD,NL,-0.1,17,49,48,6,11,0,0,1,2,1,0,1,14,0.229,0.245,0.292,0.537,52.0,0.241,47.0,14,0,0,0,0,0,6/H,,ahmedni01,2024,Right
347,Nick Ahmed,34,SDP,NL,-0.2,2,7,7,1,1,0,0,0,0,0,0,0,2,0.143,0.143,0.143,0.286,-19.0,0.128,-38.0,1,0,0,0,0,0,/46,,ahmedni01,2024,Right
348,Addison Barger*,24,TOR,AL,0.4,69,225,208,20,41,11,0,7,28,2,0,14,60,0.197,0.25,0.351,0.601,68.0,0.272,70.0,73,1,1,0,1,0,59H7/D,,bargead01,2024,Right
349,Hunter Goodman,24,COL,NL,-0.8,70,224,211,24,40,9,0,13,36,1,1,8,64,0.19,0.228,0.417,0.645,68.0,0.27,59.0,88,5,3,0,2,0,92DH/73,,goodmhu01,2024,Right
350,Garrett Mitchell*,25,MIL,NL,2.0,69,224,196,33,50,12,3,8,21,11,4,25,71,0.255,0.342,0.469,0.812,124.0,0.354,123.0,92,1,1,2,0,0,89H/D,,mitchga01,2024,Right
351,Cavan Biggio*,29,3TM,2LG,0.1,78,224,188,27,37,5,0,5,19,2,0,24,72,0.197,0.314,0.303,0.617,77.0,0.286,80.0,57,1,8,2,0,0,453H9/D,,biggica01,2024,Right
351,Cavan Biggio*,29,2TM,NL,-0.4,34,93,78,12,15,1,0,3,10,0,0,10,30,0.192,0.3,0.321,0.621,77.0,0.281,78.0,25,0,2,2,0,0,53/H49,,biggica01,2024,Right
351,Cavan Biggio*,29,TOR,AL,0.5,44,131,110,15,22,4,0,2,9,2,0,14,42,0.2,0.323,0.291,0.614,77.0,0.29,82.0,32,1,6,0,0,0,49/H35D,,biggica01,2024,Right
351,Cavan Biggio*,29,LAD,NL,-0.2,30,88,73,11,14,1,0,3,10,0,0,10,28,0.192,0.306,0.329,0.635,81.0,0.287,83.0,24,0,2,2,0,0,53/9H4,,biggica01,2024,Right
351,Cavan Biggio*,29,ATL,NL,-0.2,4,5,5,1,1,0,0,0,0,0,0,0,2,0.2,0.2,0.2,0.4,12.0,0.179,-2.0,1,0,0,0,0,0,/4H,,biggica01,2024,Right
352,Enmanuel Valdéz*,25,BOS,AL,-0.6,76,223,201,23,43,12,0,6,28,1,1,17,53,0.214,0.27,0.363,0.633,77.0,0.277,70.0,73,4,0,1,4,0,4H/D57,,valdeen01,2024,Right
353,Ronald Acuña Jr.,26,ATL,NL,0.0,49,222,192,38,48,8,1,4,15,16,3,27,53,0.25,0.351,0.365,0.716,101.0,0.343,110.0,70,4,3,0,0,0,9,,acunaro01,2024,Right
354,Daniel Schneemann*,27,CLE,AL,0.7,73,221,193,17,42,10,2,5,22,3,2,25,70,0.218,0.303,0.368,0.671,91.0,0.297,90.0,71,1,0,0,3,0,6589H/47D,,schneda04,2024,Right
355,Pedro Pagés,25,STL,NL,0.8,68,218,202,19,48,3,2,7,27,2,0,13,58,0.238,0.281,0.376,0.657,84.0,0.287,76.0,76,7,0,1,2,0,2/H3,,pagespe02,2024,Right
356,Romy González,27,BOS,AL,0.9,89,216,199,25,53,10,1,6,29,11,3,12,58,0.266,0.306,0.417,0.723,102.0,0.326,100.0,83,5,1,0,4,0,H4635/97D8,,gonzaro01,2024,Right
357,Tyler Soderstrom*,22,OAK,AL,0.5,61,213,189,18,44,10,0,9,26,0,0,20,53,0.233,0.315,0.429,0.743,114.0,0.33,118.0,81,7,3,0,1,1,3/H2,,soderty01,2024,Right
358,Austin Slater,31,3TM,2LG,-0.2,84,212,177,24,37,4,0,2,18,3,2,26,60,0.209,0.321,0.266,0.586,72.0,0.279,81.0,47,5,5,0,4,0,9H78/D,,slateau01,2024,Right
358,Austin Slater,31,2TM,NL,-0.7,51,133,108,14,20,1,0,1,12,2,1,18,37,0.185,0.308,0.222,0.53,56.0,0.26,64.0,24,3,3,0,4,0,9H7/8D,,slateau01,2024,Right
358,Austin Slater,31,SFG,NL,-0.3,43,112,90,12,18,1,0,1,9,2,1,16,31,0.2,0.33,0.244,0.575,70.0,0.28,81.0,22,3,3,0,3,0,9H/78D,,slateau01,2024,Right
358,Austin Slater,31,CIN,NL,-0.4,8,21,18,2,2,0,0,0,3,0,0,2,6,0.111,0.19,0.111,0.302,-14.0,0.151,-26.0,2,0,0,0,1,0,/87H9D,,slateau01,2024,Right
358,Austin Slater,31,BAL,AL,0.5,33,79,69,10,17,3,0,1,6,1,1,8,23,0.246,0.342,0.333,0.675,98.0,0.311,109.0,23,2,2,0,0,0,79H/8,,slateau01,2024,Right
359,Trey Lipscomb,24,WSN,NL,-0.1,61,211,190,20,38,3,0,1,10,11,2,16,40,0.2,0.268,0.232,0.5,44.0,0.248,48.0,44,7,2,1,1,0,5/3H4D,,lipsctr01,2024,Right
360,Leo Jiménez,23,TOR,AL,0.9,63,210,179,18,41,11,0,4,19,0,0,12,59,0.229,0.329,0.358,0.686,95.0,0.31,99.0,64,6,16,0,3,0,64/HD,,jimenle01,2024,Right
361,Trent Grisham*,27,NYY,AL,0.4,76,209,179,21,34,8,0,9,31,1,1,22,57,0.19,0.29,0.385,0.675,91.0,0.306,95.0,69,5,4,1,2,1,8H/D,,grishtr01,2024,Right
362,Kyle Stowers*,26,2TM,2LG,-0.5,69,209,192,15,40,11,2,3,24,0,1,13,74,0.208,0.268,0.333,0.601,67.0,0.27,64.0,64,2,3,0,1,0,79H8/D,,stoweky01,2024,Right
362,Kyle Stowers*,26,BAL,AL,0.2,19,37,36,3,11,4,0,1,9,0,1,0,13,0.306,0.297,0.5,0.797,126.0,0.346,141.0,18,0,0,0,1,0,/97HD,,stoweky01,2024,Right
362,Kyle Stowers*,26,MIA,NL,-0.7,50,172,156,12,29,7,2,2,15,0,0,13,61,0.186,0.262,0.295,0.556,55.0,0.254,48.0,46,2,3,0,0,0,78/9H,,stoweky01,2024,Right
363,Jackson Holliday*,20,BAL,AL,0.1,60,208,190,28,36,4,2,5,23,4,0,15,69,0.189,0.255,0.311,0.565,63.0,0.265,70.0,59,1,2,0,1,0,4/H6D,,hollija01,2024,Right
364,Jorge Mateo,29,BAL,AL,0.9,68,208,192,30,44,14,2,5,18,13,2,10,48,0.229,0.267,0.401,0.668,91.0,0.294,87.0,77,3,1,2,3,0,4/6H8D,,mateojo01,2024,Right
365,Travis Jankowski*,33,TEX,AL,0.3,104,207,190,19,38,5,0,1,12,11,1,12,44,0.2,0.266,0.242,0.508,51.0,0.256,54.0,46,3,5,0,0,0,9H7D8,,jankotr01,2024,Right
366,Jhonkensy Noel,22,CLE,AL,1.0,67,198,179,25,39,7,1,13,28,0,0,13,63,0.218,0.288,0.486,0.774,115.0,0.333,114.0,87,1,5,0,1,0,9H/3D7,,noeljh01,2024,Right
367,Edward Olivares,28,PIT,NL,-0.7,55,196,174,22,39,4,0,5,23,1,0,16,37,0.224,0.291,0.333,0.624,75.0,0.285,75.0,58,3,2,0,4,0,9/DH7,,olivaed02,2024,Right
368,DJ Stewart*,30,NYM,NL,-0.8,74,194,158,16,28,4,0,5,19,1,0,31,48,0.177,0.325,0.297,0.622,80.0,0.296,89.0,47,5,4,0,1,0,9HD7/3,,stewadj01,2024,Right
369,Connor Norby,24,2TM,2LG,0.2,45,194,178,32,42,9,0,9,20,3,3,15,64,0.236,0.294,0.438,0.732,101.0,0.309,93.0,78,2,0,0,1,0,54/D,,norbyco01,2024,Right
369,Connor Norby,24,BAL,AL,0.1,9,32,32,3,6,1,0,2,3,0,0,0,12,0.188,0.188,0.406,0.594,66.0,0.247,60.0,13,1,0,0,0,0,/4,,norbyco01,2024,Right
369,Connor Norby,24,MIA,NL,0.2,36,162,146,29,36,8,0,7,17,3,3,15,52,0.247,0.315,0.445,0.76,108.0,0.321,100.0,65,1,0,0,1,0,5/D4,,norbyco01,2024,Right
370,Corey Julks,28,CHW,AL,-1.1,66,189,173,17,37,7,0,3,14,5,2,15,50,0.214,0.275,0.306,0.581,67.0,0.261,64.0,53,6,0,0,1,0,97H/D8,,julksco01,2024,Right
371,Dominic Canzone*,26,SEA,AL,0.2,67,188,168,20,33,7,0,8,17,1,0,18,53,0.196,0.271,0.381,0.652,90.0,0.29,92.0,64,5,0,0,2,2,97H/D,,canzodo01,2024,Right
372,Josh Jung,26,TEX,AL,0.6,46,188,178,19,47,5,1,7,16,4,0,8,48,0.264,0.298,0.421,0.719,108.0,0.319,103.0,75,1,1,0,1,0,5/D,,jungjo01,2024,Right
373,Garrett Stubbs*,31,PHI,NL,0.4,54,187,164,18,34,4,1,1,11,5,0,17,50,0.207,0.296,0.262,0.558,57.0,0.271,63.0,43,0,4,0,1,0,2/1H,,stubbga01,2024,Right
374,Luis Guillorme*,29,3TM,2LG,0.3,77,187,161,14,33,9,1,0,10,4,2,23,36,0.205,0.301,0.273,0.574,64.0,0.268,65.0,44,7,0,1,2,0,45H/61D,,guilllu01,2024,Right
374,Luis Guillorme*,29,2TM,NL,0.2,27,70,57,8,9,4,0,0,7,3,0,12,13,0.158,0.3,0.228,0.528,51.0,0.261,51.0,13,3,0,0,1,0,4/H156D,,guilllu01,2024,Right
374,Luis Guillorme*,29,ATL,NL,-0.2,9,21,20,2,3,2,0,0,3,0,0,1,5,0.15,0.19,0.25,0.44,22.0,0.189,6.0,5,1,0,0,0,0,/416H,,guilllu01,2024,Right
374,Luis Guillorme*,29,LAA,AL,0.1,50,117,104,6,24,5,1,0,3,1,2,11,23,0.231,0.302,0.298,0.6,71.0,0.272,74.0,31,4,0,1,1,0,45/H61D,,guilllu01,2024,Right
374,Luis Guillorme*,29,ARI,NL,0.3,18,49,37,6,6,2,0,0,4,3,0,11,8,0.162,0.347,0.216,0.563,62.0,0.292,70.0,8,2,0,0,1,0,4/H5D,,guilllu01,2024,Right
375,Daz Cameron,27,OAK,AL,-0.5,66,186,170,22,34,5,1,5,15,5,0,13,51,0.2,0.258,0.329,0.587,70.0,0.268,69.0,56,3,1,0,2,0,79H8/D,,camerda01,2024,Right
376,Matt Thaiss*,29,LAA,AL,0.6,57,186,157,14,32,9,0,2,16,3,0,28,58,0.204,0.323,0.299,0.622,78.0,0.295,83.0,47,2,0,0,1,0,2/DH,,thaisma01,2024,Right
377,Blaze Alexander,25,ARI,NL,0.0,61,185,166,19,41,7,0,3,21,3,1,15,49,0.247,0.321,0.343,0.664,85.0,0.301,87.0,57,1,3,1,0,0,64D/H5,,alexabl01,2024,Right
378,Brooks Lee#,23,MIN,AL,-0.2,50,185,172,9,38,6,1,3,27,3,0,11,27,0.221,0.265,0.32,0.585,64.0,0.256,53.0,55,6,0,0,2,2,654/HD,,leebr02,2024,Right
379,Jordan Beck,23,COL,NL,-0.8,55,184,170,14,32,6,0,3,13,7,1,12,65,0.188,0.245,0.276,0.521,40.0,0.246,36.0,47,3,1,0,1,1,79/8H,,beckjo01,2024,Right
380,Cristian Pache,25,3TM,2LG,-0.2,88,183,165,13,33,8,1,1,16,1,0,17,64,0.2,0.273,0.279,0.552,54.0,0.251,49.0,46,2,0,0,1,0,8H7/9D,,pachecr01,2024,Right
380,Cristian Pache,25,2TM,NL,-0.3,85,182,164,13,32,8,1,1,16,1,0,17,64,0.195,0.269,0.274,0.544,52.0,0.248,47.0,45,2,0,0,1,0,8H7/D9,,pachecr01,2024,Right
380,Cristian Pache,25,PHI,NL,0.1,50,118,104,9,21,5,1,0,9,0,0,13,43,0.202,0.288,0.269,0.557,57.0,0.255,56.0,28,1,0,0,1,0,87H/D9,,pachecr01,2024,Right
380,Cristian Pache,25,BAL,AL,0.1,3,1,1,0,1,0,0,0,0,0,0,0,0,1.0,1.0,1.0,2.0,485.0,0.795,464.0,1,0,0,0,0,0,/9H,,pachecr01,2024,Right
380,Cristian Pache,25,MIA,NL,-0.4,35,64,60,4,11,3,0,1,7,1,0,4,21,0.183,0.234,0.283,0.518,43.0,0.235,31.0,17,1,0,0,0,0,8/HD,,pachecr01,2024,Right
381,Alex Kirilloff*,26,MIN,AL,-0.6,57,178,159,20,32,8,3,5,20,0,0,15,47,0.201,0.27,0.384,0.653,81.0,0.287,79.0,61,5,1,0,3,0,7D3/H9,,kirilal01,2024,Right
382,Ben Rice*,25,NYY,AL,-0.4,50,178,152,20,26,6,0,7,23,0,1,20,48,0.171,0.264,0.349,0.613,73.0,0.275,74.0,53,2,1,0,5,0,3/H2,,ricebe01,2024,Right
383,Jordan Walker,22,STL,NL,-0.9,51,178,164,16,33,10,1,5,20,1,0,10,50,0.201,0.253,0.366,0.619,72.0,0.267,63.0,60,4,2,0,2,0,9/HD,,walkejo02,2024,Right
384,Junior Caminero,20,TBR,AL,0.7,43,177,165,15,41,9,1,6,18,2,0,11,38,0.248,0.299,0.424,0.724,105.0,0.315,102.0,70,2,1,0,0,2,5/D3H,,caminju01,2024,Right
385,Patrick Wisdom,32,CHC,NL,-0.4,75,174,158,16,27,7,2,8,23,5,0,10,59,0.171,0.237,0.392,0.629,75.0,0.276,68.0,62,1,4,1,1,0,H35D/9471,,wisdopa01,2024,Right
386,Derek Hill,28,3TM,2LG,0.0,53,172,162,19,39,4,2,7,25,6,2,5,56,0.241,0.271,0.42,0.69,91.0,0.317,95.0,68,2,2,2,1,0,87H/9D,,hillde01,2024,Right
386,Derek Hill,28,2TM,NL,0.0,37,127,119,14,28,4,2,4,20,4,1,3,42,0.235,0.264,0.403,0.667,83.0,0.299,79.0,48,1,2,2,1,0,87/HD,,hillde01,2024,Right
386,Derek Hill,28,TEX,AL,0.0,16,45,43,5,11,0,0,3,5,2,1,2,14,0.256,0.289,0.465,0.754,116.0,0.365,140.0,20,1,0,0,0,0,/9H87D,,hillde01,2024,Right
386,Derek Hill,28,SFG,NL,-0.1,5,13,12,3,3,0,1,0,2,0,0,1,3,0.25,0.308,0.417,0.724,106.0,0.304,98.0,5,0,0,0,0,0,/78DH,,hillde01,2024,Right
386,Derek Hill,28,MIA,NL,0.1,32,114,107,11,25,4,1,4,18,4,1,2,39,0.234,0.259,0.402,0.661,80.0,0.299,77.0,43,1,2,2,1,0,87/HD,,hillde01,2024,Right
387,Brett Baty*,24,NYM,NL,0.3,50,171,153,15,35,3,0,4,16,0,0,16,42,0.229,0.306,0.327,0.633,81.0,0.287,83.0,50,3,1,1,0,1,5/H,,batybr01,2024,Right
388,Nick Loftin,25,KCR,AL,0.2,56,171,148,15,28,4,0,1,14,1,0,19,24,0.189,0.282,0.236,0.519,51.0,0.258,56.0,35,4,1,1,2,0,45H/3D71,,loftini01,2024,Right
389,Ángel Martínez#,22,CLE,AL,0.1,43,169,151,16,35,7,0,3,11,3,1,15,33,0.232,0.298,0.338,0.635,81.0,0.286,80.0,51,2,0,1,2,0,87/9H5D4,,martian02,2024,Right
390,José Tena*,23,2TM,2LG,0.2,44,168,161,14,43,5,0,3,15,6,1,7,41,0.267,0.298,0.354,0.652,84.0,0.29,81.0,57,1,0,0,0,0,5/4DH,,tenajo01,2024,Right
390,José Tena*,23,CLE,AL,-0.1,3,4,4,0,0,0,0,0,0,0,0,0,2,0.0,0.0,0.0,0.0,-100.0,0.0,-124.0,0,0,0,0,0,0,/5DH,,tenajo01,2024,Right
390,José Tena*,23,WSN,NL,0.3,41,164,157,14,43,5,0,3,15,6,1,7,39,0.274,0.305,0.363,0.668,89.0,0.297,86.0,57,1,0,0,0,0,5/4,,tenajo01,2024,Right
391,Nick Martini*,34,CIN,NL,-0.4,52,163,146,23,31,4,2,5,24,1,3,9,38,0.212,0.272,0.37,0.641,73.0,0.293,82.0,54,1,4,0,3,0,D9/7H,,martini02,2024,Right
392,Evan Carter*,21,TEX,AL,0.6,45,162,144,23,27,6,2,5,15,2,0,15,43,0.188,0.272,0.361,0.633,83.0,0.284,79.0,52,1,2,0,1,0,7/9HD8,,carteev01,2024,Right
393,Gabriel Arias,24,CLE,AL,-0.4,53,161,153,15,34,9,1,3,15,5,2,6,53,0.222,0.255,0.353,0.608,71.0,0.273,71.0,54,4,1,0,1,0,56/4H38D79,,ariasga01,2024,Right
394,Sam Hilliard*,30,COL,NL,0.5,58,158,138,26,33,5,1,10,27,5,2,14,56,0.239,0.305,0.507,0.812,113.0,0.347,113.0,70,3,0,4,2,1,789/HD,,hillisa01,2024,Right
395,Jung Hoo Lee*,25,SFG,NL,0.1,37,158,145,15,38,4,0,2,8,2,3,10,13,0.262,0.31,0.331,0.641,85.0,0.287,91.0,48,2,1,0,2,0,8,,leeju01,2024,Right
396,Reese McGuire*,29,BOS,AL,0.1,53,158,139,10,29,3,0,3,18,3,0,13,39,0.209,0.28,0.295,0.575,63.0,0.269,60.0,41,4,2,1,3,0,2/HD,,mcguire01,2024,Right
397,Pavin Smith*,28,ARI,NL,0.6,60,158,137,26,37,11,0,9,36,1,0,18,31,0.27,0.348,0.547,0.896,144.0,0.382,145.0,75,4,0,0,3,0,397H/D1,,smithpa04,2024,Right
398,Matt Carpenter*,38,STL,NL,-0.1,59,157,137,15,32,7,0,4,15,0,2,15,51,0.234,0.314,0.372,0.686,93.0,0.301,93.0,51,0,2,0,2,0,DH/345,,carpema01,2024,Right
399,Kyle McCann*,26,OAK,AL,0.2,54,157,140,13,33,4,0,5,15,0,0,16,59,0.236,0.318,0.371,0.69,101.0,0.305,100.0,52,2,1,0,0,1,2/HD,,mccanky01,2024,Right
400,J.D. Davis,31,2TM,AL,-0.4,46,157,142,13,31,5,0,4,6,0,0,12,39,0.218,0.293,0.338,0.631,83.0,0.278,79.0,48,5,3,0,0,0,35/DH,,davisjd01,2024,Right
400,J.D. Davis,31,OAK,AL,-0.1,39,135,123,12,29,4,0,4,5,0,0,9,30,0.236,0.304,0.366,0.67,94.0,0.292,91.0,45,3,3,0,0,0,35/DH,,davisjd01,2024,Right
400,J.D. Davis,31,NYY,AL,-0.2,7,22,19,1,2,1,0,0,1,0,0,3,9,0.105,0.227,0.158,0.385,13.0,0.191,12.0,3,2,0,0,0,0,/3DH,,davisjd01,2024,Right
401,Austin Barnes,34,LAD,NL,0.7,54,156,140,12,37,3,0,1,11,3,0,14,36,0.264,0.331,0.307,0.638,83.0,0.294,85.0,43,3,0,2,0,0,2/HD4,,barneau01,2024,Right
402,Kyle Manzardo*,23,CLE,AL,0.0,53,156,145,11,34,12,0,5,15,0,0,9,41,0.234,0.282,0.421,0.703,97.0,0.307,96.0,61,3,1,0,1,0,DH/3,,manzaky01,2024,Right
403,Luis Matos,22,SFG,NL,-0.2,45,156,150,14,32,5,0,5,25,0,0,5,24,0.213,0.237,0.347,0.584,65.0,0.269,73.0,52,5,0,0,1,1,98/H7D,,matoslu02,2024,Right
404,James Outman*,27,LAD,NL,-0.4,53,156,136,12,20,4,0,4,11,2,1,16,55,0.147,0.256,0.265,0.521,49.0,0.24,50.0,36,0,4,0,0,0,8H/79,,outmaja01,2024,Right
405,Tyler Wade*,29,SDP,NL,-0.7,90,156,138,28,30,3,0,0,8,8,1,11,29,0.217,0.285,0.239,0.524,50.0,0.25,43.0,33,0,2,4,0,0,H5467/9D8,,wadety01,2024,Right
406,Kris Bryant,32,COL,NL,-0.7,37,155,133,9,29,5,0,2,15,0,0,13,48,0.218,0.323,0.301,0.623,69.0,0.292,74.0,40,6,8,0,1,0,D93,,bryankr01,2024,Right
407,Alex Jackson,28,TBR,AL,-0.4,58,155,139,17,17,7,0,3,12,1,0,12,53,0.122,0.201,0.237,0.439,26.0,0.213,29.0,33,2,2,1,1,0,2/H,,jacksal02,2024,Right
408,Victor Scott II*,23,STL,NL,-0.5,53,155,145,14,26,9,0,2,10,5,1,6,42,0.179,0.219,0.283,0.502,41.0,0.235,38.0,41,0,2,0,2,0,8/9H7,,scottvi01,2024,Right
409,Luke Maile,33,CIN,NL,-0.4,53,154,135,8,24,4,0,2,8,2,0,13,52,0.178,0.268,0.252,0.52,44.0,0.25,43.0,34,4,4,1,1,0,2/1HD,,mailelu01,2024,Right
410,Tommy Edman#,29,LAD,NL,0.9,37,153,139,20,33,5,1,6,20,6,0,11,30,0.237,0.294,0.417,0.711,99.0,0.321,101.0,58,2,1,0,2,0,86/H4,,edmanto01,2024,Right
411,Martín Maldonado,37,CHW,AL,-1.3,48,147,135,9,16,3,0,4,11,0,0,8,51,0.119,0.174,0.23,0.403,14.0,0.18,5.0,31,5,1,3,0,0,2,,maldoma01,2024,Right
412,Christian Bethancourt,32,2TM,NL,0.3,62,147,139,18,29,7,0,5,22,3,0,5,36,0.209,0.241,0.367,0.608,67.0,0.278,64.0,51,2,1,2,0,0,2/DH,,bethach01,2024,Right
412,Christian Bethancourt,32,MIA,NL,-0.5,38,88,82,9,13,3,0,2,7,0,0,3,22,0.159,0.198,0.268,0.466,28.0,0.205,10.0,22,1,1,2,0,0,2/DH,,bethach01,2024,Right
412,Christian Bethancourt,32,CHC,NL,0.8,24,59,57,9,16,4,0,3,15,3,0,2,14,0.281,0.305,0.509,0.814,126.0,0.385,143.0,29,1,0,0,0,0,2,,bethach01,2024,Right
413,Austin Hedges,31,CLE,AL,-0.6,66,146,132,12,20,3,0,2,15,2,0,6,50,0.152,0.203,0.22,0.422,21.0,0.199,14.0,29,2,3,3,2,0,2/1,,hedgeau01,2024,Right
414,Jonathan Aranda*,26,TBR,AL,0.7,44,143,128,22,30,7,0,6,14,0,0,12,32,0.234,0.308,0.43,0.737,109.0,0.325,111.0,55,2,2,0,1,0,3DH/45,,arandjo01,2024,Right
415,Andruw Monasterio,27,MIL,NL,-0.2,59,142,125,14,26,5,0,1,16,6,2,16,40,0.208,0.303,0.272,0.575,63.0,0.267,60.0,34,3,1,0,0,0,54H/3D7,,monasan01,2024,Right
416,Danny Mendick,30,CHW,AL,-0.3,47,141,132,13,26,7,0,3,8,6,0,6,35,0.197,0.243,0.318,0.561,59.0,0.255,53.0,42,3,2,1,0,0,54H/1D,,mendida01,2024,Right
417,Tomás Nido,30,2TM,NL,-0.4,49,140,130,14,25,4,0,4,12,0,0,5,35,0.192,0.219,0.315,0.534,50.0,0.235,44.0,41,1,0,3,2,0,2/H,,nidoto01,2024,Right
417,Tomás Nido,30,NYM,NL,0.1,32,90,83,9,19,2,0,3,8,0,0,4,20,0.229,0.261,0.361,0.623,75.0,0.278,76.0,30,0,0,2,1,0,2/H,,nidoto01,2024,Right
417,Tomás Nido,30,CHC,NL,-0.5,17,50,47,5,6,2,0,1,4,0,0,1,15,0.128,0.143,0.234,0.377,5.0,0.159,-14.0,11,1,0,1,1,0,2/H,,nidoto01,2024,Right
418,Darell Hernaiz,22,OAK,AL,-0.8,48,135,120,8,23,3,0,1,12,1,1,11,27,0.192,0.261,0.242,0.503,48.0,0.235,51.0,29,4,1,1,2,0,56/H4,,hernada04,2024,Right
419,Dairon Blanco,31,KCR,AL,0.1,88,132,120,37,31,4,0,4,13,31,7,8,32,0.258,0.308,0.392,0.699,98.0,0.327,85.0,47,2,1,1,1,0,H798D,,blancda02,2024,Right
420,Andrés Chaparro,25,WSN,NL,-0.1,33,132,121,12,26,12,0,4,15,1,1,7,24,0.215,0.28,0.413,0.694,94.0,0.305,97.0,50,3,4,0,0,0,D3,,chapaan01,2024,Right
421,Dylan Crews,22,WSN,NL,0.6,31,132,119,12,26,5,1,3,8,12,3,11,26,0.218,0.288,0.353,0.641,81.0,0.296,82.0,42,4,1,0,1,0,9/8,,crewsdy01,2024,Right
422,Curtis Mead,23,TBR,AL,-0.5,38,132,122,10,29,3,0,1,7,2,0,6,30,0.238,0.282,0.287,0.569,65.0,0.259,61.0,35,2,2,0,1,0,45/DH3,,meadcu01,2024,Right
423,Riley Adams,28,WSN,NL,0.2,41,130,116,10,26,5,1,2,8,1,0,10,35,0.224,0.292,0.336,0.629,78.0,0.292,84.0,39,4,2,0,2,1,2/DH,,adamsri03,2024,Right
424,Grant McCray*,23,SFG,NL,0.0,37,130,124,13,25,3,2,5,10,5,0,6,56,0.202,0.238,0.379,0.617,74.0,0.285,78.0,47,3,0,0,0,0,8,,mccragr01,2024,Right
425,Luis Torrens,28,NYM,NL,0.7,47,130,118,14,27,8,0,3,15,0,1,9,28,0.229,0.292,0.373,0.665,88.0,0.287,86.0,44,5,2,0,1,0,2/HD1,,torrelu01,2024,Right
426,Mike Trout,32,LAA,AL,1.1,29,126,109,17,24,1,2,10,14,6,1,16,27,0.22,0.325,0.541,0.867,139.0,0.372,136.0,59,0,1,0,0,1,8/D,,troutmi01,2024,Right
427,Curt Casali,35,SFG,NL,0.3,41,125,108,12,21,3,0,1,8,0,0,13,22,0.194,0.293,0.25,0.543,59.0,0.27,73.0,27,3,2,2,0,0,2,,casalcu01,2024,Right
428,Michael Stefanic,28,LAA,AL,-0.2,40,124,110,8,24,4,0,0,8,0,0,10,20,0.218,0.301,0.255,0.555,60.0,0.256,58.0,28,5,3,1,0,0,4/HD15,,stefami01,2024,Right
429,Christian Encarnacion-Strand,24,CIN,NL,-1.0,29,123,116,13,22,6,0,2,16,0,0,4,35,0.19,0.22,0.293,0.513,39.0,0.222,25.0,34,4,1,0,2,0,3,,encarch01,2024,Right
430,Brett Harris,26,OAK,AL,-0.5,36,123,103,15,15,3,0,3,12,0,3,17,25,0.146,0.276,0.262,0.539,59.0,0.253,71.0,27,3,2,0,1,0,5/H,,harribr02,2024,Right
431,Henry Davis,24,PIT,NL,-0.6,37,122,104,9,15,4,0,1,5,0,0,13,45,0.144,0.242,0.212,0.453,29.0,0.226,32.0,22,1,1,1,2,0,2/HD,,davishe01,2024,Right
432,Brooks Baldwin#,23,CHW,AL,0.0,33,121,114,9,24,6,0,2,8,4,0,6,31,0.211,0.25,0.316,0.566,61.0,0.263,60.0,36,1,0,1,0,0,4/6,,baldwbr01,2024,Right
433,José Abreu,37,HOU,AL,-1.7,35,120,113,10,14,2,0,2,7,0,0,4,28,0.124,0.167,0.195,0.361,3.0,0.163,-5.0,22,4,2,0,1,0,3/H,,abreujo02,2024,Right
434,Kody Clemens*,28,PHI,NL,0.3,43,120,114,17,25,9,1,5,18,0,0,5,29,0.219,0.258,0.447,0.706,91.0,0.3,88.0,51,2,1,0,0,0,H35/471D,,clemeko01,2024,Right
435,Jerar Encarnación,26,SFG,NL,0.1,35,119,113,13,28,5,0,5,19,1,0,5,34,0.248,0.277,0.425,0.702,98.0,0.301,94.0,48,0,0,0,1,0,D9/7H3,,encarje01,2024,Right
436,Trey Sweeney*,24,DET,AL,0.7,36,119,110,11,24,5,0,4,17,2,0,7,32,0.218,0.269,0.373,0.642,79.0,0.29,81.0,41,3,1,0,1,0,6,,sweentr01,2024,Right
437,Garrett Cooper,33,2TM,2LG,-0.8,36,116,107,6,22,5,1,1,11,0,0,7,35,0.206,0.267,0.299,0.566,60.0,0.253,53.0,32,3,2,0,0,0,3D/H7,,coopega03,2024,Right
437,Garrett Cooper,33,CHC,NL,0.1,12,41,37,3,10,1,1,1,6,0,0,4,13,0.27,0.341,0.432,0.774,118.0,0.336,116.0,16,1,0,0,0,0,/D3H7,,coopega03,2024,Right
437,Garrett Cooper,33,BOS,AL,-0.9,24,75,70,3,12,4,0,0,5,0,0,3,22,0.171,0.227,0.229,0.455,30.0,0.207,19.0,16,2,2,0,0,0,3/DH,,coopega03,2024,Right
438,Vaughn Grissom,23,BOS,AL,-0.2,31,114,105,10,20,3,0,0,6,2,0,7,24,0.19,0.246,0.219,0.465,33.0,0.234,35.0,23,3,1,0,1,0,4/DH,,grissva01,2024,Right
439,José Herrera#,27,ARI,NL,-0.2,42,114,97,11,22,4,1,1,13,0,0,9,27,0.227,0.29,0.32,0.609,70.0,0.272,64.0,31,1,0,7,1,0,2/H5D,,herrejo04,2024,Right
440,Heston Kjerstad*,25,BAL,AL,0.4,39,114,99,8,25,2,0,4,14,1,0,10,33,0.253,0.351,0.394,0.745,116.0,0.336,123.0,39,0,5,0,0,2,D7H/9,,kjershe01,2024,Right
441,Alex Call,29,WSN,NL,1.5,30,113,99,15,34,9,0,3,14,5,1,12,19,0.343,0.425,0.525,0.95,168.0,0.429,181.0,52,2,2,0,0,0,9/87H,,callal02,2024,Right
442,Casey Schmitt,25,SFG,NL,0.2,40,113,107,11,27,4,1,6,16,0,0,4,25,0.252,0.283,0.477,0.76,113.0,0.321,110.0,51,2,1,0,1,0,46/5HD,,schmica01,2024,Right
443,Estevan Florial*,26,CLE,AL,0.1,36,111,98,11,17,6,2,3,11,2,1,11,41,0.173,0.264,0.367,0.631,78.0,0.275,73.0,36,2,1,1,0,0,79D/H8,,flories01,2024,Right
444,Ryan Noda*,28,OAK,AL,-0.6,36,111,95,8,13,4,0,1,4,0,0,14,37,0.137,0.255,0.211,0.465,38.0,0.222,40.0,20,0,1,1,0,0,3/H9D,,nodary01,2024,Right
445,Luis Urías,27,SEA,AL,0.4,41,109,94,11,18,7,0,4,16,0,0,9,34,0.191,0.303,0.394,0.696,104.0,0.307,106.0,37,2,6,0,0,0,5/HD,,uriaslu01,2024,Right
446,Sean Bouchard,28,COL,NL,-0.6,31,108,91,14,17,7,0,1,8,4,0,12,33,0.187,0.29,0.297,0.586,58.0,0.299,73.0,27,0,2,1,2,0,97/DH,,bouchse01,2024,Right
447,Dane Myers,28,MIA,NL,0.5,44,108,95,17,25,6,1,3,19,4,1,8,36,0.263,0.333,0.442,0.775,113.0,0.346,111.0,42,0,3,0,2,0,9H8/7D,,myersda01,2024,Right
448,Bryan Ramos,22,CHW,AL,-0.2,32,108,99,13,20,4,0,3,11,0,2,7,22,0.202,0.252,0.333,0.586,66.0,0.273,80.0,33,3,0,0,1,0,5/DH,,ramosbr01,2024,Right
449,Niko Kavadas*,25,LAA,AL,-0.2,30,106,93,11,17,2,0,4,8,1,0,11,41,0.183,0.283,0.333,0.616,74.0,0.28,74.0,31,0,2,0,0,0,D/3H,,kavadni01,2024,Right
450,Miles Mastrobuoni*,28,CHC,NL,-0.2,50,106,98,9,19,3,0,0,4,2,0,7,17,0.194,0.245,0.224,0.47,35.0,0.22,29.0,22,1,0,0,1,0,H546/97D,,mastrmi01,2024,Right
451,Trevor Story,31,BOS,AL,0.7,26,106,94,8,24,7,0,2,10,6,3,11,33,0.255,0.34,0.394,0.733,107.0,0.325,104.0,37,2,1,0,0,2,6,,storytr01,2024,Right
452,Nick Allen,25,OAK,AL,0.2,41,105,97,6,17,4,0,1,4,0,0,5,20,0.175,0.216,0.247,0.463,35.0,0.215,33.0,24,0,0,3,0,0,6/5H4,,allenni02,2024,Right
453,Oliver Dunn*,26,MIL,NL,0.2,41,104,95,11,21,2,2,1,7,3,0,6,40,0.221,0.282,0.316,0.597,67.0,0.269,58.0,30,1,2,1,0,0,5H/D34,,dunnol01,2024,Right
454,Alek Thomas*,24,ARI,NL,0.0,39,103,95,13,18,5,1,3,17,4,1,7,17,0.189,0.245,0.358,0.603,65.0,0.283,71.0,34,7,0,1,0,0,8/HD,,thomaal01,2024,Right
455,Jacob Wilson,22,OAK,AL,-0.2,28,103,92,11,23,2,2,0,3,0,0,8,10,0.25,0.314,0.315,0.629,85.0,0.281,82.0,29,4,1,1,1,0,6/H,,wilsoja05,2024,Right
456,Ben Gamel*,32,2TM,2LG,0.2,38,99,81,22,20,4,0,1,4,1,0,18,24,0.247,0.384,0.333,0.717,108.0,0.338,118.0,27,0,0,0,0,1,97/HD,,gamelbe01,2024,Right
456,Ben Gamel*,32,NYM,NL,0.0,18,30,23,9,5,1,0,0,0,1,0,7,7,0.217,0.4,0.261,0.661,95.0,0.36,130.0,6,0,0,0,0,0,9/7HD,,gamelbe01,2024,Right
456,Ben Gamel*,32,HOU,AL,0.2,20,69,58,13,15,3,0,1,4,0,0,11,17,0.259,0.377,0.362,0.739,113.0,0.328,113.0,21,0,0,0,0,1,9/7H,,gamelbe01,2024,Right
457,Aaron Schunk,26,COL,NL,0.2,39,98,94,14,22,3,0,2,7,0,1,4,31,0.234,0.265,0.33,0.595,59.0,0.26,55.0,31,0,0,0,0,1,45/H6D,,schunaa01,2024,Right
458,Weston Wilson,29,PHI,NL,0.7,40,98,88,13,25,7,1,3,10,3,0,8,29,0.284,0.347,0.489,0.836,129.0,0.372,135.0,43,2,1,0,1,0,7H/549318,,wilsowe01,2024,Right
459,Tucker Barnhart*,33,ARI,NL,0.3,31,96,81,13,14,3,0,0,6,1,0,13,31,0.173,0.287,0.21,0.497,42.0,0.252,49.0,17,0,0,2,0,0,2/1H,,barnhtu01,2024,Right
460,Yan Gomes,36,CHC,NL,-0.7,34,96,91,7,14,2,0,2,7,0,0,2,36,0.154,0.179,0.242,0.421,18.0,0.192,12.0,22,2,1,1,1,0,2,,gomesya01,2024,Right
461,Ali Sánchez,27,MIA,NL,-0.6,31,96,84,5,14,2,0,0,4,2,1,4,24,0.167,0.211,0.19,0.402,13.0,0.194,-1.0,16,2,1,6,1,0,2/H,,sanchal04,2024,Right
462,Alika Williams,25,PIT,NL,-0.2,37,96,87,13,18,4,2,0,5,1,0,3,22,0.207,0.242,0.299,0.541,51.0,0.249,45.0,26,0,1,5,0,0,46/H,,willial04,2024,Right
463,Miguel Sanó,31,LAA,AL,-0.1,28,95,83,9,17,3,0,2,6,0,0,9,36,0.205,0.295,0.313,0.608,73.0,0.272,70.0,26,2,2,0,1,0,5/D3H1,,sanomi01,2024,Right
464,Jace Jung*,23,DET,AL,-0.5,34,94,79,14,19,5,0,0,3,0,1,15,29,0.241,0.362,0.304,0.665,92.0,0.304,97.0,24,3,0,0,0,0,5H/D4,,jungja01,2024,Right
465,Nick Madrigal,27,CHC,NL,-0.4,51,94,86,5,19,3,0,0,10,1,0,4,10,0.221,0.28,0.256,0.535,54.0,0.246,50.0,22,2,3,1,0,0,54/HD,,madrini01,2024,Right
466,Bobby Dalbec,29,BOS,AL,-0.8,37,93,83,6,11,2,0,1,8,3,0,8,43,0.133,0.217,0.193,0.41,18.0,0.196,4.0,16,1,1,1,0,0,35/H9D,,dalbebo01,2024,Right
467,Andrew Knizner,29,TEX,AL,-0.9,35,93,90,5,15,1,0,1,9,0,0,1,22,0.167,0.183,0.211,0.394,15.0,0.183,9.0,19,2,1,0,1,0,2/1D,,kniznan01,2024,Right
468,Trey Cabbage*,27,HOU,AL,-0.1,45,91,86,12,18,8,0,1,8,1,1,4,34,0.209,0.253,0.337,0.59,67.0,0.255,63.0,29,1,1,0,0,0,9H7/D,,cabbatr01,2024,Right
469,Nathan Lukes*,29,TOR,AL,1.2,22,91,76,13,23,4,2,1,10,1,0,10,9,0.303,0.371,0.447,0.818,131.0,0.355,130.0,34,1,0,2,3,0,7/98HD,,lukesna01,2024,Right
470,Griffin Conine*,26,MIA,NL,0.7,30,89,82,14,22,4,1,3,12,0,0,6,28,0.268,0.326,0.451,0.777,113.0,0.332,104.0,37,1,1,0,0,0,9/7HD,,coningr01,2024,Right
471,Zack Short,29,3TM,2LG,-0.1,42,88,70,11,9,3,0,0,5,2,1,14,24,0.129,0.282,0.171,0.454,32.0,0.239,42.0,12,0,1,3,0,0,5H6/4D,,shortza01,2024,Right
471,Zack Short,29,2TM,NL,0.1,40,81,63,11,9,3,0,0,5,2,1,14,20,0.143,0.308,0.19,0.498,45.0,0.26,57.0,12,0,1,3,0,0,5H6/4D,,shortza01,2024,Right
471,Zack Short,29,NYM,NL,-0.1,10,12,9,2,1,0,0,0,0,0,1,2,4,0.111,0.273,0.111,0.384,16.0,0.162,20.0,1,0,0,1,0,0,/H546D,,shortza01,2024,Right
471,Zack Short,29,BOS,AL,-0.2,2,7,7,0,0,0,0,0,0,0,0,0,4,0.0,0.0,0.0,0.0,-100.0,0.0,-130.0,0,0,0,0,0,0,/45,,shortza01,2024,Right
471,Zack Short,29,ATL,NL,0.2,30,69,54,9,8,3,0,0,5,2,0,12,16,0.148,0.313,0.204,0.517,49.0,0.276,63.0,11,0,1,2,0,0,56/H4D,,shortza01,2024,Right
472,Adrian Del Castillo*,24,ARI,NL,0.5,25,87,80,12,25,5,0,4,19,1,1,7,28,0.313,0.368,0.525,0.893,145.0,0.379,146.0,42,1,0,0,0,0,2/H,,delcaad01,2024,Right
473,Dillon Dingler,25,DET,AL,-0.3,27,87,84,2,14,5,2,1,11,0,0,3,30,0.167,0.195,0.31,0.505,40.0,0.217,31.0,26,2,0,0,0,0,2,,dingldi01,2024,Right
474,Leo Rivas#,26,SEA,AL,0.3,43,86,73,10,17,1,1,0,8,3,0,10,24,0.233,0.333,0.274,0.607,83.0,0.29,87.0,20,1,1,2,0,0,6H4/D15,,rivasle01,2024,Right
475,Nick Sogard#,26,BOS,AL,0.3,31,86,77,13,21,4,0,0,8,3,0,7,25,0.273,0.326,0.325,0.65,85.0,0.299,79.0,25,4,0,0,2,0,4/65H3,,sogarni01,2024,Right
476,Will Wagner*,25,TOR,AL,0.7,24,86,82,8,25,6,0,2,11,0,0,4,16,0.305,0.337,0.451,0.788,122.0,0.354,130.0,37,3,0,0,0,0,4/H3D,,wagnewi01,2024,Right
477,Akil Baddoo*,25,DET,AL,-0.5,31,82,73,7,10,2,2,2,5,1,0,8,27,0.137,0.22,0.301,0.521,46.0,0.23,39.0,22,0,0,0,1,0,7/89H,,baddoak01,2024,Right
478,Ji Hwan Bae*,24,PIT,NL,-0.4,29,81,74,11,14,2,0,0,6,6,2,6,24,0.189,0.247,0.216,0.463,32.0,0.228,31.0,16,0,0,0,1,0,89/HD4,,baeji01,2024,Right
479,Marco Luciano,22,SFG,NL,-0.4,27,81,76,10,16,5,1,0,3,0,1,5,28,0.211,0.259,0.303,0.562,61.0,0.275,82.0,23,1,0,0,0,0,/46DH,,luciama01,2024,Right
480,Brandon Crawford*,37,STL,NL,-0.2,28,80,71,5,12,5,0,1,4,0,0,8,26,0.169,0.263,0.282,0.544,54.0,0.247,49.0,20,0,1,0,0,0,6/5HD1,,crawfbr01,2024,Right
481,José Azócar,28,SDP,NL,-0.4,61,79,73,13,16,2,0,0,2,5,1,5,19,0.219,0.269,0.247,0.516,46.0,0.265,56.0,18,1,0,1,0,0,7H8/9D,,azocajo01,2024,Right
482,José Fermín,25,STL,NL,-0.6,45,79,71,7,11,1,1,0,4,2,1,7,11,0.155,0.241,0.197,0.438,26.0,0.205,19.0,14,3,1,0,0,0,HD54/7,,fermijo01,2024,Right
483,Daniel Vogelbach*,31,TOR,AL,-0.4,31,79,70,5,13,5,0,1,8,0,0,9,17,0.186,0.278,0.3,0.578,65.0,0.262,65.0,21,4,0,0,0,0,DH,,vogelda01,2024,Right
484,Nasim Nuñez#,23,WSN,NL,0.7,51,78,61,14,15,1,0,0,1,8,2,12,15,0.246,0.37,0.262,0.632,85.0,0.331,106.0,16,1,0,5,0,0,6H/4D,,nunezna01,2024,Right
485,Joshua Palacios*,28,PIT,NL,-0.1,23,78,67,10,15,2,0,2,9,1,0,10,12,0.224,0.333,0.343,0.677,91.0,0.308,90.0,23,1,1,0,0,0,9/78H,,palacjo01,2024,Right
486,Chuckie Robinson,29,CHW,AL,-0.5,26,76,70,2,9,0,0,0,0,0,0,5,20,0.129,0.197,0.129,0.326,-4.0,0.171,0.0,9,1,1,0,0,0,2/H,,robinch04,2024,Right
487,Zach DeLoach*,25,CHW,AL,-0.1,22,75,67,10,14,5,0,1,5,0,1,8,21,0.209,0.293,0.328,0.622,78.0,0.28,84.0,22,0,0,0,0,0,9/7H8D,,deloaza01,2024,Right
488,Bligh Madris*,28,DET,AL,0.2,21,75,67,8,18,3,0,1,5,0,0,6,20,0.269,0.324,0.358,0.683,93.0,0.298,89.0,24,0,0,0,1,0,3/9H,,madribl01,2024,Right
489,Jon Berti,34,NYY,AL,0.6,25,74,66,10,18,0,0,1,6,5,1,6,14,0.273,0.342,0.318,0.661,91.0,0.334,108.0,21,2,1,1,0,0,5/H47D,,bertijo01,2024,Right
490,Eric Wagaman,26,LAA,AL,0.4,18,74,72,6,18,5,0,2,10,0,0,2,17,0.25,0.27,0.403,0.673,87.0,0.291,83.0,29,1,0,0,0,0,5/7H,,wagamer01,2024,Right
491,Bryce Johnson#,28,SDP,NL,-0.3,47,73,63,9,13,2,0,0,4,1,1,7,12,0.206,0.286,0.238,0.524,50.0,0.237,43.0,15,1,0,3,0,0,9H/78D,,johnsbr03,2024,Right
492,Jacob Amaya,25,2TM,AL,-0.1,24,72,68,4,12,1,0,0,3,1,0,4,28,0.176,0.222,0.191,0.413,20.0,0.191,13.0,13,3,0,0,0,0,6/4,,amayaja01,2024,Right
492,Jacob Amaya,25,HOU,AL,0.0,1,1,1,0,0,0,0,0,0,0,0,0,0,0.0,0.0,0.0,0.0,-100.0,0.0,-127.0,0,0,0,0,0,0,/4,,amayaja01,2024,Right
492,Jacob Amaya,25,CHW,AL,0.0,23,71,67,4,12,1,0,0,3,1,0,4,28,0.179,0.225,0.194,0.419,22.0,0.194,15.0,13,3,0,0,0,0,6,,amayaja01,2024,Right
493,Ryan Bliss,24,SEA,AL,0.4,33,71,63,10,14,3,1,2,9,5,3,5,22,0.222,0.29,0.397,0.687,101.0,0.292,98.0,25,1,1,2,0,0,4H/D,,blissry01,2024,Right
494,Jack López,31,LAA,AL,0.0,27,71,67,4,17,3,0,1,6,0,1,2,25,0.254,0.286,0.343,0.629,77.0,0.289,87.0,23,2,1,1,0,0,4/6H9,,lopezja03,2024,Right
495,Brian Serven,29,TOR,AL,0.2,28,71,63,6,10,4,0,0,3,0,0,5,22,0.159,0.243,0.222,0.465,34.0,0.229,40.0,14,0,2,1,0,0,2/H,,servebr01,2024,Right
496,Eric Haase,31,MIL,NL,0.4,30,69,66,10,18,1,0,5,14,0,0,3,28,0.273,0.304,0.515,0.819,123.0,0.359,128.0,34,0,0,0,0,0,2/HD,,haaseer01,2024,Right
497,Omar Narváez*,32,NYM,NL,-0.9,28,69,65,4,10,2,0,0,5,0,0,3,12,0.154,0.191,0.185,0.376,8.0,0.172,-1.0,12,2,0,1,0,0,2,,narvaom01,2024,Right
498,Jacob Hurtubise*,26,CIN,NL,-0.1,29,68,54,7,10,1,1,0,4,2,0,6,18,0.185,0.297,0.241,0.538,50.0,0.275,55.0,13,0,3,4,1,0,7/HD9,,hurtuja01,2024,Right
499,Jasson Domínguez#,21,NYY,AL,-0.1,18,67,56,8,10,1,0,2,4,5,0,11,19,0.179,0.313,0.304,0.617,78.0,0.315,88.0,17,0,0,0,0,0,7/8HD,,dominja01,2024,Right
500,Braden Shewmake*,26,CHW,AL,-0.6,29,67,64,4,8,2,0,1,4,5,1,1,10,0.125,0.134,0.203,0.337,-5.0,0.154,-19.0,13,0,0,0,2,0,6/54HD,,shewmbr01,2024,Right
501,Alan Trejo,28,COL,NL,-0.8,28,67,63,4,9,0,0,0,1,0,0,2,15,0.143,0.182,0.143,0.325,-11.0,0.154,-27.0,9,2,1,1,0,0,4/5H6D,,trejoal01,2024,Right
502,Jonatan Clase#,22,2TM,AL,-0.1,26,66,61,7,15,2,0,1,5,3,1,3,17,0.246,0.303,0.328,0.631,84.0,0.299,94.0,20,1,2,0,0,0,7/8HD,,clasejo01,2024,Right
502,Jonatan Clase#,22,SEA,AL,-0.2,19,43,41,4,8,1,0,0,3,3,0,2,14,0.195,0.233,0.22,0.452,35.0,0.221,32.0,9,1,0,0,0,0,7/H8D,,clasejo01,2024,Right
502,Jonatan Clase#,22,TOR,AL,0.2,7,23,20,3,7,1,0,1,2,0,1,1,3,0.35,0.435,0.55,0.985,178.0,0.443,210.0,11,0,2,0,0,0,/8H,,clasejo01,2024,Right
503,Zach Dezenzo,24,HOU,AL,-0.2,19,65,62,5,15,2,0,2,8,0,0,3,22,0.242,0.277,0.371,0.648,83.0,0.307,98.0,23,3,0,0,0,0,3/5DH,,dezenza01,2024,Right
504,Yuli Gurriel,40,KCR,AL,0.1,18,65,54,7,13,3,0,0,6,1,0,9,15,0.241,0.338,0.296,0.635,84.0,0.289,78.0,16,1,0,0,2,0,3/DH,,gourryu01,2024,Right
505,Ryan Kreidler,26,DET,AL,-0.5,35,65,59,9,7,0,0,1,2,5,3,6,19,0.119,0.2,0.169,0.369,6.0,0.17,1.0,10,2,0,0,0,0,6/5H78D,,kreidry01,2024,Right
506,Esteury Ruiz,25,OAK,AL,-0.1,29,65,55,10,11,2,1,2,8,5,4,4,20,0.2,0.27,0.382,0.652,87.0,0.266,80.0,21,1,2,2,2,0,7H/8,,ruizes01,2024,Right
507,Pablo Reyes,30,2TM,2LG,-0.7,22,64,60,5,11,2,0,0,5,1,2,3,19,0.183,0.234,0.217,0.451,29.0,0.196,20.0,13,1,1,0,0,0,5/4H361D,,reyespa01,2024,Right
507,Pablo Reyes,30,BOS,AL,-0.7,21,64,60,4,11,2,0,0,5,1,2,3,19,0.183,0.234,0.217,0.451,29.0,0.196,20.0,13,1,1,0,0,0,5/436H1,,reyespa01,2024,Right
507,Pablo Reyes,30,NYM,NL,0.0,1,0,0,1,0,0,0,0,0,0,0,0,0,,,,,,,,0,0,0,0,0,0,/DH,,reyespa01,2024,Right
508,Aaron Hicks#,34,LAA,AL,-0.7,18,63,57,6,8,0,0,1,5,0,0,6,23,0.14,0.222,0.193,0.415,19.0,0.196,15.0,11,1,0,0,0,0,/9DH781,,hicksaa01,2024,Right
509,David Dahl*,30,PHI,NL,0.3,19,62,58,6,12,2,0,3,8,0,0,3,21,0.207,0.242,0.397,0.638,73.0,0.287,79.0,23,0,0,0,1,0,7/D9H,,dahlda01,2024,Right
510,Mike Ford*,31,CIN,NL,-0.7,17,62,60,2,9,0,1,1,4,0,0,2,15,0.15,0.177,0.233,0.411,11.0,0.181,-4.0,14,1,0,0,0,0,D/3H,,fordmi01,2024,Right
511,Drew Millas#,26,WSN,NL,0.4,20,62,57,7,14,1,0,1,1,4,0,5,16,0.246,0.306,0.316,0.622,78.0,0.302,82.0,18,1,0,0,0,0,2/HD,,milladr01,2024,Right
512,Jared Walsh*,30,TEX,AL,-0.2,17,60,53,9,12,2,0,1,7,0,0,7,21,0.226,0.317,0.321,0.637,88.0,0.288,84.0,17,2,0,0,0,0,3/H,,walshja01,2024,Right
513,Kyren Paris,22,LAA,AL,-0.3,21,59,51,4,6,2,0,1,5,1,0,7,17,0.118,0.224,0.216,0.44,26.0,0.225,32.0,11,1,0,0,0,0,4/H6D,,parisky01,2024,Right
514,David Hensley,28,MIA,NL,-0.4,23,58,52,9,11,1,0,1,4,1,0,6,17,0.212,0.293,0.288,0.582,63.0,0.262,51.0,15,0,0,0,0,0,9/H37D15,,henslda01,2024,Right
515,Tyler Black*,23,MIL,NL,-0.1,18,57,49,4,10,2,0,0,2,3,0,7,17,0.204,0.316,0.245,0.561,60.0,0.28,62.0,12,0,1,0,0,0,D/3H,,blackty01,2024,Right
516,Mason McCoy,29,SDP,NL,-0.1,19,57,49,7,10,2,0,0,3,1,0,5,19,0.204,0.278,0.245,0.523,49.0,0.24,38.0,12,2,0,3,0,0,6,,mccoyma01,2024,Right
517,Eguy Rosario,24,SDP,NL,0.3,30,57,53,5,13,6,0,3,6,0,0,2,20,0.245,0.286,0.528,0.814,121.0,0.339,116.0,28,1,1,1,0,0,5H/D4,,rosareg01,2024,Right
518,Cole Tucker#,27,LAA,AL,-0.5,24,57,50,3,9,4,1,0,3,3,1,6,17,0.18,0.263,0.3,0.563,59.0,0.255,55.0,15,0,0,0,1,0,/5D7H1,,tuckeco01,2024,Right
519,Rafael Marchán#,25,PHI,NL,0.7,17,56,51,8,15,4,0,3,6,0,0,3,8,0.294,0.345,0.549,0.894,143.0,0.379,147.0,28,1,1,1,0,0,2,,marchra01,2024,Right
520,Chadwick Tromp,29,ATL,NL,0.2,19,54,52,3,13,6,0,0,6,0,0,1,17,0.25,0.259,0.365,0.625,72.0,0.282,73.0,19,2,0,0,1,0,2,,trompch01,2024,Right
521,Drew Romo#,22,COL,NL,-0.2,16,53,51,4,9,3,0,0,6,0,1,2,18,0.176,0.208,0.235,0.443,19.0,0.186,5.0,12,2,0,0,0,0,2/DH,,romodr01,2024,Right
522,Thomas Saggese,22,STL,NL,-0.2,18,52,49,5,10,2,0,1,4,0,0,2,14,0.204,0.25,0.306,0.556,56.0,0.246,48.0,15,0,1,0,0,0,4/65,,saggeth01,2024,Right
523,Luke Williams,27,ATL,NL,0.2,34,52,46,8,9,3,0,0,4,3,0,4,13,0.196,0.275,0.261,0.535,51.0,0.277,59.0,12,1,1,1,0,0,H/45D716,,willilu01,2024,Right
524,Avisaíl García,33,MIA,NL,-0.2,18,51,50,4,12,1,0,2,2,0,0,1,13,0.24,0.255,0.38,0.635,73.0,0.269,58.0,19,4,0,0,0,0,9/H,,garciav01,2024,Right
525,Rece Hinds,23,CIN,NL,0.7,24,51,46,9,12,4,1,5,11,2,0,4,16,0.261,0.333,0.717,1.051,176.0,0.435,173.0,33,0,1,0,0,0,9/H78D,,hindsre01,2024,Right
526,Austin Shenton*,26,TBR,AL,0.1,19,50,42,3,9,5,0,1,3,0,0,8,14,0.214,0.34,0.405,0.745,114.0,0.329,114.0,17,1,0,0,0,0,3/HD,,shentau01,2024,Right
527,Luken Baker,27,STL,NL,-0.2,21,49,40,3,7,1,1,2,10,1,0,7,11,0.175,0.286,0.4,0.686,91.0,0.298,83.0,16,1,0,0,2,0,DH/3,,bakerlu01,2024,Right
528,Billy Cook,25,PIT,NL,0.6,16,49,49,5,11,2,0,3,8,1,0,0,19,0.224,0.224,0.449,0.673,82.0,0.287,73.0,22,0,0,0,0,0,/3897,,cookbi01,2024,Right
529,Tyler Locklear,23,SEA,AL,-0.3,16,49,45,3,7,1,0,2,3,1,0,3,20,0.156,0.224,0.311,0.536,56.0,0.241,55.0,14,3,1,0,0,0,3/H,,locklty01,2024,Right
530,René Pinto,27,TBR,AL,-0.1,19,49,42,5,9,3,0,2,6,0,0,4,18,0.214,0.292,0.429,0.72,104.0,0.306,97.0,18,0,1,1,1,0,2,,pintore02,2024,Right
531,Ryan Vilade,25,DET,AL,-0.7,17,49,45,5,8,0,0,1,5,0,0,2,12,0.178,0.208,0.244,0.453,28.0,0.218,31.0,11,2,0,1,1,0,7/98H3,,viladry01,2024,Right
532,Davis Wendzel,27,TEX,AL,-0.1,27,49,47,2,6,2,0,1,2,0,0,1,12,0.128,0.163,0.234,0.397,15.0,0.174,3.0,11,1,1,0,0,0,5/HD43,,wendzda01,2024,Right
533,David Bote,31,CHC,NL,0.2,37,48,46,4,14,4,0,0,6,0,0,2,13,0.304,0.333,0.391,0.725,105.0,0.317,103.0,18,1,0,0,0,0,5H/431,,boteda01,2024,Right
534,Gustavo Campero#,26,LAA,AL,-0.1,13,48,46,6,11,0,1,1,6,3,0,0,8,0.239,0.271,0.348,0.619,74.0,0.305,83.0,16,0,2,0,0,0,9/7H,,campegu01,2024,Right
535,Jamie Westbrook,29,BOS,AL,-0.1,21,48,40,4,6,2,0,2,7,0,0,4,14,0.15,0.234,0.35,0.584,62.0,0.271,63.0,14,0,1,0,2,0,4/H59D,,westbja02,2024,Right
536,Jahmai Jones,26,NYY,AL,0.0,33,47,42,8,10,1,1,1,4,1,1,2,16,0.238,0.304,0.381,0.685,94.0,0.293,89.0,16,0,2,1,0,0,H/9D745,,jonesja08,2024,Right
537,Coby Mayo,22,BAL,AL,-0.7,17,46,41,4,4,0,0,0,0,0,0,4,22,0.098,0.196,0.098,0.293,-11.0,0.153,-7.0,4,1,1,0,0,0,5/H3,,mayoco01,2024,Right
538,Shay Whitcomb,25,HOU,AL,-0.4,20,46,41,1,9,3,0,0,5,0,0,5,8,0.22,0.304,0.293,0.597,72.0,0.27,72.0,12,1,0,0,0,0,5/H4,,whitcsh01,2024,Right
539,Steward Berroa#,25,TOR,AL,0.3,28,45,37,7,7,1,0,0,1,6,2,8,14,0.189,0.333,0.216,0.55,61.0,0.298,83.0,8,0,0,0,0,0,9H/78D,,berrost01,2024,Right
540,Yoán Moncada#,29,CHW,AL,0.3,12,45,40,4,11,3,1,0,0,1,0,5,11,0.275,0.356,0.4,0.756,116.0,0.337,116.0,16,2,0,0,0,0,5/DH,,moncayo01,2024,Right
541,Justin Foscue,25,TEX,AL,-0.7,15,44,42,3,2,1,0,0,1,0,0,2,18,0.048,0.091,0.071,0.162,-51.0,0.08,-65.0,3,0,0,0,0,0,D/4H3,,foscuju01,2024,Right
542,Seby Zavala,30,SEA,AL,-0.3,18,43,39,4,6,2,0,1,2,0,0,3,16,0.154,0.214,0.282,0.496,45.0,0.221,43.0,11,2,0,1,0,0,2,,zavalse01,2024,Right
543,Eli White,30,ATL,NL,0.3,35,42,39,9,11,1,1,1,4,3,1,1,12,0.282,0.333,0.436,0.769,113.0,0.33,105.0,17,1,2,0,0,0,9H/78D4,,whiteel04,2024,Right
544,Nick Yorke,22,PIT,NL,-0.2,11,42,37,4,8,0,0,2,5,2,0,4,12,0.216,0.286,0.378,0.664,84.0,0.299,78.0,14,0,0,0,1,0,/4957,,yorkeni01,2024,Right
545,Luisangel Acuña,22,NYM,NL,0.5,14,40,39,6,12,2,1,3,6,0,1,1,6,0.308,0.325,0.641,0.966,166.0,0.387,165.0,25,1,0,0,0,0,6/DH4,,acunajo01,2024,Right
546,Jonathan Ornelas,24,TEX,AL,0.0,18,40,37,1,8,2,0,0,3,0,0,2,13,0.216,0.256,0.27,0.527,55.0,0.237,46.0,10,0,0,1,0,0,/564H8,,orneljo01,2024,Right
547,Jhonny Pereda,28,MIA,NL,-0.1,20,40,39,2,9,0,0,0,4,0,0,0,10,0.231,0.25,0.231,0.481,35.0,0.239,37.0,9,2,1,0,0,0,2/H13,,peredjh01,2024,Right
548,Johnathan Rodríguez,24,CLE,AL,-0.4,13,40,31,6,4,1,0,0,5,0,0,9,14,0.129,0.325,0.161,0.486,46.0,0.25,55.0,5,1,0,0,0,0,9/H7D,,rodrijo10,2024,Right
549,Armando Alvarez,29,OAK,AL,-0.4,16,39,37,7,9,1,0,0,2,1,0,2,8,0.243,0.282,0.27,0.552,63.0,0.252,57.0,10,1,0,0,0,0,/53H74,,alvarar01,2024,Right
550,Zach Remillard,30,CHW,AL,0.2,15,39,33,3,8,1,1,0,1,1,0,5,10,0.242,0.342,0.333,0.675,95.0,0.331,111.0,11,1,0,1,0,0,/456H78D,,remilza01,2024,Right
551,Jordyn Adams,24,LAA,AL,-0.2,11,38,35,4,8,0,0,1,4,2,0,3,12,0.229,0.289,0.314,0.604,71.0,0.28,67.0,11,1,0,0,0,0,/987H,,adamsjo03,2024,Right
552,Oscar Colás*,25,CHW,AL,0.1,13,38,33,1,9,0,0,0,4,0,1,4,10,0.273,0.368,0.273,0.641,88.0,0.285,91.0,9,0,1,0,0,0,/98H,,colasos01,2024,Right
553,Tom Murphy,33,SFG,NL,-0.4,13,38,34,3,4,1,0,1,2,0,0,4,14,0.118,0.211,0.235,0.446,28.0,0.206,27.0,8,0,0,0,0,0,2/DH,,murphto04,2024,Right
554,Blake Sabol*,26,SFG,NL,0.3,11,38,32,3,10,2,0,0,1,0,0,5,9,0.313,0.421,0.375,0.796,132.0,0.35,132.0,12,0,1,0,0,1,/2DH,,sabolbl01,2024,Right
555,Logan Driscoll*,26,TBR,AL,-0.1,15,37,35,2,6,0,0,1,5,0,0,1,6,0.171,0.189,0.257,0.446,27.0,0.186,11.0,9,0,0,0,1,0,2,,drisclo01,2024,Right
556,David Villar,27,SFG,NL,0.0,11,37,35,3,9,4,0,1,4,0,0,1,13,0.257,0.27,0.457,0.727,104.0,0.302,96.0,16,0,0,0,1,0,3/DH,,villada01,2024,Right
557,Joey Wendle*,34,NYM,NL,-0.1,18,37,36,3,8,1,0,0,1,1,0,1,9,0.222,0.243,0.25,0.493,41.0,0.225,34.0,9,0,0,0,0,0,/456,,wendljo01,2024,Right
558,Adael Amador#,21,COL,NL,-0.4,10,36,35,1,6,1,0,0,0,1,0,1,6,0.171,0.194,0.2,0.394,6.0,0.21,10.0,7,1,0,0,0,0,4,,amadoad01,2024,Right
559,Javier Sanoja,21,MIA,NL,0.0,15,36,35,3,8,2,0,0,2,0,0,1,4,0.229,0.25,0.286,0.536,49.0,0.235,34.0,10,2,0,0,0,0,/8H647D,,sanojja01,2024,Right
560,Forrest Wall*,28,2TM,NL,0.0,16,35,32,4,8,0,0,0,1,4,3,3,8,0.25,0.314,0.25,0.564,61.0,0.235,52.0,8,0,0,0,0,0,7/H9,,wallfo01,2024,Right
560,Forrest Wall*,28,ATL,NL,0.0,13,32,29,3,7,0,0,0,1,3,3,3,6,0.241,0.313,0.241,0.554,58.0,0.222,49.0,7,0,0,0,0,0,7/9H,,wallfo01,2024,Right
560,Forrest Wall*,28,MIA,NL,0.0,3,3,3,1,1,0,0,0,0,1,0,0,2,0.333,0.333,0.333,0.667,87.0,0.379,82.0,1,0,0,0,0,0,/H9,,wallfo01,2024,Right
561,Aledmys Díaz,33,2TM,AL,-0.6,14,34,33,2,3,0,0,0,1,0,0,1,9,0.091,0.118,0.091,0.209,-38.0,0.099,-49.0,3,0,0,0,0,0,/634H57,,diazal02,2024,Right
561,Aledmys Díaz,33,OAK,AL,-0.5,12,30,29,2,3,0,0,0,1,0,0,1,7,0.103,0.133,0.103,0.237,-29.0,0.112,-39.0,3,0,0,0,0,0,/63457H,,diazal02,2024,Right
561,Aledmys Díaz,33,HOU,AL,-0.1,2,4,4,0,0,0,0,0,0,0,0,0,2,0.0,0.0,0.0,0.0,-100.0,0.0,-124.0,0,0,0,0,0,0,/34H,,diazal02,2024,Right
562,Niko Goodrum#,32,2TM,AL,-0.8,13,33,29,2,3,0,0,0,0,1,1,3,10,0.103,0.188,0.103,0.291,-13.0,0.168,1.0,3,0,0,1,0,0,/7H3546,,goodrni01,2024,Right
562,Niko Goodrum#,32,TBR,AL,-0.4,9,18,16,1,3,0,0,0,0,0,1,1,6,0.188,0.235,0.188,0.423,24.0,0.169,16.0,3,0,0,1,0,0,/7H346,,goodrni01,2024,Right
562,Niko Goodrum#,32,LAA,AL,-0.5,4,15,13,1,0,0,0,0,0,1,0,2,4,0.0,0.133,0.0,0.133,-57.0,0.168,-16.0,0,0,0,0,0,0,/53,,goodrni01,2024,Right
563,Nacho Alvarez Jr.,21,ATL,NL,-0.5,8,32,30,1,3,0,0,0,0,0,0,0,10,0.1,0.156,0.1,0.256,-26.0,0.129,-37.0,3,1,2,0,0,0,/45,,alvarna01,2024,Right
564,Travis Blankenhorn*,27,WSN,NL,-0.5,13,32,31,2,4,1,0,0,5,0,0,1,9,0.129,0.156,0.161,0.318,-9.0,0.144,-21.0,5,0,0,0,0,0,D/9H,,blanktr01,2024,Right
565,Graham Pauley*,23,SDP,NL,-0.4,13,32,32,4,4,0,0,2,5,0,0,0,15,0.125,0.125,0.313,0.438,17.0,0.179,0.0,10,1,0,0,0,0,/5DH3,,paulegr01,2024,Right
566,César Salazar*,28,HOU,AL,0.2,12,32,25,5,8,2,0,0,8,0,0,2,6,0.32,0.387,0.4,0.787,126.0,0.344,125.0,10,0,2,1,2,0,2/DH,,salazce01,2024,Right
567,Luis De Los Santos,26,TOR,AL,-0.1,13,31,29,2,5,2,0,0,1,0,0,2,10,0.172,0.226,0.241,0.467,33.0,0.208,26.0,7,2,0,0,0,0,5/H37,,deloslu03,2024,Right
568,Tristan Gray*,28,2TM,2LG,-0.1,15,31,28,0,3,1,0,0,0,0,0,3,16,0.107,0.194,0.143,0.336,-1.0,0.164,-5.0,4,0,0,0,0,0,/35H,,graytr01,2024,Right
568,Tristan Gray*,28,MIA,NL,-0.1,7,7,7,0,0,0,0,0,0,0,0,0,3,0.0,0.0,0.0,0.0,-100.0,0.0,-136.0,0,0,0,0,0,0,/5H,,graytr01,2024,Right
568,Tristan Gray*,28,OAK,AL,0.0,8,24,21,0,3,1,0,0,0,0,0,3,13,0.143,0.25,0.19,0.44,31.0,0.212,33.0,4,0,0,0,0,0,/35H,,graytr01,2024,Right
569,Jason Vosler*,30,SEA,AL,-0.1,10,30,28,2,5,1,1,0,3,0,0,2,9,0.179,0.233,0.286,0.519,53.0,0.229,50.0,8,0,0,0,0,0,/3DH79,,vosleja01,2024,Right
570,Trenton Brooks*,28,SFG,NL,-0.2,12,29,25,3,3,0,0,0,1,1,0,4,6,0.12,0.241,0.12,0.361,9.0,0.193,12.0,3,1,0,0,0,0,/3HD,,brooktr01,2024,Right
571,Blake Dunn,25,CIN,NL,-0.2,19,29,26,8,4,1,0,1,1,2,0,2,11,0.154,0.241,0.308,0.549,49.0,0.263,44.0,8,1,1,0,0,0,7/H89D,,dunnbl01,2024,Right
572,Ehire Adrianza#,34,LAA,AL,0.1,8,28,26,4,5,1,0,1,2,0,0,2,11,0.192,0.25,0.346,0.596,67.0,0.255,58.0,9,1,0,0,0,0,/54H,,adriaeh01,2024,Right
573,Alexander Canario,24,CHC,NL,0.3,15,28,25,4,7,1,0,1,2,1,0,2,11,0.28,0.357,0.44,0.797,125.0,0.35,120.0,11,0,1,0,0,0,7/9HD,,canaral01,2024,Right
574,Charles Leblanc,28,LAA,AL,0.1,11,28,21,6,4,0,0,2,6,0,0,7,9,0.19,0.393,0.476,0.869,145.0,0.378,145.0,10,0,0,0,0,0,/543D,,leblach01,2024,Right
575,Billy McKinney*,29,PIT,NL,0.0,10,28,25,4,5,1,0,0,2,0,0,2,13,0.2,0.286,0.24,0.526,50.0,0.247,48.0,6,1,1,0,0,0,/79H8,,mckinbi01,2024,Right
576,Matt Mervis*,26,CHC,NL,-0.4,9,28,26,1,3,1,0,0,3,0,0,1,8,0.115,0.148,0.154,0.302,-14.0,0.138,-31.0,4,0,0,0,0,0,/D13H,,mervima01,2024,Right
577,Joey Wiemer,25,2TM,NL,-0.2,21,28,26,2,4,0,0,0,0,1,1,2,9,0.154,0.214,0.154,0.368,6.0,0.165,-5.0,4,0,0,0,0,0,7/H89D,,wiemejo01,2024,Right
577,Joey Wiemer,25,MIL,NL,-0.2,19,27,26,2,4,0,0,0,0,1,1,1,9,0.154,0.185,0.154,0.339,-4.0,0.145,-19.0,4,0,0,0,0,0,7/H89D,,wiemejo01,2024,Right
577,Joey Wiemer,25,CIN,NL,0.0,2,1,0,0,0,0,0,0,0,0,0,1,0,,1.0,,,,0.691,373.0,0,0,0,0,0,0,/789,,wiemejo01,2024,Right
578,Keston Hiura,27,LAA,AL,-0.6,10,27,27,1,4,0,0,0,1,0,1,0,10,0.148,0.148,0.148,0.296,-16.0,0.11,-33.0,4,0,0,0,0,0,/4DH,,hiurake01,2024,Right
579,Owen Miller,27,MIL,NL,-0.5,14,27,27,2,5,1,0,0,3,0,0,0,8,0.185,0.185,0.222,0.407,13.0,0.175,-5.0,6,1,0,0,0,0,/3H415D,,milleow01,2024,Right
580,Cal Stevenson*,27,PHI,NL,-0.1,18,27,24,2,6,3,0,0,6,0,0,3,4,0.25,0.333,0.375,0.708,97.0,0.311,96.0,9,1,0,0,0,0,8/H97,,steveca01,2024,Right
581,Jace Peterson*,34,ARI,NL,-0.6,14,26,22,2,1,0,0,0,1,0,0,3,6,0.045,0.154,0.045,0.199,-40.0,0.114,-48.0,1,1,0,0,1,0,/H64D5,,peterja01,2024,Right
582,Buddy Kennedy,25,2TM,2LG,0.2,14,26,21,3,4,1,0,1,6,1,0,4,7,0.19,0.308,0.381,0.689,92.0,0.311,90.0,8,0,0,0,1,0,/H45D,,kennebu01,2024,Right
582,Buddy Kennedy,25,DET,AL,0.2,6,13,10,2,2,0,0,1,4,1,0,2,4,0.2,0.308,0.5,0.808,123.0,0.35,114.0,5,0,0,0,1,0,/4H5,,kennebu01,2024,Right
582,Buddy Kennedy,25,PHI,NL,0.0,8,13,11,1,2,1,0,0,2,0,0,2,3,0.182,0.308,0.273,0.58,64.0,0.271,67.0,3,0,0,0,0,0,/H54D,,kennebu01,2024,Right
583,Grae Kessinger,26,HOU,AL,-0.4,22,25,21,4,0,0,0,0,0,0,0,3,7,0.0,0.16,0.0,0.16,-48.0,0.111,-42.0,0,1,1,0,0,0,/H546D13,,kessigr01,2024,Right
584,Donovan Walton*,30,SFG,NL,0.0,9,25,22,3,3,0,0,1,2,0,0,2,7,0.136,0.24,0.273,0.513,47.0,0.236,49.0,6,2,1,0,0,0,/41H,,waltodo01,2024,Right
585,Mickey Gasper#,28,BOS,AL,-0.2,13,23,18,1,0,0,0,0,0,0,0,4,8,0.0,0.217,0.0,0.217,-30.0,0.151,-22.0,0,1,1,0,0,0,/4HD3,,gaspemi01,2024,Right
586,Pedro León,26,HOU,AL,-0.3,7,21,20,2,2,0,0,0,0,2,0,1,10,0.1,0.143,0.1,0.243,-29.0,0.141,-38.0,2,2,0,0,0,0,/9H,,leonpe01,2024,Right
587,Austin Wynns,33,CIN,NL,0.4,7,20,19,3,7,4,0,0,2,0,0,0,5,0.368,0.4,0.579,0.979,164.0,0.409,160.0,11,0,1,0,0,0,/2H,,wynnsau01,2024,Right
588,Isaac Collins#,26,MIL,NL,-0.3,11,19,17,0,2,0,0,0,0,1,0,2,10,0.118,0.211,0.118,0.328,-5.0,0.175,-14.0,2,0,0,0,0,0,/H74D,,colliis01,2024,Right
589,Jason Delay,29,PIT,NL,0.1,7,19,15,1,3,3,0,0,6,0,0,3,0,0.2,0.333,0.4,0.733,105.0,0.322,102.0,6,0,0,1,0,0,/2DH,,delayja01,2024,Right
590,Drew Waters#,25,KCR,AL,0.0,7,19,16,2,3,1,0,0,1,0,0,2,6,0.188,0.316,0.25,0.566,65.0,0.265,63.0,4,0,1,0,0,0,/97H,,waterdr01,2024,Right
591,Jorge Barrosa#,23,ARI,NL,0.0,8,18,17,3,3,2,0,0,1,1,0,0,2,0.176,0.176,0.294,0.471,28.0,0.213,9.0,5,0,0,1,0,0,/8H7,,barrojo01,2024,Right
592,Bubba Thompson,26,CIN,NL,-0.3,17,18,18,5,2,1,0,0,0,5,0,0,11,0.111,0.111,0.167,0.278,-25.0,0.186,-47.0,3,1,0,0,0,0,8/HD,,thompbu01,2024,Right
593,Rafael Ortega*,33,CHW,AL,-0.2,14,17,14,4,1,0,0,0,1,2,0,2,4,0.071,0.176,0.071,0.248,-25.0,0.21,8.0,1,1,0,0,1,0,8/H9D,,ortegra01,2024,Right
594,Brett Sullivan*,30,SDP,NL,0.0,7,17,16,1,3,0,0,1,2,0,0,1,4,0.188,0.235,0.375,0.61,67.0,0.253,54.0,6,0,0,0,0,0,/23H,,sullibr01,2024,Right
595,Sam Haggerty#,30,SEA,AL,-0.3,8,16,15,1,1,0,0,0,1,1,0,1,4,0.067,0.125,0.067,0.192,-41.0,0.114,-43.0,1,0,0,0,0,0,/7H9D,,haggesa01,2024,Right
596,Tyler Heineman#,33,2TM,AL,0.2,7,16,12,2,1,0,0,0,0,0,0,3,6,0.083,0.313,0.083,0.396,21.0,0.223,35.0,1,0,1,0,0,0,/21D,,heinety01,2024,Right
596,Tyler Heineman#,33,BOS,AL,0.1,2,3,2,0,0,0,0,0,0,0,0,0,1,0.0,0.333,0.0,0.333,7.0,0.239,41.0,0,0,1,0,0,0,/2D,,heinety01,2024,Right
596,Tyler Heineman#,33,TOR,AL,0.1,5,13,10,2,1,0,0,0,0,0,0,3,5,0.1,0.308,0.1,0.408,24.0,0.22,34.0,1,0,0,0,0,0,/21,,heinety01,2024,Right
597,Liván Soto*,24,2TM,2LG,0.1,13,16,13,1,3,1,0,0,0,0,0,3,3,0.231,0.375,0.308,0.683,100.0,0.318,107.0,4,0,0,0,0,0,/456DH,,sotoli01,2024,Right
597,Liván Soto*,24,CIN,NL,-0.1,1,3,3,0,0,0,0,0,0,0,0,0,1,0.0,0.0,0.0,0.0,-100.0,0.0,-138.0,0,0,0,0,0,0,/D,,sotoli01,2024,Right
597,Liván Soto*,24,BAL,AL,0.2,12,13,10,1,3,1,0,0,0,0,0,3,2,0.3,0.462,0.4,0.862,154.0,0.392,164.0,4,0,0,0,0,0,/456DH,,sotoli01,2024,Right
598,Kameron Misner*,26,TBR,AL,-0.3,8,15,15,0,1,0,0,0,0,0,0,0,10,0.067,0.067,0.067,0.133,-61.0,0.06,-79.0,1,0,0,0,0,0,/7H8,,misneka01,2024,Right
599,Carlos Narváez,25,NYY,AL,0.1,6,15,13,0,3,0,0,0,0,0,0,2,6,0.231,0.333,0.231,0.564,66.0,0.27,69.0,3,0,0,0,0,0,/2H,,narvaca01,2024,Right
600,Jakson Reetz,28,SFG,NL,-0.2,6,15,14,1,2,1,0,1,1,0,0,1,5,0.143,0.2,0.429,0.629,74.0,0.263,69.0,6,1,0,0,0,0,/2H,,reetzja01,2024,Right
601,Ryan McKenna,27,2TM,2LG,0.1,13,15,14,4,3,0,0,2,2,1,1,1,5,0.214,0.267,0.643,0.91,152.0,0.354,147.0,9,0,0,0,0,0,/9H78,,mckenry01,2024,Right
601,Ryan McKenna,27,BAL,AL,0.1,9,9,8,3,3,0,0,2,2,0,1,1,1,0.375,0.444,1.125,1.569,335.0,0.563,326.0,9,0,0,0,0,0,/9H78,,mckenry01,2024,Right
601,Ryan McKenna,27,SFG,NL,0.0,4,6,6,1,0,0,0,0,0,1,0,0,4,0.0,0.0,0.0,0.0,-100.0,0.041,-119.0,0,0,0,0,0,0,/9H7,,mckenry01,2024,Right
602,Darren Baker*,25,WSN,NL,0.0,9,14,14,1,7,2,0,0,0,0,0,0,3,0.5,0.5,0.643,1.143,222.0,0.483,224.0,9,0,0,0,0,0,/H4D7,,bakerda02,2024,Right
603,Hunter Feduccia*,27,LAD,NL,0.1,5,14,12,2,4,0,0,0,1,0,0,2,2,0.333,0.429,0.333,0.762,121.0,0.354,132.0,4,1,0,0,0,0,/2H,,feduchu01,2024,Right
604,DaShawn Keirsey Jr.*,27,MIN,AL,0.0,6,14,13,1,2,0,0,1,1,0,0,0,1,0.154,0.214,0.385,0.599,64.0,0.254,55.0,5,0,1,0,0,0,/87,,keirsda01,2024,Right
605,Luis Vázquez,24,CHC,NL,-0.2,11,14,12,2,1,0,0,0,1,0,0,0,6,0.083,0.143,0.083,0.226,-33.0,0.109,-48.0,1,1,1,0,1,0,/65H4,,vazqulu01,2024,Right
606,Brandon Lockridge,27,SDP,NL,0.0,12,12,12,4,2,0,0,1,1,2,0,0,4,0.167,0.167,0.417,0.583,56.0,0.275,42.0,5,0,0,0,0,0,/7H9D8,,lockrbr01,2024,Right
607,Bryce Teodosio,25,LAA,AL,-0.2,5,12,12,1,1,0,0,0,0,0,0,0,5,0.083,0.083,0.083,0.167,-52.0,0.141,-24.0,1,0,0,0,0,0,/8DH,,teodobr01,2024,Right
608,Eddy Alvarez*,34,NYM,NL,0.1,12,11,9,2,0,0,0,0,0,0,0,1,2,0.0,0.182,0.0,0.182,-41.0,0.128,-31.0,0,0,1,0,0,0,4/H16,,alvared01,2024,Right
609,Levi Jordan,28,CIN,NL,-0.2,7,11,10,1,1,1,0,0,1,0,0,0,3,0.1,0.091,0.2,0.291,-24.0,0.113,-53.0,2,0,0,0,1,0,/7H94,,jordale01,2024,Right
610,Oswald Peraza,24,NYY,AL,0.1,4,11,10,2,2,0,0,1,1,0,0,1,3,0.2,0.273,0.5,0.773,114.0,0.329,110.0,5,0,0,0,0,0,/5,,perazos02,2024,Right
611,Kevin Alcántara,21,CHC,NL,-0.2,3,10,10,1,1,0,0,0,0,0,0,0,1,0.1,0.1,0.1,0.2,-43.0,0.08,-69.0,1,0,0,0,0,0,/9,,alcanke01,2024,Right
612,Matt Duffy,33,TEX,AL,0.2,4,10,7,2,2,0,0,0,0,0,0,2,1,0.286,0.5,0.286,0.786,139.0,0.388,156.0,2,0,1,0,0,0,/5H,,duffyma01,2024,Right
613,Michael Helman,28,MIN,AL,0.1,9,10,10,2,3,2,0,0,0,0,0,0,3,0.3,0.3,0.5,0.8,120.0,0.329,109.0,5,0,0,0,0,0,/8H759,,helmami01,2024,Right
614,Tony Kemp*,32,BAL,AL,-0.2,5,10,9,1,0,0,0,0,0,0,0,1,1,0.0,0.1,0.0,0.1,-67.0,0.069,-67.0,0,0,0,0,0,0,/4H7,,kempto01,2024,Right
615,J.P. Martínez*,28,ATL,NL,0.0,7,10,10,2,2,1,0,0,0,1,0,0,4,0.2,0.2,0.3,0.5,37.0,0.328,89.0,3,0,0,0,0,0,/H798D,,martijp01,2024,Right
616,Liover Peguero,23,PIT,NL,-0.1,3,10,10,0,2,1,0,0,2,0,0,0,3,0.2,0.2,0.3,0.5,38.0,0.204,17.0,3,0,0,0,0,0,/6,,pegueli01,2024,Right
617,Edwin Ríos*,30,CIN,NL,-0.1,5,10,9,1,1,0,0,0,0,0,0,1,4,0.111,0.2,0.111,0.311,-11.0,0.159,-21.0,1,0,0,0,0,0,/3H,,riosed01,2024,Right
618,Rob Brantly*,34,TBR,AL,0.0,3,9,9,0,1,0,0,0,0,0,0,0,2,0.111,0.111,0.111,0.222,-36.0,0.099,-51.0,1,0,0,0,0,0,/2,,brantro01,2024,Right
619,Vinny Capra,27,MIL,NL,-0.1,3,9,9,1,1,1,0,0,0,0,0,0,3,0.111,0.111,0.222,0.333,-10.0,0.138,-31.0,2,1,0,0,0,0,/56,,capravi01,2024,Right
620,David Fletcher,30,ATL,NL,0.0,5,9,8,0,2,0,0,0,2,0,0,0,1,0.25,0.222,0.25,0.472,32.0,0.188,6.0,2,0,0,0,1,0,/4,,fletcda02,2024,Right
621,Cade Marlowe*,27,SEA,AL,0.0,8,9,8,1,2,0,0,0,0,0,0,1,1,0.25,0.333,0.25,0.583,77.0,0.275,82.0,2,1,0,0,0,0,/98HD,,marloca01,2024,Right
622,CJ Alexander*,27,KCR,AL,-0.2,4,8,8,0,1,0,0,0,0,0,0,0,3,0.125,0.125,0.125,0.25,-28.0,0.112,-48.0,1,0,0,0,0,0,/5DH,,alexacj01,2024,Right
623,Conner Capel*,27,CIN,NL,-0.1,5,8,8,1,2,0,0,0,0,1,0,0,2,0.25,0.25,0.25,0.5,38.0,0.254,27.0,2,0,0,0,0,0,/DH7,,capelco01,2024,Right
624,Diego Castillo,26,MIN,AL,0.2,4,8,6,3,2,1,0,0,2,0,0,2,1,0.333,0.5,0.5,1.0,184.0,0.439,189.0,3,0,0,0,0,0,/5DH,,castidi02,2024,Right
625,Cooper Hummel#,29,HOU,AL,-0.1,6,8,8,0,0,0,0,0,0,1,0,0,2,0.0,0.0,0.0,0.0,-100.0,0.143,-42.0,0,1,0,0,0,0,/H7D,,hummeco01,2024,Right
626,Grant Koch,27,PIT,NL,-0.1,3,8,7,1,0,0,0,0,0,0,0,1,6,0.0,0.125,0.0,0.125,-60.0,0.086,-69.0,0,0,0,0,0,0,/2H,,kochgr01,2024,Right
627,Taylor Trammell*,26,2TM,2LG,-0.2,10,8,7,2,1,0,0,0,0,0,0,1,3,0.143,0.25,0.143,0.393,16.0,0.198,16.0,1,0,0,0,0,0,/H79D,,trammta01,2024,Right
627,Taylor Trammell*,26,LAD,NL,-0.2,5,6,6,0,0,0,0,0,0,0,0,0,3,0.0,0.0,0.0,0.0,-100.0,0.0,-123.0,0,0,0,0,0,0,/H79,,trammta01,2024,Right
627,Taylor Trammell*,26,NYY,AL,-0.1,5,2,1,2,1,0,0,0,0,0,0,1,0,1.0,1.0,1.0,2.0,475.0,0.79,435.0,1,0,0,0,0,0,/H79D,,trammta01,2024,Right
628,Jair Camargo,24,MIN,AL,-0.1,5,7,6,1,0,0,0,0,0,0,0,1,3,0.0,0.143,0.0,0.143,-54.0,0.098,-57.0,0,0,0,0,0,0,/2DH,,camarja01,2024,Right
629,Aramis Garcia,31,PHI,NL,-0.1,3,7,7,0,0,0,0,0,0,0,0,0,3,0.0,0.0,0.0,0.0,-100.0,0.0,-129.0,0,1,0,0,0,0,/2,,garciar01,2024,Right
630,Dustin Harris*,24,TEX,AL,0.2,2,7,6,1,2,1,0,1,3,0,0,1,2,0.333,0.429,1.0,1.429,301.0,0.568,285.0,6,0,0,0,0,0,/D,,harridu01,2024,Right
631,Stone Garrett,28,WSN,NL,0.3,2,6,5,2,3,1,0,1,3,0,0,1,0,0.6,0.667,1.4,2.067,465.0,0.807,455.0,7,0,0,0,0,0,/DH,,garrest01,2024,Right
632,Greg Jones#,26,COL,NL,0.1,6,6,5,1,1,0,0,1,1,0,0,1,4,0.2,0.333,0.8,1.133,190.0,0.451,188.0,4,0,0,0,0,0,/9H,,jonesgr02,2024,Right
633,Andrew Knapp#,32,SFG,NL,-0.1,3,6,6,0,1,0,0,0,0,0,0,0,2,0.167,0.167,0.167,0.333,-3.0,0.133,-25.0,1,0,0,0,0,0,/2,,knappan01,2024,Right
634,Brian Anderson,31,ATL,NL,-0.2,3,5,5,0,0,0,0,0,0,0,0,0,2,0.0,0.0,0.0,0.0,-100.0,0.0,-132.0,0,1,0,0,0,0,/95,,anderbr06,2024,Right
635,Sandro Fabian,26,TEX,AL,-0.1,3,5,5,0,0,0,0,0,0,0,0,0,0,0.0,0.0,0.0,0.0,-100.0,0.0,-121.0,0,0,0,0,0,0,/79,,fabiasa01,2024,Right
636,Tyler Gentry,25,KCR,AL,-0.1,3,5,5,0,0,0,0,0,0,0,0,0,2,0.0,0.0,0.0,0.0,-100.0,0.0,-125.0,0,0,0,0,0,0,/9H,,gentrty01,2024,Right
637,Brewer Hicklen,28,MIL,NL,-0.2,3,5,5,0,0,0,0,0,0,1,0,0,4,0.0,0.0,0.0,0.0,-100.0,0.049,-130.0,0,0,0,0,0,0,/9H,,hicklbr01,2024,Right
638,Nick Maton*,27,BAL,AL,-0.1,5,5,5,0,0,0,0,0,0,0,0,0,2,0.0,0.0,0.0,0.0,-100.0,0.0,-116.0,0,0,0,0,0,0,/5H4D,,matonni01,2024,Right
639,Samad Taylor,25,SEA,AL,0.1,3,5,5,2,2,0,0,0,0,0,0,0,1,0.4,0.4,0.4,0.8,138.0,0.338,128.0,2,0,0,0,0,0,/78H,,taylosa04,2024,Right
640,Duke Ellis*,26,2TM,AL,-0.1,11,5,5,1,1,0,0,0,0,5,0,0,2,0.2,0.2,0.2,0.4,15.0,0.427,11.0,1,0,0,0,0,0,/H789D,,ellisdu01,2024,Right
640,Duke Ellis*,26,CHW,AL,-0.2,8,4,4,1,0,0,0,0,0,4,0,0,2,0.0,0.0,0.0,0.0,-100.0,0.248,-118.0,0,0,0,0,0,0,/H789D,,ellisdu01,2024,Right
640,Duke Ellis*,26,NYY,AL,0.1,3,1,1,0,1,0,0,0,0,1,0,0,0,1.0,1.0,1.0,2.0,475.0,1.142,536.0,1,0,0,0,0,0,/H7,,ellisdu01,2024,Right
641,José Devers*,24,MIA,NL,0.1,3,4,4,1,1,0,0,0,0,0,0,0,1,0.25,0.25,0.25,0.5,40.0,0.224,26.0,1,0,0,0,0,0,/34H,,deverjo01,2024,Right
642,Sam Huff,26,TEX,AL,0.0,3,4,3,0,0,0,0,0,0,0,0,1,2,0.0,0.25,0.0,0.25,-17.0,0.172,0.0,0,0,0,0,0,0,/2H,,huffsa01,2024,Right
643,Myles Straw,29,CLE,AL,-0.1,7,4,4,2,1,0,0,0,0,2,0,0,0,0.25,0.25,0.25,0.5,44.0,0.348,38.0,1,0,0,0,0,0,/8HD,,strawmy01,2024,Right
644,Matthew Batten,29,SDP,NL,0.1,1,3,3,0,1,0,1,0,0,0,0,0,0,0.333,0.333,1.0,1.333,253.0,0.523,250.0,3,0,0,0,0,0,/3,,battema01,2024,Right
645,Orelvis Martínez,22,TOR,AL,0.0,1,3,3,0,1,0,0,0,0,0,0,0,1,0.333,0.333,0.333,0.667,91.0,0.298,91.0,1,0,0,0,0,0,/4,,martior01,2024,Right
646,David Bañuelos,27,BAL,AL,,1,1,1,0,0,0,0,0,0,0,0,0,0,0.0,0.0,0.0,0.0,-100.0,0.0,-127.0,0,0,0,0,0,0,/H,,banueda01,2024,Right
647,Luis Castillo,31,SEA,AL,0.0,1,1,1,0,0,0,0,0,0,0,0,0,1,0.0,0.0,0.0,0.0,-100.0,0.0,-118.0,0,0,0,0,0,0,1,,castilu02,2024,Right
648,Daniel Johnson*,28,BAL,AL,0.0,1,1,1,1,0,0,0,0,0,0,0,0,0,0.0,0.0,0.0,0.0,-100.0,0.0,-127.0,0,0,0,0,0,0,/9H,,johnsda07,2024,Right
649,Scott McGough,34,ARI,NL,0.0,2,1,1,0,0,0,0,0,0,0,0,0,1,0.0,0.0,0.0,0.0,-100.0,0.0,-136.0,0,0,0,0,0,0,1,,mcgousc01,2024,Right
650,Chris Roller,27,MIL,NL,0.0,1,1,1,0,0,0,0,0,0,0,0,0,1,0.0,0.0,0.0,0.0,-100.0,0.0,-136.0,0,0,0,0,0,0,/8H,,rollech01,2024,Right
651,Eric Yang,26,CIN,NL,,1,1,1,0,0,0,0,0,0,0,0,0,1,0.0,0.0,0.0,0.0,-100.0,0.0,-145.0,0,0,0,0,0,0,/H,,yanger01,2024,Right
652,Chase Anderson,36,BOS,AL,0.0,1,0,0,0,0,0,0,0,0,0,0,0,0,,,,,,,,0,0,0,0,0,0,1,,anderch01,2024,Right
653,Pedro Avila,27,CLE,AL,0.0,1,0,0,0,0,0,0,0,0,0,0,0,0,,,,,,,,0,0,0,0,0,0,1,,avilape01,2024,Right
654,Mike Baumann,28,2TM,AL,0.0,2,0,0,0,0,0,0,0,0,0,0,0,0,,,,,,,,0,0,0,0,0,0,1,,baumami01,2024,Right
654,Mike Baumann,28,BAL,AL,0.0,1,0,0,0,0,0,0,0,0,0,0,0,0,,,,,,,,0,0,0,0,0,0,1,,baumami01,2024,Right
654,Mike Baumann,28,SEA,AL,0.0,1,0,0,0,0,0,0,0,0,0,0,0,0,,,,,,,,0,0,0,0,0,0,1,,baumami01,2024,Right
655,Jalen Beeks*,30,COL,NL,0.0,2,0,0,0,0,0,0,0,0,0,0,0,0,,,,,,,,0,0,0,0,0,0,1,,beeksja02,2024,Right
656,Brennan Bernardino*,32,BOS,AL,0.0,1,0,0,0,0,0,0,0,0,0,0,0,0,,,,,,,,0,0,0,0,0,0,1,,bernabr01,2024,Right
657,John Brebbia*,34,CHW,AL,0.0,1,0,0,0,0,0,0,0,0,0,0,0,0,,,,,,,,0,0,0,0,0,0,1,,brebbjo01,2024,Right
658,Jhony Brito,26,SDP,NL,0.0,1,0,0,0,0,0,0,0,0,0,0,0,0,,,,,,,,0,0,0,0,0,0,1,,britojh01,2024,Right
659,Kris Bubic*,26,KCR,AL,0.0,1,0,0,0,0,0,0,0,0,0,0,0,0,,,,,,,,0,0,0,0,0,0,1,,bubickr01,2024,Right
660,Génesis Cabrera*,27,TOR,AL,0.0,1,0,0,0,0,0,0,0,0,0,0,0,0,,,,,,,,0,0,0,0,0,0,1,,cabrege01,2024,Right
661,Isaiah Campbell,26,BOS,AL,0.0,2,0,0,0,0,0,0,0,0,0,0,0,0,,,,,,,,0,0,0,0,0,0,/1,,campbis01,2024,Right
662,Danny Coulombe*,34,BAL,AL,0.0,1,0,0,0,0,0,0,0,0,0,0,0,0,,,,,,,,0,0,0,0,0,0,1,,couloda01,2024,Right
663,Jeff Criswell,25,COL,NL,0.0,1,0,0,0,0,0,0,0,0,0,0,0,0,,,,,,,,0,0,0,0,0,0,1,,criswje01,2024,Right
664,Fernando Cruz#,34,CIN,NL,0.0,1,0,0,0,0,0,0,0,0,0,0,0,0,,,,,,,,0,0,0,0,0,0,1,,cruzfe01,2024,Right
665,Alexis Díaz,27,CIN,NL,0.0,1,0,0,0,0,0,0,0,0,0,0,0,0,,,,,,,,0,0,0,0,0,0,1,,diazal03,2024,Right
666,Edwin Díaz,30,NYM,NL,0.0,1,0,0,0,0,0,0,0,0,0,0,0,0,,,,,,,,0,0,0,0,0,0,1,,diazed04,2024,Right
667,Jake Diekman,37,NYM,NL,0.0,1,0,0,0,0,0,0,0,0,0,0,0,0,,,,,,,,0,0,0,0,0,0,1,,diekmja01,2024,Right
668,Seranthony Domínguez,29,BAL,AL,0.0,1,0,0,0,0,0,0,0,0,0,0,0,0,,,,,,,,0,0,0,0,0,0,1,,dominse01,2024,Right
669,Mason Englert#,24,DET,AL,0.0,1,0,0,0,0,0,0,0,0,0,0,0,0,,,,,,,,0,0,0,0,0,0,1,,englema01,2024,Right
670,Buck Farmer*,33,CIN,NL,0.0,1,0,0,0,0,0,0,0,0,0,0,0,0,,,,,,,,0,0,0,0,0,0,1,,farmebu01,2024,Right
671,Ryan Fernandez,26,STL,NL,0.0,2,0,0,0,0,0,0,0,0,0,0,0,0,,,,,,,,0,0,0,0,0,0,1,,fernary01,2024,Right
672,Kyle Finnegan,32,WSN,NL,0.0,1,0,0,0,0,0,0,0,0,0,0,0,0,,,,,,,,0,0,0,0,0,0,1,AS,finneky01,2024,Right
673,Jason Foley,28,DET,AL,0.0,1,0,0,0,0,0,0,0,0,0,0,0,0,,,,,,,,0,0,0,0,0,0,1,,foleyja01,2024,Right
674,Kyle Freeland*,31,COL,NL,0.0,2,0,0,0,0,0,0,0,0,0,0,0,0,,,,,,,,0,0,0,0,0,0,1/H,,freelky01,2024,Right
675,Luis Frías,26,ARI,NL,0.0,1,0,0,0,0,0,0,0,0,0,0,0,0,,,,,,,,0,0,0,0,0,0,/1,,friaslu01,2024,Right
676,Hunter Gaddis,26,CLE,AL,0.0,1,0,0,0,0,0,0,0,0,0,0,0,0,,,,,,,,0,0,0,0,0,0,1,,gaddihu01,2024,Right
677,Kevin Ginkel*,30,ARI,NL,0.0,2,0,0,0,0,0,0,0,0,0,0,0,0,,,,,,,,0,0,0,0,0,0,1,,ginkeke01,2024,Right
678,Chad Green*,33,TOR,AL,0.0,1,0,0,0,0,0,0,0,0,0,0,0,0,,,,,,,,0,0,0,0,0,0,1,,greench03,2024,Right
679,Josh Hader*,30,HOU,AL,0.0,3,0,0,0,0,0,0,0,0,0,0,0,0,,,,,,,,0,0,0,0,0,0,1,,haderjo01,2024,Right
680,Seth Halvorsen,24,COL,NL,0.0,1,0,0,0,0,0,0,0,0,0,0,0,0,,,,,,,,0,0,0,0,0,0,1,,halvose01,2024,Right
681,Hunter Harvey,29,KCR,AL,0.0,1,0,0,0,0,0,0,0,0,0,0,0,0,,,,,,,,0,0,0,0,0,0,/1,,harvehu01,2024,Right
682,Jonathan Heasley,27,BAL,AL,0.0,1,0,0,0,0,0,0,0,0,0,0,0,0,,,,,,,,0,0,0,0,0,0,/1,,heasljo01,2024,Right
683,Ryan Helsley,29,STL,NL,0.0,2,0,0,0,0,0,0,0,0,0,0,0,0,,,,,,,,0,0,0,0,0,0,1,ASCYA-9,helslry01,2024,Right
684,Kevin Herget*,33,MIL,NL,0.0,1,0,0,0,0,0,0,0,0,0,0,0,0,,,,,,,,0,0,0,0,0,0,/1,,hergeke01,2024,Right
685,Jonathan Hernández,27,TEX,AL,0.0,1,0,0,0,0,0,0,0,0,0,0,0,0,,,,,,,,0,0,0,0,0,0,1,,hernajo02,2024,Right
686,Porter Hodge,23,CHC,NL,0.0,1,0,0,0,0,0,0,0,0,0,0,0,0,,,,,,,,0,0,0,0,0,0,1,,hodgepo01,2024,Right
687,Spencer Howard,27,CLE,AL,0.0,1,0,0,0,0,0,0,0,0,0,0,0,0,,,,,,,,0,0,0,0,0,0,/1,,howarsp01,2024,Right
688,Joe Hudson,33,NYM,NL,0.0,1,0,0,0,0,0,0,0,0,0,0,0,0,,,,,,,,0,0,0,0,0,0,/2,,hudsojo03,2024,Right
689,Kenley Jansen#,36,BOS,AL,0.0,1,0,0,0,0,0,0,0,0,0,0,0,0,,,,,,,,0,0,0,0,0,0,1,,janseke01,2024,Right
690,Bryce Jarvis*,26,ARI,NL,0.0,2,0,0,0,0,0,0,0,0,0,0,0,0,,,,,,,,0,0,0,0,0,0,1,,jarvibr01,2024,Right
691,Craig Kimbrel,36,BAL,AL,0.0,1,0,0,0,0,0,0,0,0,0,0,0,0,,,,,,,,0,0,0,0,0,0,1,,kimbrcr01,2024,Right
692,Bryan King,27,HOU,AL,0.0,1,0,0,0,0,0,0,0,0,0,0,0,0,,,,,,,,0,0,0,0,0,0,1,,kingbr02,2024,Right
693,John King*,29,STL,NL,0.0,1,0,0,0,0,0,0,0,0,0,0,0,0,,,,,,,,0,0,0,0,0,0,1,,kingjo01,2024,Right
694,Tyler Kinley,33,COL,NL,0.0,2,0,0,0,0,0,0,0,0,0,0,0,0,,,,,,,,0,0,0,0,0,0,1,,kinlety01,2024,Right
695,Andrew Kittredge,34,STL,NL,0.0,1,0,0,0,0,0,0,0,0,0,0,0,0,,,,,,,,0,0,0,0,0,0,1,,kittran01,2024,Right
696,Matt Koch*,33,COL,NL,0.0,1,0,0,0,0,0,0,0,0,0,0,0,0,,,,,,,,0,0,0,0,0,0,/1,,kochma01,2024,Right
697,Michael Kopech,28,CHW,AL,0.0,1,0,0,0,0,0,0,0,0,0,0,0,0,,,,,,,,0,0,0,0,0,0,1,,kopecmi01,2024,Right
698,Peter Lambert,27,COL,NL,0.0,1,0,0,0,0,0,0,0,0,0,0,0,0,,,,,,,,0,0,0,0,0,0,1,,lambepe01,2024,Right
699,Jacob Latz,28,TEX,AL,0.0,1,0,0,0,0,0,0,0,0,0,0,0,0,,,,,,,,0,0,0,0,0,0,1,,latzja01,2024,Right
700,Derek Law,33,WSN,NL,0.0,1,0,0,0,0,0,0,0,0,0,0,0,0,,,,,,,,0,0,0,0,0,0,1,,lawde01,2024,Right
701,Justin Lawrence,29,COL,NL,0.0,2,0,0,0,0,0,0,0,0,0,0,0,0,,,,,,,,0,0,0,0,0,0,1,,lawreju01,2024,Right
702,Kyle Leahy#,27,STL,NL,0.0,1,0,0,0,0,0,0,0,0,0,0,0,0,,,,,,,,0,0,0,0,0,0,1,,leahyky01,2024,Right
703,José Leclerc,30,TEX,AL,0.0,1,0,0,0,0,0,0,0,0,0,0,0,0,,,,,,,,0,0,0,0,0,0,1,,leclejo01,2024,Right
704,Jorge López,31,NYM,NL,0.0,1,0,0,0,0,0,0,0,0,0,0,0,0,,,,,,,,0,0,0,0,0,0,1,,lopezjo02,2024,Right
705,Joe Mantiply,33,ARI,NL,0.0,1,0,0,0,0,0,0,0,0,0,0,0,0,,,,,,,,0,0,0,0,0,0,1,,mantijo01,2024,Right
706,Chris Martin,38,BOS,AL,0.0,2,0,0,0,0,0,0,0,0,0,0,0,0,,,,,,,,0,0,0,0,0,0,1,,martich02,2024,Right
707,Justin Martínez,22,ARI,NL,0.0,2,0,0,0,0,0,0,0,0,0,0,0,0,,,,,,,,0,0,0,0,0,0,1,,martiju01,2024,Right
708,James McArthur,27,KCR,AL,0.0,2,0,0,0,0,0,0,0,0,0,0,0,0,,,,,,,,0,0,0,0,0,0,1,,mcartja01,2024,Right
709,Nick Mears,27,COL,NL,0.0,1,0,0,0,0,0,0,0,0,0,0,0,0,,,,,,,,0,0,0,0,0,0,1,,mearsni01,2024,Right
710,Trevor Megill*,30,MIL,NL,0.0,1,0,0,0,0,0,0,0,0,0,0,0,0,,,,,,,,0,0,0,0,0,0,1,,megiltr01,2024,Right
711,Julian Merryweather,32,CHC,NL,0.0,1,0,0,0,0,0,0,0,0,0,0,0,0,,,,,,,,0,0,0,0,0,0,1,,merryju01,2024,Right
712,Hoby Milner*,33,MIL,NL,0.0,1,0,0,0,0,0,0,0,0,0,0,0,0,,,,,,,,0,0,0,0,0,0,1,,milneho01,2024,Right
713,Héctor Neris,35,CHC,NL,0.0,1,0,0,0,0,0,0,0,0,0,0,0,0,,,,,,,,0,0,0,0,0,0,1,,nerishe01,2024,Right
714,Joel Payamps,30,MIL,NL,0.0,1,0,0,0,0,0,0,0,0,0,0,0,0,,,,,,,,0,0,0,0,0,0,1,,payamjo01,2024,Right
715,Elvis Peguero,27,MIL,NL,0.0,1,0,0,0,0,0,0,0,0,0,0,0,0,,,,,,,,0,0,0,0,0,0,1,,pegueel01,2024,Right
716,Zach Penrod*,27,BOS,AL,0.0,1,0,0,0,0,0,0,0,0,0,0,0,0,,,,,,,,0,0,0,0,0,0,/1,,penroza01,2024,Right
717,Ryan Pressly,35,HOU,AL,0.0,2,0,0,0,0,0,0,0,0,0,0,0,0,,,,,,,,0,0,0,0,0,0,1,,pressry01,2024,Right
718,A.J. Puk*,29,ARI,NL,0.0,1,0,0,0,0,0,0,0,0,0,0,0,0,,,,,,,,0,0,0,0,0,0,1,,pukaj01,2024,Right
719,José Quijada*,28,LAA,AL,0.0,1,0,0,0,0,0,0,0,0,0,0,0,0,,,,,,,,0,0,0,0,0,0,1,,quijajo01,2024,Right
720,David Robertson,39,TEX,AL,0.0,2,0,0,0,0,0,0,0,0,0,0,0,0,,,,,,,,0,0,0,0,0,0,1,,roberda08,2024,Right
721,Yerry Rodríguez,26,TEX,AL,0.0,1,0,0,0,0,0,0,0,0,0,0,0,0,,,,,,,,0,0,0,0,0,0,1,,rodriye01,2024,Right
722,JoJo Romero*,27,STL,NL,0.0,1,0,0,0,0,0,0,0,0,0,0,0,0,,,,,,,,0,0,0,0,0,0,1,,romerjo01,2024,Right
723,Paul Sewald,34,ARI,NL,0.0,1,0,0,0,0,0,0,0,0,0,0,0,0,,,,,,,,0,0,0,0,0,0,1,,sewalpa01,2024,Right
724,Chase Shugart*,27,BOS,AL,0.0,1,0,0,0,0,0,0,0,0,0,0,0,0,,,,,,,,0,0,0,0,0,0,/1,,shugach01,2024,Right
725,Lucas Sims,30,CIN,NL,0.0,1,0,0,0,0,0,0,0,0,0,0,0,0,,,,,,,,0,0,0,0,0,0,1,,simslu01,2024,Right
726,Kevin Smith,27,NYY,AL,0.0,2,0,0,0,0,0,0,0,0,0,0,0,0,,,,,,,,0,0,0,0,0,0,/HD,,smithke05,2024,Right
727,Ryne Stanek,32,SEA,AL,0.0,1,0,0,0,0,0,0,0,0,0,0,0,0,,,,,,,,0,0,0,0,0,0,1,,stanery01,2024,Right
728,Albert Suárez,34,BAL,AL,0.0,1,0,0,0,0,0,0,0,0,0,0,0,0,,,,,,,,0,0,0,0,0,0,1,,suareal01,2024,Right
729,Ryan Thompson,32,ARI,NL,0.0,1,0,0,0,0,0,0,0,0,0,0,0,0,,,,,,,,0,0,0,0,0,0,1,,thompry02,2024,Right
730,Trent Thornton,30,SEA,AL,0.0,1,0,0,0,0,0,0,0,0,0,0,0,0,,,,,,,,0,0,0,0,0,0,1,,thorntr01,2024,Right
731,José Ureña,32,TEX,AL,0.0,2,0,0,0,0,0,0,0,0,0,0,0,0,,,,,,,,0,0,0,0,0,0,1,,urenajo01,2024,Right
732,Victor Vodnik,24,COL,NL,0.0,1,0,0,0,0,0,0,0,0,0,0,0,0,,,,,,,,0,0,0,0,0,0,1,,vodnivi01,2024,Right
733,Austin Voth,32,SEA,AL,0.0,1,0,0,0,0,0,0,0,0,0,0,0,0,,,,,,,,0,0,0,0,0,0,1,,vothau01,2024,Right
734,Jacob Webb,30,BAL,AL,0.0,1,0,0,0,0,0,0,0,0,0,0,0,0,,,,,,,,0,0,0,0,0,0,1,,webbja01,2024,Right
735,Mitch White,29,MIL,NL,0.0,1,0,0,0,0,0,0,0,0,0,0,0,0,,,,,,,,0,0,0,0,0,0,/1,,whitemi03,2024,Right
736,Owen White,24,TEX,AL,0.0,1,0,0,0,0,0,0,0,0,0,0,0,0,,,,,,,,0,0,0,0,0,0,/1,,whiteow01,2024,Right
737,Justin Wilson*,36,CIN,NL,0.0,1,0,0,0,0,0,0,0,0,0,0,0,0,,,,,,,,0,0,0,0,0,0,1,,wilsoju10,2024,Right
738,Josh Winckowski,26,BOS,AL,0.0,1,0,0,0,0,0,0,0,0,0,0,0,0,,,,,,,,0,0,0,0,0,0,1,,winckjo01,2024,Right
739,Kirby Yates*,37,TEX,AL,0.0,3,0,0,0,0,0,0,0,0,0,0,0,0,,,,,,,,0,0,0,0,0,0,1,ASCYA-8,yateski01,2024,Right
740,Alex Young*,30,CIN,NL,0.0,1,0,0,0,0,0,0,0,0,0,0,0,0,,,,,,,,0,0,0,0,0,0,/1,,youngal01,2024,Right
741,Guillo Zuñiga,25,LAA,AL,0.0,1,0,0,0,0,0,0,0,0,0,0,0,0,,,,,,,,0,0,0,0,0,0,1,,zuniggu01,2024,Right
1,Francisco Lindor#,31,NYM,NL,5.8,160,732,644,117,172,35,0,31,86,31,6,65,131,0.267,0.346,0.466,0.811,129.0,0.359,128.0,300,9,16,0,7,2,*6/DH,AS,lindofr01,2025,Right
2,Rafael Devers*,28,2TM,2LG,4.0,163,729,607,99,153,33,0,35,109,1,1,112,192,0.252,0.372,0.479,0.851,140.0,0.366,139.0,291,16,6,0,4,10,*D3/5H,,deverra01,2025,Right
2,Rafael Devers*,28,BOS,AL,2.3,73,334,272,47,74,18,0,15,58,1,1,56,76,0.272,0.401,0.504,0.905,151.0,0.387,153.0,137,7,4,0,2,7,D,,deverra01,2025,Right
2,Rafael Devers*,28,SFG,NL,1.8,90,395,335,52,79,15,0,20,51,0,0,56,116,0.236,0.347,0.46,0.807,130.0,0.349,127.0,154,9,2,0,2,3,D3/5H,,deverra01,2025,Right
3,Shohei Ohtani*,30,LAD,NL,6.6,158,727,611,146,172,25,9,55,102,20,6,109,187,0.282,0.392,0.622,1.014,179.0,0.423,175.0,380,9,3,0,2,20,*D1,AS,ohtansh01,2025,Right
4,Matt Olson*,31,ATL,NL,6.1,162,724,624,98,170,41,2,29,95,1,0,91,176,0.272,0.366,0.484,0.85,138.0,0.368,136.0,302,14,4,0,5,2,*3,AS,olsonma02,2025,Right
5,Kyle Schwarber*,32,PHI,NL,4.7,162,724,604,111,145,23,2,56,132,10,2,108,197,0.24,0.365,0.563,0.928,150.0,0.396,149.0,340,4,11,0,1,6,*D/7,AS,schwaky01,2025,Right
6,Geraldo Perdomo#,25,ARI,NL,7.0,161,720,597,98,173,33,5,20,100,27,6,94,83,0.29,0.389,0.462,0.851,136.0,0.382,139.0,276,11,10,8,11,1,*6/H,,perdoge01,2025,Right
7,Juan Soto*,26,NYM,NL,6.2,160,715,577,120,152,20,1,43,105,38,4,127,137,0.263,0.396,0.525,0.921,160.0,0.41,163.0,303,17,3,1,6,13,*9/D,,sotoju01,2025,Right
8,Julio Rodríguez,24,SEA,AL,6.8,160,710,652,106,174,31,4,32,95,30,6,44,152,0.267,0.324,0.474,0.798,128.0,0.353,133.0,309,15,12,0,2,5,*8/DH,AS,rodriju01,2025,Right
9,Pete Alonso,30,NYM,NL,3.4,162,709,624,87,170,41,1,38,126,1,2,61,162,0.272,0.347,0.524,0.871,144.0,0.371,142.0,327,23,15,0,9,5,*3/D,AS,alonspe01,2025,Right
10,Randy Arozarena,30,SEA,AL,3.9,160,709,613,95,146,32,1,27,76,31,6,64,191,0.238,0.334,0.426,0.76,119.0,0.341,124.0,261,9,27,0,5,2,*7/D,AS,arozara01,2025,Right
11,Cal Raleigh#,28,SEA,AL,7.3,159,705,596,110,147,24,0,60,125,14,4,97,188,0.247,0.359,0.589,0.948,169.0,0.392,165.0,351,6,9,0,3,17,*2D/H,AS,raleica01,2025,Right
12,Elly De La Cruz#,23,CIN,NL,3.6,162,699,629,102,166,31,7,22,86,37,8,67,181,0.264,0.336,0.44,0.777,109.0,0.342,104.0,277,14,2,0,1,10,*6/DH,AS,delacel01,2025,Right
13,Brent Rooker,30,ATH,AL,2.3,162,699,626,92,164,40,3,30,89,6,1,65,155,0.262,0.335,0.479,0.814,123.0,0.353,125.0,300,13,5,0,2,4,*D9/7H,AS,rookebr01,2025,Right
14,Jarren Duran*,28,BOS,AL,4.6,157,696,620,86,159,41,13,16,84,24,6,60,169,0.256,0.332,0.442,0.774,114.0,0.345,118.0,274,6,12,1,3,1,*78/H9D,,duranja01,2025,Right
15,Heliot Ramos,25,SFG,NL,1.2,157,695,620,85,159,24,1,21,69,6,4,52,158,0.256,0.328,0.4,0.728,108.0,0.319,107.0,248,16,17,0,6,2,*7/DH,,ramoshe02,2025,Right
16,Steven Kwan*,27,CLE,AL,3.7,156,693,625,81,170,29,1,11,56,21,5,55,60,0.272,0.33,0.374,0.705,96.0,0.312,94.0,234,3,3,3,7,2,*7/D8,AS,kwanst01,2025,Right
17,Fernando Tatis Jr.,26,SDP,NL,5.9,155,691,594,111,159,27,2,25,71,32,7,89,129,0.268,0.368,0.446,0.814,125.0,0.368,129.0,265,6,6,0,2,7,*9/D,AS,tatisfe02,2025,Right
18,James Wood*,22,WSN,NL,3.7,157,689,598,87,153,38,0,31,94,15,7,85,221,0.256,0.35,0.475,0.825,132.0,0.357,132.0,284,12,3,0,3,8,*7D/H,AS,woodja03,2025,Right
19,Bobby Witt Jr.,25,KCR,AL,7.1,157,687,623,99,184,47,6,23,88,38,9,49,125,0.295,0.351,0.501,0.852,136.0,0.37,136.0,312,7,8,0,7,8,*6/D,AS,wittbo02,2025,Right
20,Willy Adames,29,SFG,NL,3.6,160,686,591,94,133,22,2,30,87,12,4,80,179,0.225,0.318,0.421,0.74,111.0,0.326,110.0,249,9,5,0,9,2,*6/D,,adamewi01,2025,Right
21,TJ Friedl*,29,CIN,NL,2.3,152,685,579,82,151,22,2,14,53,12,3,81,115,0.261,0.364,0.378,0.742,102.0,0.341,106.0,219,7,16,4,5,0,*8/DH,,friedtj01,2025,Right
22,Vinnie Pasquantino*,27,KCR,AL,2.4,160,682,621,72,164,33,1,32,113,1,0,49,107,0.264,0.323,0.475,0.798,120.0,0.343,121.0,295,14,7,0,5,5,*3D,,pasquvi01,2025,Right
23,Vladimir Guerrero Jr.,26,TOR,AL,4.5,156,680,589,96,172,34,0,23,84,6,3,81,94,0.292,0.381,0.467,0.848,133.0,0.365,133.0,275,17,6,0,4,8,*3D/H,AS,guerrvl02,2025,Right
24,Aaron Judge,33,NYY,AL,9.7,152,679,541,137,179,30,2,53,114,12,5,124,160,0.331,0.457,0.688,1.144,215.0,0.461,212.0,372,16,7,0,7,36,9D/H,AS,judgeaa01,2025,Right
25,Manny Machado,32,SDP,NL,4.1,159,678,615,91,169,33,0,27,95,14,3,55,131,0.275,0.335,0.46,0.795,118.0,0.346,115.0,283,16,3,0,5,4,*5D,AS,machama01,2025,Right
26,Luis Arráez*,28,SDP,NL,1.3,154,675,620,66,181,30,4,8,61,11,4,34,21,0.292,0.327,0.392,0.719,99.0,0.318,97.0,243,12,2,12,7,0,*3D4/H,,arraelu01,2025,Right
27,José Ramírez#,32,CLE,AL,5.8,158,673,593,103,168,34,3,30,85,44,7,66,74,0.283,0.36,0.503,0.863,137.0,0.372,134.0,298,9,8,0,5,22,*5D,AS,ramirjo01,2025,Right
28,Ozzie Albies#,28,ATL,NL,2.1,157,667,603,74,145,23,2,16,74,14,3,55,94,0.24,0.306,0.365,0.671,89.0,0.307,92.0,220,9,4,0,5,2,*4,,albieoz01,2025,Right
29,Maikel Garcia,25,KCR,AL,5.8,160,666,595,81,170,39,5,16,74,23,9,62,84,0.286,0.351,0.449,0.8,123.0,0.348,123.0,267,14,1,3,5,0,*564/8DH9,AS,garcima01,2025,Right
30,Mookie Betts,32,LAD,NL,4.8,150,663,589,95,152,23,2,20,82,8,2,61,68,0.258,0.326,0.406,0.732,104.0,0.322,102.0,239,15,3,0,10,2,*6/H9,,bettsmo01,2025,Right
31,Ian Happ#,30,CHC,NL,4.0,150,663,569,87,138,32,0,23,79,6,3,87,151,0.243,0.342,0.42,0.762,120.0,0.338,122.0,239,8,2,0,5,2,*7/DH,,happia01,2025,Right
32,Taylor Ward,31,LAA,AL,2.7,157,663,579,86,132,31,2,36,103,4,1,75,175,0.228,0.317,0.475,0.792,116.0,0.342,117.0,275,13,3,0,6,1,*7/DH,,wardta01,2025,Right
33,William Contreras,27,MIL,NL,3.9,150,659,566,89,147,28,0,17,76,6,4,84,120,0.26,0.355,0.399,0.754,111.0,0.342,117.0,226,14,3,0,6,4,*2D/37,,contrwi02,2025,Right
34,Brice Turang*,25,MIL,NL,5.5,156,659,584,97,168,28,2,18,81,24,8,66,150,0.288,0.359,0.435,0.794,121.0,0.355,123.0,254,3,2,2,5,1,*4/H6,,turanbr02,2025,Right
35,Eugenio Suárez,33,2TM,2LG,3.6,159,657,588,91,134,28,0,49,118,4,1,46,196,0.228,0.298,0.526,0.824,126.0,0.354,127.0,309,11,16,0,7,2,*5/D3H,AS,suareeu01,2025,Right
35,Eugenio Suárez,33,ARI,NL,3.3,106,437,387,64,96,19,0,36,87,1,0,29,117,0.248,0.32,0.576,0.897,142.0,0.386,145.0,223,7,15,0,6,1,5/DH3,,suareeu01,2025,Right
35,Eugenio Suárez,33,SEA,AL,0.3,53,220,201,27,38,9,0,13,31,3,1,17,79,0.189,0.255,0.428,0.682,94.0,0.289,89.0,86,4,1,0,1,1,5/3,,suareeu01,2025,Right
36,Cody Bellinger*,29,NYY,AL,5.0,152,656,588,89,160,25,5,29,98,13,2,57,90,0.272,0.334,0.48,0.813,125.0,0.349,123.0,282,8,2,0,9,1,*798/3H,,bellico01,2025,Right
37,Riley Greene*,24,DET,AL,2.1,157,655,600,84,155,31,1,36,111,2,1,46,201,0.258,0.313,0.493,0.806,120.0,0.343,118.0,296,14,4,0,5,1,*7D8/H9,AS,greenri03,2025,Right
38,Jose Altuve,35,HOU,AL,0.5,155,654,588,80,156,24,1,26,77,10,6,55,109,0.265,0.329,0.442,0.771,112.0,0.331,110.0,260,20,4,1,6,5,4D7/H,,altuvjo01,2025,Right
39,J.P. Crawford*,30,SEA,AL,3.7,157,654,570,69,151,24,0,12,58,8,1,74,122,0.265,0.352,0.37,0.722,111.0,0.322,113.0,211,11,3,6,1,1,*6/H,,crawfjp01,2025,Right
40,Bryan Reynolds#,30,PIT,NL,1.4,154,654,587,68,144,38,3,16,73,3,2,57,173,0.245,0.318,0.402,0.72,99.0,0.319,99.0,236,15,7,0,3,1,*9D/H,,reynobr01,2025,Right
41,Trevor Story,32,BOS,AL,3.8,157,654,612,91,161,29,0,25,96,31,1,33,176,0.263,0.308,0.433,0.741,104.0,0.333,105.0,265,3,7,1,1,1,*6/HD,,storytr01,2025,Right
42,Junior Caminero,21,TBR,AL,4.5,154,653,602,93,159,28,0,45,110,7,1,41,125,0.264,0.311,0.535,0.846,131.0,0.366,136.0,322,31,3,0,7,1,*5/DH3,AS,caminju01,2025,Right
43,Brandon Nimmo*,32,NYM,NL,2.9,155,652,587,81,154,27,0,25,92,13,1,50,141,0.262,0.324,0.436,0.76,114.0,0.335,113.0,256,8,7,1,7,1,*7/8DH,,nimmobr01,2025,Right
44,Yandy Díaz,33,TBR,AL,3.4,150,651,583,79,175,29,1,25,83,3,1,57,92,0.3,0.366,0.482,0.848,136.0,0.364,136.0,281,12,6,0,5,4,*D3,,diazya01,2025,Right
45,Gunnar Henderson*,24,BAL,AL,5.4,154,651,577,85,158,34,5,17,68,30,5,62,137,0.274,0.349,0.438,0.787,121.0,0.349,122.0,253,7,7,0,5,6,*6/DH,,hendegu01,2025,Right
46,Seiya Suzuki,30,CHC,NL,2.6,151,651,571,75,140,31,3,32,103,5,2,71,164,0.245,0.326,0.478,0.804,130.0,0.348,129.0,273,13,1,0,8,1,D97/H8,,suzukse01,2025,Right
47,Nico Hoerner,28,CHC,NL,6.1,156,649,599,89,178,29,4,7,61,29,6,39,49,0.297,0.345,0.394,0.739,114.0,0.338,118.0,236,4,7,0,4,1,*4/6,,hoernni01,2025,Right
48,Jackson Holliday*,21,BAL,AL,1.0,149,649,586,70,142,21,3,17,55,17,11,56,140,0.242,0.314,0.375,0.69,95.0,0.305,97.0,220,4,6,0,1,1,*4/6DH,,hollija01,2025,Right
49,Spencer Torkelson,25,DET,AL,2.3,155,649,563,82,135,27,1,31,78,2,1,72,169,0.24,0.333,0.456,0.789,117.0,0.339,116.0,257,12,9,0,5,6,*3D/H,,torkesp01,2025,Right
50,Pete Crow-Armstrong*,23,CHC,NL,6.0,157,647,591,91,146,37,4,31,95,35,8,29,155,0.247,0.287,0.481,0.768,118.0,0.337,117.0,284,1,9,6,12,1,*8/HD,AS,crowape01,2025,Right
51,Dansby Swanson,31,CHC,NL,4.5,159,645,590,84,144,24,3,24,77,20,3,47,168,0.244,0.3,0.417,0.717,105.0,0.323,108.0,246,9,2,1,5,1,*6,,swansda01,2025,Right
52,Christian Yelich*,33,MIL,NL,3.1,150,644,573,88,151,21,0,29,103,16,6,64,167,0.264,0.343,0.452,0.795,121.0,0.35,121.0,259,6,6,0,1,6,*D7/H,,yelicch01,2025,Right
53,Corbin Carroll*,24,ARI,NL,5.8,143,642,564,107,146,32,17,31,84,32,6,67,153,0.259,0.343,0.541,0.883,140.0,0.382,137.0,305,6,7,0,4,4,*9/8DH,AS,carroco02,2025,Right
54,Michael Harris II*,24,ATL,NL,2.1,160,641,611,55,152,26,6,20,86,20,6,16,128,0.249,0.268,0.409,0.678,88.0,0.295,83.0,250,7,3,4,7,1,*8/H,,harrimi04,2025,Right
55,Salvador Perez,35,KCR,AL,0.4,155,641,597,54,141,35,0,30,100,0,0,28,125,0.236,0.284,0.446,0.729,100.0,0.311,97.0,266,14,12,0,1,5,2D3,,perezsa02,2025,Right
56,Christian Walker,34,HOU,AL,0.2,154,640,585,72,139,24,1,27,88,2,1,40,177,0.238,0.297,0.421,0.717,97.0,0.312,96.0,246,10,11,0,4,1,*3/DH,,walkech02,2025,Right
57,Trea Turner,32,PHI,NL,5.5,141,639,589,94,179,31,7,15,69,36,7,43,107,0.304,0.355,0.457,0.812,121.0,0.368,124.0,269,11,5,0,2,1,*6/DH,,turnetr01,2025,Right
58,CJ Abrams*,24,WSN,NL,3.3,144,635,580,92,149,35,5,19,60,31,3,37,125,0.257,0.315,0.433,0.748,111.0,0.338,111.0,251,5,14,1,3,1,*6/HD,,abramcj01,2025,Right
59,Lawrence Butler*,24,ATH,AL,1.9,152,630,569,83,133,30,2,21,63,22,7,59,179,0.234,0.306,0.404,0.71,96.0,0.313,95.0,230,7,0,2,0,0,*98H,,butlela01,2025,Right
60,Bo Bichette,27,TOR,AL,3.4,139,628,582,78,181,44,1,18,94,4,3,40,91,0.311,0.357,0.483,0.84,129.0,0.364,132.0,281,17,3,0,3,2,*6/DH,,bichebo01,2025,Right
61,Gleyber Torres,28,DET,AL,2.9,145,628,532,79,136,22,0,16,74,4,1,85,101,0.256,0.358,0.387,0.745,108.0,0.336,113.0,206,11,4,0,7,0,*4D/H,AS,torregl01,2025,Right
62,Freddie Freeman*,35,LAD,NL,3.5,147,627,556,81,164,39,2,24,90,6,2,60,128,0.295,0.367,0.502,0.869,141.0,0.376,141.0,279,13,6,0,5,7,*3/H,AS,freemfr01,2025,Right
63,Andy Pages,24,LAD,NL,3.8,156,624,581,74,158,27,1,27,86,14,7,29,135,0.272,0.313,0.461,0.774,114.0,0.338,115.0,268,9,8,0,6,0,*897,,pagesan01,2025,Right
64,Tyler Soderstrom*,23,ATH,AL,4.4,158,624,561,75,155,34,1,25,93,8,3,55,141,0.276,0.346,0.474,0.82,126.0,0.352,125.0,266,18,6,0,2,2,73H/D,,soderty01,2025,Right
65,Xavier Edwards#,25,MIA,NL,3.2,139,619,561,75,159,20,5,3,43,27,7,49,88,0.283,0.343,0.353,0.695,94.0,0.317,93.0,198,6,3,3,3,2,46/HD,,edwarxa01,2025,Right
66,Jung Hoo Lee*,26,SFG,NL,1.8,150,617,560,73,149,31,12,8,55,10,3,47,71,0.266,0.327,0.407,0.735,110.0,0.329,112.0,228,2,6,0,4,0,*8/HD,,leeju01,2025,Right
67,Nathaniel Lowe*,29,2TM,2LG,0.1,153,609,540,64,123,23,3,18,84,1,0,62,159,0.228,0.307,0.381,0.689,94.0,0.304,93.0,206,6,2,0,5,2,*3/HD,,lowena01,2025,Right
67,Nathaniel Lowe*,29,WSN,NL,-0.3,119,490,440,50,95,17,2,16,68,1,0,47,130,0.216,0.292,0.373,0.665,88.0,0.297,88.0,164,5,1,0,2,0,*3/DH,,lowena01,2025,Right
67,Nathaniel Lowe*,29,BOS,AL,0.4,34,119,100,14,28,6,1,2,16,0,0,15,29,0.28,0.37,0.42,0.79,121.0,0.336,115.0,42,1,1,0,3,2,3/HD,,lowena01,2025,Right
68,Josh Naylor*,28,2TM,2LG,3.1,147,604,543,81,160,29,1,20,92,30,2,48,83,0.295,0.353,0.462,0.816,128.0,0.365,128.0,251,17,4,0,5,4,*3D/H,,naylojo01,2025,Right
68,Josh Naylor*,28,ARI,NL,0.8,93,394,349,49,102,19,1,11,59,11,2,37,49,0.292,0.36,0.447,0.807,123.0,0.356,122.0,156,14,2,0,4,4,3D/H,,naylojo01,2025,Right
68,Josh Naylor*,28,SEA,AL,2.2,54,210,194,32,58,10,0,9,33,19,0,11,34,0.299,0.341,0.49,0.831,138.0,0.38,141.0,95,3,2,0,1,0,3/DH,,naylojo01,2025,Right
69,Kyle Tucker*,28,CHC,NL,4.5,136,597,500,91,133,25,4,22,73,25,3,87,88,0.266,0.377,0.464,0.841,143.0,0.375,143.0,232,8,4,1,3,7,*9D/H,AS,tuckeky01,2025,Right
70,Anthony Volpe,24,NYY,AL,1.7,153,596,539,65,114,32,4,19,72,18,8,43,150,0.212,0.272,0.391,0.663,83.0,0.287,80.0,211,10,4,3,7,0,*6/H,,volpean01,2025,Right
71,Sal Frelick*,25,MIL,NL,3.0,142,594,528,76,152,20,3,12,63,19,6,47,80,0.288,0.351,0.405,0.756,111.0,0.335,110.0,214,4,7,3,5,0,*98/H35,,frelisa01,2025,Right
72,Otto López,26,MIA,NL,3.5,143,594,544,66,134,21,0,15,77,15,6,44,82,0.246,0.305,0.368,0.672,86.0,0.307,89.0,200,9,3,0,3,2,*64/HD,,lopezot01,2025,Right
73,Michael Busch*,27,CHC,NL,4.5,155,592,524,78,137,25,5,34,90,4,0,56,139,0.261,0.343,0.523,0.866,147.0,0.376,148.0,274,2,10,0,2,2,*3H/D,,buschmi02,2025,Right
74,Marcell Ozuna,34,ATL,NL,1.6,145,592,487,61,113,19,0,21,68,0,0,94,144,0.232,0.355,0.4,0.756,113.0,0.342,118.0,195,11,3,0,7,2,*D/H,,ozunama01,2025,Right
75,Nick Castellanos,33,PHI,NL,-1.0,147,589,547,72,137,27,2,17,72,4,0,32,133,0.25,0.294,0.4,0.694,88.0,0.309,87.0,219,13,4,0,6,0,*9/DH,,casteni01,2025,Right
76,Jackson Chourio,21,MIL,NL,2.2,131,589,549,88,148,35,4,21,78,21,7,30,121,0.27,0.308,0.463,0.77,112.0,0.339,112.0,254,13,3,1,6,1,*879/D,,chourja01,2025,Right
77,Jordan Beck,24,COL,NL,0.9,148,588,539,62,139,27,5,16,53,19,8,43,174,0.258,0.317,0.416,0.732,94.0,0.327,94.0,224,9,4,0,1,0,*7H/D8,,beckjo01,2025,Right
78,Ernie Clement,29,TOR,AL,4.3,157,588,545,83,151,35,2,9,50,6,5,27,61,0.277,0.313,0.398,0.711,95.0,0.306,91.0,217,13,4,7,5,1,5463H,,clemeer01,2025,Right
79,Ceddanne Rafaela,24,BOS,AL,4.8,156,587,546,84,136,34,4,16,63,20,5,28,117,0.249,0.295,0.414,0.708,95.0,0.309,92.0,226,9,8,3,2,0,*84/H,,rafaece01,2025,Right
80,George Springer,35,TOR,AL,4.8,140,586,498,106,154,27,1,32,84,18,1,69,111,0.309,0.399,0.56,0.959,161.0,0.414,165.0,279,14,8,0,4,3,D978/H,,springe01,2025,Right
81,Ryan McMahon*,30,2TM,2LG,2.2,154,586,509,62,109,23,1,20,53,3,1,70,189,0.214,0.312,0.381,0.693,87.0,0.305,83.0,194,7,4,0,3,1,*5/HD,,mcmahry01,2025,Right
81,Ryan McMahon*,30,COL,NL,1.2,100,401,350,42,76,15,1,16,35,2,1,49,127,0.217,0.314,0.403,0.717,90.0,0.314,86.0,141,4,1,0,1,1,5/HD,,mcmahry01,2025,Right
81,Ryan McMahon*,30,NYY,AL,1.0,54,185,159,20,33,8,0,4,18,1,0,21,62,0.208,0.308,0.333,0.641,81.0,0.287,79.0,53,3,3,0,2,0,5/H,,mcmahry01,2025,Right
82,Agustín Ramírez,23,MIA,NL,-0.4,136,585,537,72,124,33,1,21,67,16,3,36,113,0.231,0.287,0.413,0.701,92.0,0.31,89.0,222,13,8,0,4,2,2D/H,,ramirag01,2025,Right
83,Carlos Correa,30,2TM,AL,1.5,144,584,537,63,148,29,0,13,52,0,0,45,113,0.276,0.332,0.402,0.734,103.0,0.323,103.0,216,19,1,0,1,0,65/H,,correca01,2025,Right
83,Carlos Correa,30,MIN,AL,0.1,93,364,337,40,90,19,0,7,31,0,0,26,68,0.267,0.319,0.386,0.704,94.0,0.308,91.0,130,12,0,0,1,0,6/H,,correca01,2025,Right
83,Carlos Correa,30,HOU,AL,1.3,51,220,200,23,58,10,0,6,21,0,0,19,45,0.29,0.355,0.43,0.785,117.0,0.349,123.0,86,7,1,0,0,0,5/6,,correca01,2025,Right
84,Lars Nootbaar*,27,STL,NL,1.3,135,583,509,68,119,24,1,13,48,4,5,64,119,0.234,0.325,0.361,0.686,95.0,0.303,94.0,184,4,6,1,3,3,*798/HD,,nootbla01,2025,Right
85,Trent Grisham*,28,NYY,AL,3.5,143,581,494,87,116,9,1,34,74,3,2,82,137,0.235,0.348,0.464,0.811,125.0,0.363,135.0,229,7,4,0,1,0,*8/H,,grishtr01,2025,Right
86,Bryce Harper*,32,PHI,NL,3.2,132,580,501,72,131,32,0,27,75,12,2,70,121,0.261,0.357,0.487,0.844,129.0,0.367,127.0,244,5,6,0,3,6,*3/D,,harpebr03,2025,Right
87,Hunter Goodman,25,COL,NL,3.7,144,579,540,73,150,28,5,31,91,1,2,33,152,0.278,0.323,0.52,0.843,120.0,0.367,124.0,281,16,4,0,2,0,2D/H,AS,goodmhu01,2025,Right
88,Matt McLain,25,CIN,NL,0.0,147,577,510,73,112,18,0,15,50,18,2,55,167,0.22,0.3,0.343,0.643,74.0,0.297,72.0,175,8,5,3,4,0,*4/6HD,,mclaima01,2025,Right
89,Jo Adell,26,LAA,AL,1.2,152,573,526,63,124,18,1,37,98,5,1,33,151,0.236,0.293,0.485,0.778,111.0,0.335,112.0,255,10,10,0,1,0,*89/HD,,adelljo01,2025,Right
90,Wyatt Langford,23,TEX,AL,5.6,134,573,489,73,118,25,1,22,62,22,6,74,151,0.241,0.344,0.431,0.775,127.0,0.342,130.0,211,9,5,0,5,3,*78/H,,langfwy01,2025,Right
91,Ke'Bryan Hayes,28,2TM,NL,1.5,152,570,527,50,124,16,3,5,49,12,3,36,111,0.235,0.29,0.306,0.595,65.0,0.275,64.0,161,12,5,1,1,1,*5/H,,hayeske01,2025,Right
91,Ke'Bryan Hayes,28,PIT,NL,1.2,100,392,369,34,87,10,2,2,36,10,2,18,81,0.236,0.279,0.29,0.569,59.0,0.264,57.0,107,8,4,1,0,1,5/H,,hayeske01,2025,Right
91,Ke'Bryan Hayes,28,CIN,NL,0.3,52,178,158,16,37,6,1,3,13,2,1,18,30,0.234,0.315,0.342,0.656,78.0,0.299,79.0,54,4,1,0,1,0,5,,hayeske01,2025,Right
92,Miguel Vargas,25,CHW,AL,1.8,138,569,504,80,118,32,2,16,60,6,0,56,100,0.234,0.316,0.401,0.717,100.0,0.315,98.0,202,9,6,0,3,0,53/DH7,,vargami01,2025,Right
93,Spencer Steer,27,CIN,NL,0.6,146,568,509,66,121,21,2,21,75,7,1,51,129,0.238,0.312,0.411,0.723,94.0,0.321,93.0,209,12,5,1,2,0,*3D7/H9,,steersp01,2025,Right
94,Yainer Diaz,26,HOU,AL,2.7,143,567,542,56,139,25,1,20,70,1,1,20,95,0.256,0.284,0.417,0.701,92.0,0.309,94.0,226,13,2,0,3,2,*2D/H,,diazya02,2025,Right
95,Jonathan India,28,KCR,AL,0.4,136,567,497,63,116,29,0,9,45,0,4,54,106,0.233,0.323,0.346,0.669,89.0,0.299,91.0,172,9,13,1,2,0,4D75/H,,indiajo01,2025,Right
96,Trevor Larnach*,28,MIN,AL,0.1,142,567,503,62,126,24,1,17,60,4,4,53,122,0.25,0.323,0.404,0.727,99.0,0.323,103.0,203,19,4,0,6,2,D97H,,larnatr01,2025,Right
97,Nolan Schanuel*,23,LAA,AL,1.3,132,564,488,64,129,23,1,12,53,5,1,59,71,0.264,0.353,0.389,0.742,107.0,0.329,108.0,190,10,10,3,4,4,*3,,schanno01,2025,Right
98,Willson Contreras,33,STL,NL,2.6,135,563,490,70,126,31,1,20,80,5,1,44,142,0.257,0.344,0.447,0.791,122.0,0.349,123.0,219,15,23,1,4,1,*3D,,contrwi01,2025,Right
99,Josh Smith*,27,TEX,AL,3.0,144,563,495,70,124,23,2,10,35,12,3,55,100,0.251,0.335,0.366,0.7,107.0,0.318,113.0,181,3,8,3,1,2,653HD/7948,,smithjo11,2025,Right
100,Bryson Stott*,27,PHI,NL,2.1,147,560,499,66,128,22,3,13,66,24,5,54,91,0.257,0.328,0.391,0.719,96.0,0.324,95.0,195,4,1,2,4,1,*46H,,stottbr01,2025,Right
101,Mike Yastrzemski*,34,2TM,2LG,2.7,146,558,477,68,111,28,1,17,46,7,2,72,108,0.233,0.333,0.403,0.735,109.0,0.328,111.0,192,7,2,2,5,4,*9H8/7D1,,yastrmi01,2025,Right
101,Mike Yastrzemski*,34,SFG,NL,1.7,96,372,321,38,74,14,1,8,28,6,2,47,86,0.231,0.33,0.355,0.685,97.0,0.314,102.0,114,4,1,2,1,4,9/H1,,yastrmi01,2025,Right
101,Mike Yastrzemski*,34,KCR,AL,1.0,50,186,156,30,37,14,0,9,18,1,0,25,22,0.237,0.339,0.5,0.839,131.0,0.354,128.0,78,3,1,0,4,0,98/7HD,,yastrmi01,2025,Right
102,Ketel Marte#,31,ARI,NL,4.4,126,556,480,87,136,28,0,28,72,4,2,64,83,0.283,0.376,0.517,0.893,145.0,0.381,142.0,248,12,9,0,3,6,4D/H,AS,marteke01,2025,Right
103,Mike Trout,33,LAA,AL,1.5,130,556,456,73,106,14,1,26,64,2,0,87,178,0.232,0.359,0.439,0.797,121.0,0.341,117.0,200,7,6,0,6,10,D9/H,,troutmi01,2025,Right
104,Zach Neto,24,LAA,AL,5.1,128,554,502,82,129,29,1,26,62,26,9,33,149,0.257,0.319,0.474,0.793,117.0,0.341,115.0,238,5,14,2,3,6,*6/H,,netoza01,2025,Right
105,Brandon Lowe*,30,TBR,AL,1.8,134,553,507,79,130,19,0,31,83,3,2,38,149,0.256,0.307,0.477,0.785,116.0,0.337,117.0,242,6,2,0,6,1,*4/DH3,AS,lowebr01,2025,Right
106,Xander Bogaerts,32,SDP,NL,2.0,136,552,491,63,129,30,0,11,53,20,2,48,94,0.263,0.328,0.391,0.72,99.0,0.32,94.0,192,12,4,1,8,3,*6/DH,,bogaexa01,2025,Right
107,Andrew McCutchen,38,PIT,NL,0.1,135,551,477,51,114,22,0,13,57,1,1,67,118,0.239,0.333,0.367,0.7,95.0,0.311,94.0,175,12,2,0,3,5,*D/H97,,mccutan01,2025,Right
108,J.T. Realmuto,34,PHI,NL,2.6,134,550,502,57,129,26,1,12,52,8,2,35,129,0.257,0.315,0.384,0.7,91.0,0.312,89.0,193,13,9,0,3,1,*2/DH,,realmjt01,2025,Right
109,Adolis García,32,TEX,AL,2.7,135,547,507,58,115,28,0,19,75,13,4,28,135,0.227,0.271,0.394,0.665,93.0,0.291,94.0,200,9,5,0,7,1,*9/DH,,garciad02,2025,Right
110,Alec Burleson*,26,STL,NL,1.8,139,546,497,54,144,26,2,18,69,5,1,39,79,0.29,0.343,0.459,0.801,125.0,0.352,126.0,228,14,3,1,4,1,379D/H1,,burleal01,2025,Right
111,Lourdes Gurriel Jr.,31,ARI,NL,0.4,129,546,500,52,124,24,2,19,80,10,4,31,76,0.248,0.295,0.418,0.713,95.0,0.314,94.0,209,11,6,0,9,0,*7D/H,,gurrilo01,2025,Right
112,Teoscar Hernández,32,LAD,NL,1.5,134,546,511,65,126,29,1,25,89,5,2,26,134,0.247,0.284,0.454,0.738,103.0,0.318,100.0,232,13,3,0,5,0,*9/H,,hernate01,2025,Right
113,Gavin Sheets*,29,SDP,NL,0.7,145,545,492,57,124,28,1,19,71,2,1,44,107,0.252,0.317,0.429,0.746,105.0,0.326,103.0,211,9,5,0,4,1,7DH3,,sheetga01,2025,Right
114,Oneil Cruz*,26,PIT,NL,0.3,135,544,471,62,94,18,3,20,61,38,5,64,174,0.2,0.298,0.378,0.676,87.0,0.312,85.0,178,6,4,0,5,4,*8H/D,,cruzon01,2025,Right
115,Lenyn Sosa,25,CHW,AL,0.9,140,544,518,57,137,20,1,22,75,2,1,18,127,0.264,0.293,0.434,0.727,101.0,0.316,101.0,225,11,4,1,3,0,43D/H5,,sosale01,2025,Right
116,Ryan O'Hearn*,31,2TM,2LG,2.4,144,544,474,67,133,21,1,17,63,3,1,58,109,0.281,0.366,0.437,0.803,125.0,0.352,126.0,207,11,8,0,4,4,3D9H/7,AS,ohearry01,2025,Right
116,Ryan O'Hearn*,31,BAL,AL,2.0,94,361,311,45,88,15,1,13,43,3,1,42,63,0.283,0.374,0.463,0.837,136.0,0.362,136.0,144,10,5,0,3,3,3D9/H7,,ohearry01,2025,Right
116,Ryan O'Hearn*,31,SDP,NL,0.5,50,183,163,22,45,6,0,4,20,0,0,16,46,0.276,0.35,0.387,0.736,105.0,0.332,107.0,63,1,3,0,1,1,3D/H9,,ohearry01,2025,Right
117,Jeremy Peña,27,HOU,AL,5.6,125,543,493,68,150,30,2,17,62,20,2,35,93,0.304,0.363,0.477,0.84,132.0,0.368,132.0,235,9,12,1,2,2,*6/HD,AS,penaje02,2025,Right
118,Byron Buxton,31,MIN,AL,4.9,126,542,488,97,129,21,7,35,83,24,0,41,148,0.264,0.327,0.551,0.878,136.0,0.383,139.0,269,0,7,0,6,5,*8/D,AS,buxtoby01,2025,Right
119,Luis Rengifo#,28,LAA,AL,0.3,147,541,501,55,119,16,3,9,43,10,7,33,104,0.238,0.287,0.335,0.622,73.0,0.276,72.0,168,7,3,1,3,0,54H/9768D,,rengilu01,2025,Right
120,Brenton Doyle,27,COL,NL,0.3,138,538,502,57,118,23,2,15,57,18,2,30,138,0.235,0.276,0.378,0.655,73.0,0.296,69.0,190,14,0,2,4,0,*8/HD,,doylebr02,2025,Right
121,Masyn Winn,23,STL,NL,2.2,129,537,491,72,124,27,0,9,51,9,5,34,102,0.253,0.31,0.363,0.673,90.0,0.298,89.0,178,11,8,2,2,0,*6/H,,winnma01,2025,Right
122,Matt Chapman,32,SFG,NL,4.1,128,535,454,76,105,23,2,21,61,9,4,71,126,0.231,0.34,0.43,0.77,120.0,0.341,122.0,195,8,6,0,4,1,*5,,chapmma01,2025,Right
123,Paul Goldschmidt,37,NYY,AL,1.2,145,534,489,76,134,31,1,10,45,5,1,36,100,0.274,0.328,0.403,0.731,104.0,0.321,104.0,197,8,4,0,2,5,*3H/D8,,goldspa01,2025,Right
124,Marcus Semien,34,TEX,AL,3.5,127,534,470,62,108,16,1,15,62,11,1,50,93,0.23,0.305,0.364,0.669,97.0,0.301,100.0,171,8,5,0,9,0,*4,,semiema01,2025,Right
125,Josh Bell#,32,WSN,NL,0.5,140,533,468,54,112,17,1,22,63,0,3,57,88,0.239,0.326,0.421,0.747,111.0,0.327,112.0,197,15,5,0,3,1,D3H,,belljo02,2025,Right
126,Jazz Chisholm Jr.*,27,NYY,AL,4.2,130,531,462,75,112,15,1,31,80,31,8,58,148,0.242,0.332,0.481,0.813,125.0,0.357,127.0,222,3,6,1,4,1,45/H,AS,chishja01,2025,Right
127,Kyle Manzardo*,24,CLE,AL,0.4,142,531,470,47,110,19,2,27,70,2,0,48,135,0.234,0.313,0.455,0.768,110.0,0.331,109.0,214,7,8,0,5,2,D3H,,manzaky01,2025,Right
128,Ben Rice*,26,NYY,AL,2.2,138,530,467,74,119,28,4,26,65,3,2,50,100,0.255,0.337,0.499,0.836,131.0,0.355,130.0,233,18,9,0,2,0,3D2H,,ricebe01,2025,Right
129,Brooks Lee#,24,MIN,AL,-1.0,139,527,487,50,115,15,1,16,64,3,1,31,92,0.236,0.285,0.37,0.654,79.0,0.289,77.0,180,11,4,0,5,0,654H/D,,leebr02,2025,Right
130,Luis García Jr.*,25,WSN,NL,0.4,139,526,488,67,123,28,1,16,66,14,5,27,84,0.252,0.289,0.412,0.701,97.0,0.31,96.0,201,7,2,0,9,1,*4H/3D,,garcilu04,2025,Right
131,Jorge Polanco#,31,SEA,AL,2.6,138,524,471,64,125,30,0,26,78,6,3,42,82,0.265,0.326,0.495,0.821,134.0,0.348,134.0,233,7,3,3,5,1,D4H/53,,polanjo01,2025,Right
132,Shea Langeliers,27,ATH,AL,3.9,123,523,481,73,133,32,0,31,72,7,1,36,103,0.277,0.325,0.536,0.861,134.0,0.363,131.0,258,10,1,0,5,1,2D/H,,langesh01,2025,Right
133,Jacob Wilson,23,ATH,AL,2.9,125,523,486,62,151,26,0,13,63,5,2,27,39,0.311,0.355,0.444,0.8,121.0,0.354,127.0,216,16,7,2,1,1,*6/D,AS,wilsoja05,2025,Right
134,Jake Cronenworth*,31,SDP,NL,2.4,135,515,419,61,103,20,1,11,59,3,3,69,107,0.246,0.367,0.377,0.744,108.0,0.339,114.0,158,4,15,4,7,1,*436/DH,,croneja01,2025,Right
135,Brendan Donovan*,28,STL,NL,2.7,118,515,460,64,132,32,0,10,50,3,3,42,67,0.287,0.353,0.422,0.775,119.0,0.338,118.0,194,4,7,2,4,3,47/6DH,AS,donovbr01,2025,Right
136,Eric Wagaman,27,MIA,NL,-0.4,140,514,476,56,119,28,3,9,53,4,1,32,100,0.25,0.296,0.378,0.674,86.0,0.303,86.0,180,11,1,0,5,0,*37HD/59,,wagamer01,2025,Right
137,Josh Jung,27,TEX,AL,1.4,131,511,482,53,121,23,1,14,61,4,1,27,129,0.251,0.294,0.39,0.684,100.0,0.301,102.0,188,10,2,0,0,0,*5/DH,,jungjo01,2025,Right
138,Zach McKinstry*,30,DET,AL,2.8,144,511,452,68,117,23,11,12,49,19,5,46,111,0.259,0.333,0.438,0.771,113.0,0.336,111.0,198,6,7,1,5,1,5697H/4D13,AS,mckinza01,2025,Right
139,Caleb Durbin,25,MIL,NL,2.9,136,506,445,60,114,25,0,11,53,18,6,30,50,0.256,0.334,0.387,0.721,101.0,0.33,106.0,172,10,24,3,4,0,*54H/6,,durbica01,2025,Right
140,Alejandro Kirk,26,TOR,AL,2.3,130,506,451,45,127,18,0,15,76,1,0,48,59,0.282,0.348,0.421,0.769,111.0,0.334,110.0,190,16,1,0,6,2,*2H/D,AS,kirkal01,2025,Right
141,Joey Ortiz,26,MIL,NL,0.3,149,506,470,62,108,18,1,7,45,14,3,27,74,0.23,0.276,0.317,0.593,66.0,0.27,62.0,149,10,3,6,0,0,*6/H,,ortizjo06,2025,Right
142,Chase Meidroth,23,CHW,AL,1.2,122,505,450,54,114,15,0,5,23,14,4,45,72,0.253,0.329,0.32,0.649,84.0,0.303,89.0,144,14,6,3,1,0,64/H,,meidrch01,2025,Right
143,Alec Bohm,28,PHI,NL,1.3,120,504,464,53,133,18,3,11,59,2,0,29,82,0.287,0.331,0.409,0.741,102.0,0.334,105.0,190,16,5,0,6,0,53,,bohmal01,2025,Right
144,Gavin Lux*,27,CIN,NL,-0.2,140,503,446,49,120,28,2,5,53,1,0,56,114,0.269,0.35,0.374,0.724,97.0,0.326,97.0,167,3,0,0,1,0,D74H/5,,luxga01,2025,Right
145,Addison Barger*,25,TOR,AL,1.2,135,502,460,61,112,32,1,21,74,4,1,36,121,0.243,0.301,0.454,0.756,105.0,0.32,100.0,209,8,3,0,2,4,59H/D,,bargead01,2025,Right
146,Harrison Bader,31,2TM,2LG,4.2,146,501,448,61,124,24,1,17,54,11,7,39,136,0.277,0.347,0.449,0.796,117.0,0.344,117.0,201,5,11,0,3,0,*87H/9,,baderha01,2025,Right
146,Harrison Bader,31,MIN,AL,2.8,96,307,271,31,70,13,0,12,38,10,4,27,81,0.258,0.339,0.439,0.778,113.0,0.34,113.0,119,3,7,0,2,0,78H/9,,baderha01,2025,Right
146,Harrison Bader,31,PHI,NL,1.4,50,194,177,30,54,11,1,5,16,1,3,12,55,0.305,0.361,0.463,0.824,124.0,0.351,122.0,82,2,4,0,1,0,8/H,,baderha01,2025,Right
147,Cedric Mullins*,30,2TM,2LG,0.4,133,498,435,58,94,23,1,17,59,22,4,50,120,0.216,0.299,0.391,0.69,94.0,0.311,94.0,170,2,4,3,6,0,*8/HD,,mullice01,2025,Right
147,Cedric Mullins*,30,BAL,AL,0.0,91,355,314,42,72,19,0,15,49,14,4,34,85,0.229,0.305,0.433,0.738,106.0,0.32,103.0,136,2,2,1,4,0,8/DH,,mullice01,2025,Right
147,Cedric Mullins*,30,NYM,NL,0.3,42,143,121,16,22,4,1,2,10,8,0,16,35,0.182,0.284,0.281,0.565,62.0,0.287,71.0,34,0,2,2,2,0,8/H,,mullice01,2025,Right
148,Jesús Sánchez*,27,2TM,2LG,1.3,134,497,451,61,107,21,4,14,48,13,3,42,110,0.237,0.304,0.395,0.699,92.0,0.312,91.0,178,10,2,0,2,1,*97H8/D,,sanchje02,2025,Right
148,Jesús Sánchez*,27,MIA,NL,1.1,86,337,305,40,78,12,4,10,36,9,2,29,70,0.256,0.32,0.42,0.74,104.0,0.328,102.0,128,8,1,0,2,1,9H8/D7,,sanchje02,2025,Right
148,Jesús Sánchez*,27,HOU,AL,0.2,48,160,146,21,29,9,0,4,12,4,1,13,40,0.199,0.269,0.342,0.611,69.0,0.277,68.0,50,2,1,0,0,0,79/HD,,sanchje02,2025,Right
149,Alex Bregman,31,BOS,AL,3.5,114,495,433,64,118,28,0,18,62,1,1,51,70,0.273,0.36,0.462,0.821,128.0,0.357,130.0,200,12,9,0,2,3,*5/HD,AS,bregmal01,2025,Right
150,Cam Smith,22,HOU,AL,1.9,134,493,441,55,104,21,3,9,51,8,1,43,137,0.236,0.312,0.358,0.671,87.0,0.304,88.0,158,11,7,0,2,0,*9H/D,,smithca07,2025,Right
151,Ty France,30,2TM,AL,0.9,138,490,444,50,114,25,0,7,52,1,0,22,83,0.257,0.32,0.36,0.681,88.0,0.307,90.0,160,11,21,0,3,1,*3H/D4,,francty01,2025,Right
151,Ty France,30,MIN,AL,0.7,101,387,350,41,88,19,0,6,44,1,0,19,63,0.251,0.32,0.357,0.678,87.0,0.309,91.0,125,8,17,0,1,0,3/H4,,francty01,2025,Right
151,Ty France,30,TOR,AL,0.2,37,103,94,9,26,6,0,1,8,0,0,3,20,0.277,0.32,0.372,0.693,91.0,0.299,84.0,35,3,4,0,2,1,3H/D,,francty01,2025,Right
152,Nick Kurtz*,22,ATH,AL,5.4,117,489,420,90,122,26,2,36,86,2,1,63,151,0.29,0.383,0.619,1.002,173.0,0.418,174.0,260,4,2,0,3,3,*3/DH,,kurtzni01,2025,Right
153,Ramón Laureano,30,2TM,2LG,3.8,132,488,441,72,124,26,2,24,76,7,4,35,119,0.281,0.342,0.512,0.855,136.0,0.363,134.0,226,10,8,0,4,1,*798/DH,,laurera01,2025,Right
153,Ramón Laureano,30,BAL,AL,3.0,82,290,259,45,75,17,0,15,46,4,3,22,72,0.29,0.355,0.529,0.884,146.0,0.373,146.0,137,6,6,0,3,1,97/DH8,,laurera01,2025,Right
153,Ramón Laureano,30,SDP,NL,0.8,50,198,182,27,49,9,2,9,30,3,1,13,47,0.269,0.323,0.489,0.812,122.0,0.348,118.0,89,4,2,0,1,0,78/9HD,,laurera01,2025,Right
154,Michael Conforto*,32,LAD,NL,-0.7,138,486,418,54,83,20,0,12,36,1,0,56,121,0.199,0.305,0.333,0.637,79.0,0.289,79.0,139,12,9,0,3,0,*7H,,confomi01,2025,Right
155,Ángel Martínez#,23,CLE,AL,-0.7,139,484,446,56,100,23,2,11,45,8,2,23,110,0.224,0.269,0.359,0.628,73.0,0.275,68.0,160,8,6,5,4,0,*84H/97,,martian02,2025,Right
156,Jackson Merrill*,22,SDP,NL,2.8,115,483,440,59,116,25,6,16,67,1,2,33,108,0.264,0.317,0.457,0.774,112.0,0.331,108.0,201,4,4,1,5,1,*8/H,,merrija01,2025,Right
157,Max Kepler*,32,PHI,NL,0.0,127,474,417,58,90,19,0,18,52,3,0,48,93,0.216,0.3,0.391,0.691,88.0,0.303,83.0,163,10,4,1,4,3,*79H/8,,keplema01,2025,Right
158,Carlos Santana#,39,2TM,2LG,1.1,124,474,415,49,91,11,0,11,54,7,0,52,91,0.219,0.308,0.325,0.633,77.0,0.289,77.0,135,7,3,0,4,1,3D/H5,,santaca01,2025,Right
158,Carlos Santana#,39,CLE,AL,1.3,116,455,396,49,89,10,0,11,52,7,0,52,86,0.225,0.316,0.333,0.65,82.0,0.296,82.0,132,7,3,0,4,1,3D/H5,,santaca01,2025,Right
158,Carlos Santana#,39,CHC,NL,-0.2,8,19,19,0,2,1,0,0,2,0,0,0,5,0.105,0.105,0.158,0.263,-25.0,0.113,-37.0,3,0,0,0,0,0,/3DH,,santaca01,2025,Right
159,Gabriel Arias,25,CLE,AL,1.1,129,471,432,44,95,25,2,11,54,8,4,27,162,0.22,0.274,0.363,0.638,76.0,0.277,70.0,157,8,7,1,4,1,64/5H,,ariasga01,2025,Right
160,Andrew Benintendi*,30,CHW,AL,1.0,116,470,420,57,101,16,2,20,63,1,0,40,82,0.24,0.307,0.431,0.738,104.0,0.322,105.0,181,5,3,0,6,2,7D/H,,beninan01,2025,Right
161,Dillon Dingler,26,DET,AL,3.1,126,469,435,54,121,21,2,13,57,0,0,23,110,0.278,0.327,0.425,0.752,108.0,0.329,109.0,185,5,9,0,1,2,*2/HD,,dingldi01,2025,Right
162,Alek Thomas*,25,ARI,NL,0.1,143,469,433,51,108,19,3,9,38,7,4,21,122,0.249,0.289,0.37,0.659,82.0,0.291,78.0,160,2,5,6,4,0,*8/HD,,thomaal01,2025,Right
163,Colt Keith*,23,DET,AL,1.5,137,468,414,65,106,22,2,13,45,1,1,48,102,0.256,0.333,0.413,0.746,107.0,0.326,107.0,171,7,2,0,4,1,D54H3,,keithco01,2025,Right
164,Kerry Carpenter*,27,DET,AL,1.8,130,464,433,66,109,18,5,26,62,1,1,18,106,0.252,0.291,0.497,0.788,114.0,0.335,114.0,215,3,7,0,2,0,9D7H,,carpeke01,2025,Right
165,Ryan Jeffers,28,MIN,AL,1.2,119,464,406,47,108,26,0,9,47,1,1,50,91,0.266,0.356,0.397,0.752,108.0,0.332,109.0,161,9,7,0,1,1,2D/H,,jeffery01,2025,Right
166,Wilmer Flores,33,SFG,NL,0.3,125,463,419,44,101,10,0,16,71,1,0,34,88,0.241,0.307,0.379,0.686,96.0,0.312,101.0,159,14,7,0,3,0,D3H/5,,florewi01,2025,Right
167,Victor Scott II*,24,STL,NL,2.2,138,463,398,54,86,15,1,5,37,34,4,42,111,0.216,0.305,0.296,0.601,72.0,0.288,71.0,118,3,10,10,3,0,*8/97,,scottvi01,2025,Right
168,Mark Vientos,25,NYM,NL,-0.2,121,463,424,44,99,21,2,17,61,1,0,30,115,0.233,0.289,0.413,0.702,97.0,0.31,98.0,175,11,5,0,4,0,5D/H3,,vientma01,2025,Right
169,Jeff McNeil*,33,NYM,NL,2.0,122,462,399,42,97,21,5,12,54,3,0,49,55,0.243,0.335,0.411,0.746,111.0,0.333,113.0,164,5,8,2,4,4,487D/H93,,mcneije01,2025,Right
170,Mickey Moniak*,27,COL,NL,-0.6,135,461,434,62,117,20,8,24,68,9,3,22,110,0.27,0.306,0.518,0.824,115.0,0.349,110.0,225,4,2,0,3,1,*98H7D,,moniami01,2025,Right
171,Isiah Kiner-Falefa,30,2TM,2LG,1.6,138,459,431,45,113,21,2,2,40,15,4,17,77,0.262,0.297,0.334,0.631,76.0,0.291,76.0,144,9,5,5,1,0,654/H1,,kineris01,2025,Right
171,Isiah Kiner-Falefa,30,PIT,NL,1.6,119,428,401,40,106,20,2,1,35,15,4,17,69,0.264,0.3,0.332,0.632,76.0,0.293,78.0,133,9,4,5,1,0,65/H,,kineris01,2025,Right
171,Isiah Kiner-Falefa,30,TOR,AL,0.0,19,31,30,5,7,1,0,1,5,0,0,0,8,0.233,0.258,0.367,0.625,70.0,0.262,58.0,11,0,1,0,0,0,4/5H16,,kineris01,2025,Right
172,Adam Frazier*,33,2TM,2LG,1.4,134,459,419,43,112,20,0,7,44,8,6,26,81,0.267,0.319,0.365,0.684,91.0,0.302,90.0,153,8,8,1,5,2,47H9/D5,,fraziad01,2025,Right
172,Adam Frazier*,33,PIT,NL,0.3,78,262,235,22,60,10,0,3,21,7,5,17,45,0.255,0.318,0.336,0.654,83.0,0.292,82.0,79,8,6,1,3,2,47H/9,,fraziad01,2025,Right
172,Adam Frazier*,33,KCR,AL,1.1,56,197,184,21,52,10,0,4,23,1,1,9,36,0.283,0.32,0.402,0.722,101.0,0.314,101.0,74,0,2,0,2,0,47/DH59,,fraziad01,2025,Right
173,Kyle Stowers*,27,MIA,NL,3.6,117,457,399,61,115,21,3,25,73,5,1,48,125,0.288,0.368,0.544,0.912,149.0,0.391,148.0,217,6,5,1,4,3,79H8/D,AS,stoweky01,2025,Right
174,Willi Castro#,28,2TM,2LG,-0.2,120,454,402,58,91,17,3,11,33,10,4,40,111,0.226,0.313,0.366,0.679,89.0,0.303,89.0,147,12,11,1,0,1,4975/86H1,,castrwi01,2025,Right
174,Willi Castro#,28,MIN,AL,0.3,86,344,302,48,74,15,2,10,27,9,3,32,84,0.245,0.335,0.407,0.743,104.0,0.326,103.0,123,9,9,1,0,1,4795/618H,,castrwi01,2025,Right
174,Willi Castro#,28,CHC,NL,-0.5,34,110,100,10,17,2,1,1,6,1,1,8,27,0.17,0.245,0.24,0.485,42.0,0.23,47.0,24,3,2,0,0,0,95/48H7,,castrwi01,2025,Right
175,Patrick Bailey#,26,SFG,NL,1.1,135,452,409,47,91,18,3,6,55,1,0,30,133,0.222,0.277,0.325,0.602,73.0,0.269,70.0,133,7,3,4,6,0,*2H/D,,bailepa01,2025,Right
176,Iván Herrera,25,STL,NL,2.2,107,452,388,54,110,13,0,19,66,8,2,43,84,0.284,0.373,0.464,0.837,136.0,0.372,140.0,180,20,15,0,4,1,D2/7H,,herreiv01,2025,Right
177,Logan O'Hoppe,25,LAA,AL,-0.2,119,451,423,35,90,8,1,19,43,2,1,24,139,0.213,0.258,0.371,0.629,72.0,0.275,69.0,157,12,2,1,1,0,2H/D,,ohopplo01,2025,Right
178,Tommy Pham,37,PIT,NL,1.0,120,449,392,44,96,17,1,10,52,5,3,50,94,0.245,0.33,0.37,0.7,95.0,0.317,98.0,145,12,2,0,5,3,*7/H9D,,phamth01,2025,Right
179,Austin Wells*,25,NYY,AL,0.0,126,448,401,51,88,22,1,21,71,5,1,30,118,0.219,0.275,0.436,0.712,95.0,0.305,92.0,175,10,5,0,11,0,*2/HD,,wellsau01,2025,Right
180,Austin Riley,28,ATL,NL,1.3,102,447,416,54,108,20,1,16,54,2,1,27,128,0.26,0.309,0.428,0.737,105.0,0.321,104.0,178,9,3,0,1,1,5,,rileyau01,2025,Right
181,Andrew Vaughn,27,2TM,2LG,-0.4,112,447,406,35,103,22,0,14,65,0,0,31,80,0.254,0.307,0.411,0.719,99.0,0.311,96.0,167,12,3,1,6,0,3D/H,,vaughan01,2025,Right
181,Andrew Vaughn,27,CHW,AL,-1.8,48,193,185,9,35,8,0,5,19,0,0,7,43,0.189,0.218,0.314,0.531,47.0,0.229,37.0,58,4,0,0,1,0,3D/H,,vaughan01,2025,Right
181,Andrew Vaughn,27,MIL,NL,1.3,64,254,221,26,68,14,0,9,46,0,0,24,37,0.308,0.375,0.493,0.869,141.0,0.374,139.0,109,8,3,1,5,0,3/H,,vaughan01,2025,Right
182,Drake Baldwin*,24,ATL,NL,3.3,124,446,405,56,111,18,2,19,80,0,0,38,68,0.274,0.341,0.469,0.81,126.0,0.358,130.0,190,9,3,0,0,0,2HD,,baldwdr01,2025,Right
183,Carlos Narváez,26,BOS,AL,2.8,118,446,403,51,97,27,0,15,50,1,1,38,111,0.241,0.306,0.419,0.726,100.0,0.311,97.0,169,12,1,2,2,0,*2/HD,,narvaca01,2025,Right
184,Corey Seager*,31,TEX,AL,6.1,102,445,380,61,103,19,0,21,50,3,0,58,87,0.271,0.373,0.487,0.86,151.0,0.37,153.0,185,13,5,0,2,10,6/D,,seageco01,2025,Right
185,Isaac Collins#,27,MIL,NL,2.1,130,441,372,56,98,22,3,9,54,16,7,57,93,0.263,0.368,0.411,0.779,118.0,0.354,125.0,153,8,6,3,3,0,*7H/9D54,,colliis01,2025,Right
186,Chandler Simpson*,24,TBR,AL,0.3,109,441,414,53,122,15,3,0,26,44,12,20,43,0.295,0.326,0.345,0.671,89.0,0.306,86.0,143,10,0,3,2,0,87/HD9,,simpsch01,2025,Right
187,Nathan Lukes*,30,TOR,AL,1.9,135,438,388,55,99,19,2,12,65,2,4,38,60,0.255,0.323,0.407,0.73,100.0,0.313,97.0,158,12,2,7,3,2,*978H/D,,lukesna01,2025,Right
188,Isaac Paredes,26,HOU,AL,2.3,102,438,378,53,96,15,1,20,53,0,1,50,76,0.254,0.352,0.458,0.809,123.0,0.353,127.0,173,10,8,0,2,0,5D/H,AS,paredis01,2025,Right
189,Javier Báez,32,DET,AL,1.9,126,437,417,55,107,17,3,12,57,5,1,10,109,0.257,0.282,0.398,0.68,87.0,0.297,84.0,166,8,6,0,3,0,6854/H,AS,baezja01,2025,Right
190,Matt Shaw,23,CHC,NL,3.1,126,437,393,57,89,21,3,13,44,17,5,38,94,0.226,0.295,0.394,0.69,98.0,0.309,99.0,155,2,2,0,4,0,*5/H4,,shawma01,2025,Right
191,Nolan Arenado,34,STL,NL,1.3,107,436,401,48,95,18,1,12,52,3,0,28,49,0.237,0.289,0.377,0.666,87.0,0.297,86.0,151,10,3,0,4,4,5/DH,,arenano01,2025,Right
192,Will Smith,30,LAD,NL,4.5,110,436,362,64,107,20,1,17,61,2,3,64,89,0.296,0.404,0.497,0.901,152.0,0.387,151.0,180,7,5,0,5,1,2H/D,AS,smithwi05,2025,Right
193,Josh Lowe*,27,TBR,AL,0.2,108,435,396,56,87,21,2,11,40,18,4,33,109,0.22,0.283,0.366,0.65,81.0,0.289,77.0,145,7,3,1,2,1,9/HD,,lowejo01,2025,Right
194,Jonah Heim#,30,TEX,AL,0.6,124,433,395,38,84,14,0,11,43,3,0,32,88,0.213,0.271,0.332,0.602,77.0,0.276,83.0,131,10,1,1,4,0,2DH,,heimjo01,2025,Right
195,Brett Baty*,25,NYM,NL,3.1,130,432,393,53,100,13,2,18,50,8,0,33,108,0.254,0.313,0.435,0.748,111.0,0.336,113.0,171,6,2,0,3,0,54H/D,,batybr01,2025,Right
196,Luis Robert Jr.,27,CHW,AL,1.4,110,431,382,52,85,12,0,14,53,33,8,40,112,0.223,0.297,0.364,0.661,85.0,0.307,88.0,139,8,2,1,3,3,8/DH,,roberlu01,2025,Right
197,Jasson Domínguez#,22,NYY,AL,0.5,123,429,381,58,98,18,1,10,47,23,5,41,115,0.257,0.331,0.388,0.719,101.0,0.324,102.0,148,5,3,0,4,1,7HD,,dominja01,2025,Right
198,Tyler Freeman,26,COL,NL,-1.3,110,428,377,50,106,20,2,2,31,18,9,34,51,0.281,0.354,0.361,0.715,92.0,0.324,93.0,136,10,11,2,4,0,9D4H/57,,freemty01,2025,Right
199,Jake Mangum#,29,TBR,AL,1.7,118,428,405,37,120,18,1,3,40,27,6,19,64,0.296,0.33,0.368,0.698,96.0,0.313,93.0,149,4,2,1,1,0,*789/HD,,manguja01,2025,Right
200,Brandon Marsh*,27,PHI,NL,1.7,133,425,379,59,106,25,2,11,43,7,1,38,110,0.28,0.342,0.443,0.785,114.0,0.346,112.0,168,2,0,3,4,1,*87H/9,,marshbr02,2025,Right
201,Jonathan Aranda*,27,TBR,AL,3.4,106,422,370,56,117,22,0,14,59,0,2,41,107,0.316,0.393,0.489,0.883,146.0,0.377,147.0,181,9,8,0,3,3,3DH,AS,arandjo01,2025,Right
202,Daniel Schneemann*,28,CLE,AL,1.9,131,422,379,48,78,18,1,12,41,9,3,38,117,0.206,0.283,0.354,0.636,76.0,0.288,77.0,134,4,3,1,1,1,458H96/7D,,schneda04,2025,Right
203,Carson Kelly,30,CHC,NL,3.6,111,421,369,48,92,13,1,17,50,2,0,45,80,0.249,0.333,0.428,0.761,119.0,0.337,121.0,158,11,3,0,4,0,2/HD,,kellyca02,2025,Right
204,Wilyer Abreu*,26,BOS,AL,3.2,115,417,373,53,92,17,0,22,69,6,3,40,101,0.247,0.317,0.469,0.786,116.0,0.332,112.0,175,8,0,1,3,5,9H/D,,abreuwi02,2025,Right
205,Nick Allen,26,ATL,NL,0.6,135,416,371,32,82,11,0,0,22,8,7,31,99,0.221,0.284,0.251,0.535,53.0,0.243,50.0,93,8,3,8,3,0,*6/4H,,allenni02,2025,Right
206,Austin Hays,29,CIN,NL,0.8,103,416,380,60,101,16,5,15,64,7,0,29,107,0.266,0.315,0.453,0.768,105.0,0.335,101.0,172,9,1,0,6,2,7D/H,,haysau01,2025,Right
207,Bo Naylor*,25,CLE,AL,1.4,123,414,359,46,70,22,1,14,47,1,2,45,99,0.195,0.282,0.379,0.661,82.0,0.289,80.0,136,4,1,3,6,0,*2H,,naylobo01,2025,Right
208,Ronald Acuña Jr.,27,ATL,NL,3.1,95,412,338,74,98,12,1,21,42,9,1,71,102,0.29,0.417,0.518,0.935,163.0,0.407,162.0,175,5,3,0,0,4,9/DH,AS,acunaro01,2025,Right
209,Spencer Horwitz*,27,PIT,NL,1.6,108,411,364,55,99,26,0,11,51,0,1,44,73,0.272,0.353,0.434,0.787,118.0,0.346,119.0,158,7,2,0,1,1,3H/4D,,horwisp01,2025,Right
210,Kyle Isbel*,28,KCR,AL,1.6,135,409,368,42,94,16,4,4,33,4,5,23,74,0.255,0.301,0.353,0.654,83.0,0.284,80.0,130,7,2,13,3,0,*8/H,,isbelky01,2025,Right
211,Nick Gonzales,26,PIT,NL,-0.7,96,408,381,39,99,18,3,5,30,0,2,21,73,0.26,0.299,0.362,0.661,84.0,0.293,82.0,138,12,2,0,4,0,46,,gonzani01,2025,Right
212,Nolan Jones*,27,CLE,AL,-1.1,136,403,355,34,75,14,2,5,34,8,3,39,113,0.211,0.296,0.304,0.6,68.0,0.272,66.0,108,6,5,1,3,1,*98H7/D,,jonesno01,2025,Right
213,Royce Lewis,26,MIN,AL,0.7,106,403,376,36,89,18,0,13,52,12,2,25,80,0.237,0.283,0.388,0.671,83.0,0.303,85.0,146,7,0,0,2,0,5/DH,,lewisro02,2025,Right
214,Edgar Quero#,22,CHW,AL,1.2,111,403,365,31,98,17,0,5,36,0,1,32,71,0.268,0.333,0.356,0.689,94.0,0.308,96.0,130,8,4,0,2,0,2DH,,queroed01,2025,Right
215,Nolan Gorman*,25,STL,NL,0.2,111,402,351,48,72,14,1,14,46,1,1,47,136,0.205,0.296,0.37,0.666,88.0,0.294,86.0,130,1,0,0,4,2,54D/H3,,gormano01,2025,Right
216,Mauricio Dubón,30,HOU,AL,1.8,133,398,369,43,89,21,0,7,33,3,0,24,42,0.241,0.289,0.355,0.644,78.0,0.281,72.0,131,12,1,3,1,0,74658H/39,,dubonma01,2025,Right
217,Jordan Walker,23,STL,NL,-1.6,111,396,363,40,78,13,1,6,41,10,3,29,126,0.215,0.278,0.306,0.584,66.0,0.273,69.0,111,9,3,0,1,1,9/HD,,walkejo02,2025,Right
218,Matt Wallner*,27,MIN,AL,0.5,104,392,336,47,68,16,3,22,40,4,3,46,114,0.202,0.311,0.464,0.776,110.0,0.337,113.0,156,3,8,0,2,0,9D/H,,wallnma01,2025,Right
219,Ramón Urías,31,2TM,AL,2.3,112,391,352,33,85,17,0,11,44,3,0,27,88,0.241,0.292,0.384,0.675,88.0,0.296,86.0,135,6,2,0,10,0,54H/3D,,uriasra01,2025,Right
219,Ramón Urías,31,BAL,AL,1.5,77,290,258,27,64,12,0,8,34,2,0,21,60,0.248,0.3,0.388,0.688,93.0,0.301,91.0,100,5,2,0,9,0,5/H3D4,,uriasra01,2025,Right
219,Ramón Urías,31,HOU,AL,0.8,35,101,94,6,21,5,0,3,10,1,0,6,28,0.223,0.267,0.372,0.64,76.0,0.285,74.0,35,1,0,0,1,0,45/H,,uriasra01,2025,Right
220,Liam Hicks*,26,MIA,NL,1.3,119,390,332,37,82,13,1,6,45,2,0,43,56,0.247,0.346,0.346,0.693,94.0,0.32,98.0,115,5,9,3,3,0,23HD,,hicksli01,2025,Right
221,Ezequiel Tovar,23,COL,NL,0.7,95,390,360,44,91,18,4,9,33,5,3,21,98,0.253,0.294,0.4,0.694,83.0,0.305,80.0,144,2,1,6,2,0,6,,tovarez01,2025,Right
222,Pedro Pagés,26,STL,NL,1.4,112,389,361,38,83,15,0,11,45,0,0,19,107,0.23,0.272,0.363,0.635,78.0,0.278,74.0,131,9,3,3,3,1,*2/34,,pagespe02,2025,Right
223,Max Muncy*,34,LAD,NL,3.6,100,388,313,48,76,10,2,19,67,4,0,64,83,0.243,0.376,0.47,0.846,136.0,0.37,136.0,147,4,6,0,5,2,5H,,muncyma01,2025,Right
224,Victor Caratini#,31,HOU,AL,0.9,114,386,344,35,89,14,0,12,46,1,0,23,65,0.259,0.324,0.404,0.728,101.0,0.319,101.0,139,8,13,0,6,0,2DH3,,caratvi01,2025,Right
225,Kody Clemens*,29,2TM,2LG,1.0,119,386,348,46,74,12,4,19,52,5,1,29,93,0.213,0.281,0.434,0.715,94.0,0.306,88.0,151,4,5,2,2,1,34H79/18D,,clemeko01,2025,Right
225,Kody Clemens*,29,PHI,NL,-0.1,7,7,6,0,0,0,0,0,0,0,0,1,0,0.0,0.143,0.0,0.143,-56.0,0.1,-60.0,0,0,0,0,0,0,/H47D,,clemeko01,2025,Right
225,Kody Clemens*,29,MIN,AL,1.2,112,379,342,46,74,12,4,19,52,5,1,28,93,0.216,0.284,0.442,0.725,96.0,0.31,91.0,151,4,5,2,2,1,3497H/18,,clemeko01,2025,Right
226,Mike Tauchman*,34,CHW,AL,1.9,93,385,335,44,88,17,1,9,40,0,0,45,86,0.263,0.356,0.4,0.756,112.0,0.339,117.0,134,5,4,0,1,0,9D/H,,tauchmi01,2025,Right
227,Wenceel Pérez#,25,DET,AL,0.7,100,383,344,47,84,17,4,13,43,8,3,31,87,0.244,0.308,0.43,0.738,103.0,0.316,98.0,148,5,3,0,5,0,98/H7D,,perezwe01,2025,Right
228,Brayan Rocchio#,24,CLE,AL,-0.2,115,383,344,34,80,18,2,5,44,8,4,22,77,0.233,0.29,0.34,0.63,75.0,0.278,71.0,117,4,8,4,5,0,64/H,,rocchbr01,2025,Right
229,Jake Meyers,29,HOU,AL,2.5,104,381,343,53,100,15,2,3,24,16,5,31,67,0.292,0.354,0.373,0.727,103.0,0.333,109.0,128,9,3,2,2,0,8/H,,meyerja02,2025,Right
230,Tommy Edman#,30,LAD,NL,1.1,97,377,346,49,78,13,1,13,49,3,1,19,61,0.225,0.274,0.382,0.655,82.0,0.302,88.0,132,4,6,1,5,0,485/HD,,edmanto01,2025,Right
231,Jake Burger,29,TEX,AL,0.8,103,376,356,43,84,15,1,16,53,1,1,12,93,0.236,0.269,0.419,0.687,99.0,0.298,100.0,149,3,5,0,3,0,3DH,,burgeja01,2025,Right
232,Jared Triolo,27,PIT,NL,2.4,107,376,331,41,75,18,2,7,24,13,2,39,76,0.227,0.311,0.356,0.667,86.0,0.318,94.0,118,4,2,3,1,1,6534/H1D,,triolja01,2025,Right
233,Jurickson Profar#,32,ATL,NL,1.0,80,371,318,56,78,16,1,14,43,9,2,48,59,0.245,0.353,0.434,0.787,121.0,0.355,125.0,138,4,5,0,0,0,7/D,,profaju01,2025,Right
234,José Caballero,28,2TM,AL,2.9,126,370,314,52,74,18,1,5,36,49,11,47,98,0.236,0.339,0.347,0.686,94.0,0.331,100.0,109,1,3,4,2,0,6954H7/D81,,cabaljo01,2025,Right
234,José Caballero,28,TBR,AL,1.9,86,275,235,37,53,12,1,2,27,34,8,33,80,0.226,0.327,0.311,0.638,81.0,0.309,85.0,73,1,3,3,1,0,6594H/78D1,,cabaljo01,2025,Right
234,José Caballero,28,NYY,AL,1.1,40,95,79,15,21,6,0,3,9,15,3,14,18,0.266,0.372,0.456,0.828,131.0,0.396,144.0,36,0,0,1,1,0,965/H47D,,cabaljo01,2025,Right
235,Andrés Giménez*,26,TOR,AL,1.1,101,369,329,39,69,11,1,7,35,12,2,25,66,0.21,0.285,0.313,0.598,66.0,0.277,65.0,103,8,11,1,3,0,46/H,,gimenan01,2025,Right
236,Adley Rutschman#,27,BAL,AL,1.9,90,365,322,37,71,16,2,9,29,0,0,40,57,0.22,0.307,0.366,0.673,90.0,0.297,89.0,118,8,1,0,2,0,2D/H,,rutscad01,2025,Right
237,Jacob Young,25,WSN,NL,1.3,120,364,324,34,75,10,1,2,31,15,11,27,65,0.231,0.296,0.287,0.583,68.0,0.268,71.0,93,7,3,9,1,0,*8H/D,,youngja03,2025,Right
238,Colton Cowser*,25,BAL,AL,1.1,92,360,327,36,64,14,0,16,40,14,0,27,128,0.196,0.269,0.385,0.655,83.0,0.292,79.0,126,5,6,0,0,1,87/9HD,,cowseco01,2025,Right
239,Noelvi Marté,23,CIN,NL,1.4,90,360,339,45,89,17,2,14,51,10,3,16,85,0.263,0.3,0.448,0.748,99.0,0.337,103.0,152,7,3,0,2,0,95/H8D,,marteno01,2025,Right
240,Ryan Mountcastle,28,BAL,AL,0.1,89,357,332,34,83,18,0,7,35,3,0,15,98,0.25,0.286,0.367,0.653,83.0,0.302,91.0,122,10,4,0,6,0,3D/H,,mountry01,2025,Right
241,Jordan Westburg,26,BAL,AL,1.5,85,352,328,59,87,10,1,17,41,1,2,17,80,0.265,0.313,0.457,0.77,114.0,0.334,118.0,150,5,6,0,1,0,54D/H,,westbjo01,2025,Right
242,Daylen Lile*,22,WSN,NL,0.7,91,351,321,51,96,15,11,9,41,8,6,21,56,0.299,0.347,0.498,0.845,137.0,0.368,142.0,160,5,4,1,3,0,97D/H,,lileda01,2025,Right
243,Casey Schmitt,26,SFG,NL,0.6,95,348,312,34,74,15,0,12,40,0,0,27,83,0.237,0.305,0.401,0.706,101.0,0.311,101.0,125,6,5,1,3,1,453/H6D,,schmica01,2025,Right
244,Freddy Fermin,30,2TM,2LG,2.0,109,347,319,32,80,13,0,5,26,1,2,19,65,0.251,0.297,0.339,0.636,78.0,0.284,77.0,108,5,2,7,0,1,2/HD4,,fermifr01,2025,Right
244,Freddy Fermin,30,KCR,AL,1.1,67,208,192,17,49,7,0,3,12,1,2,13,37,0.255,0.309,0.339,0.648,82.0,0.284,80.0,65,2,2,1,0,1,2/HD4,,fermifr01,2025,Right
244,Freddy Fermin,30,SDP,NL,0.9,42,139,127,15,31,6,0,2,14,0,0,6,28,0.244,0.278,0.339,0.617,70.0,0.285,73.0,43,3,0,6,0,0,2/H,,fermifr01,2025,Right
245,JJ Bleday*,27,ATH,AL,-0.2,98,344,307,48,65,17,0,14,39,1,2,36,91,0.212,0.294,0.404,0.698,92.0,0.3,89.0,124,6,0,0,1,2,89H7/D,,bledajj01,2025,Right
246,Jose Iglesias,35,SDP,NL,-0.7,112,343,306,29,70,11,0,3,36,5,1,24,56,0.229,0.298,0.294,0.592,66.0,0.288,74.0,90,7,7,4,2,0,465HD/7,,iglesjo01,2025,Right
247,Javier Sanoja,22,MIA,NL,1.5,118,342,313,40,76,22,4,6,38,6,5,19,41,0.243,0.287,0.396,0.683,87.0,0.307,92.0,124,2,2,4,4,0,574H86/13D,,sanojja01,2025,Right
248,Tyler Stephenson,28,CIN,NL,1.3,88,342,299,40,69,18,0,13,50,0,1,37,116,0.231,0.316,0.421,0.737,98.0,0.327,99.0,126,4,2,0,4,1,2D/H,,stephty01,2025,Right
249,Romy González,28,BOS,AL,2.0,96,341,315,47,96,23,3,9,53,6,5,18,81,0.305,0.343,0.483,0.826,128.0,0.363,137.0,152,8,3,0,5,1,34H/D5,,gonzaro01,2025,Right
250,Tyrone Taylor,31,NYM,NL,1.2,113,341,310,34,69,18,3,2,27,12,2,16,76,0.223,0.279,0.319,0.598,70.0,0.276,70.0,99,4,9,3,2,1,*8H/79,,tayloty01,2025,Right
251,Miguel Andujar,30,2TM,2LG,0.8,94,341,321,36,102,17,1,10,44,1,0,17,49,0.318,0.352,0.47,0.822,125.0,0.355,124.0,151,8,1,0,2,1,57DH/39,,andujmi01,2025,Right
251,Miguel Andujar,30,ATH,AL,0.2,60,231,218,22,65,10,1,6,27,1,0,11,30,0.298,0.329,0.436,0.765,111.0,0.33,108.0,95,5,0,0,2,1,57/H9D3,,andujmi01,2025,Right
251,Miguel Andujar,30,CIN,NL,0.6,34,110,103,14,37,7,0,4,17,0,0,6,19,0.359,0.4,0.544,0.944,153.0,0.407,155.0,56,3,1,0,0,0,DH/37,,andujmi01,2025,Right
252,Sean Murphy,30,ATL,NL,2.4,94,337,291,34,58,13,0,16,45,0,0,35,105,0.199,0.3,0.409,0.709,98.0,0.314,99.0,119,9,8,0,3,1,2H/D,,murphse01,2025,Right
253,Connor Norby,25,MIA,NL,0.8,88,337,311,42,78,17,1,8,34,8,2,18,90,0.251,0.3,0.389,0.689,90.0,0.317,95.0,121,3,5,0,3,0,5/HD,,norbyco01,2025,Right
254,Michael Toglia#,26,COL,NL,-1.7,88,337,306,22,58,15,1,11,32,3,0,28,132,0.19,0.258,0.353,0.611,61.0,0.272,54.0,108,7,1,0,2,2,3/DH,,toglimi01,2025,Right
255,Danny Jansen,30,2TM,2LG,2.6,98,337,288,38,62,11,0,14,36,0,0,42,86,0.215,0.321,0.399,0.721,101.0,0.321,104.0,115,5,4,1,2,0,2H/D,,janseda01,2025,Right
255,Danny Jansen,30,TBR,AL,1.9,73,259,221,28,45,8,0,11,29,0,0,33,68,0.204,0.314,0.389,0.703,96.0,0.312,98.0,86,4,3,1,1,0,2/H,,janseda01,2025,Right
255,Danny Jansen,30,MIL,NL,0.7,25,78,67,10,17,3,0,3,7,0,0,9,18,0.254,0.346,0.433,0.779,117.0,0.352,123.0,29,1,1,0,1,0,2/HD,,janseda01,2025,Right
256,Dane Myers,29,MIA,NL,-0.1,106,333,307,29,72,10,0,6,31,18,5,23,77,0.235,0.291,0.326,0.617,71.0,0.284,69.0,100,12,2,0,1,0,89H7/D,,myersda01,2025,Right
257,Joey Bart,28,PIT,NL,0.4,93,332,285,21,71,12,1,4,30,1,1,40,93,0.249,0.355,0.34,0.696,96.0,0.32,100.0,97,14,7,0,0,0,2/HD,,bartjo01,2025,Right
258,Luis Urías,28,ATH,AL,0.5,96,330,287,27,66,7,0,8,25,2,1,31,45,0.23,0.315,0.338,0.653,82.0,0.302,89.0,97,9,6,0,3,0,4/5H,,uriaslu01,2025,Right
259,Starling Marte,36,NYM,NL,1.0,98,329,293,37,79,14,0,9,34,7,2,22,68,0.27,0.335,0.41,0.745,111.0,0.331,112.0,120,7,9,1,4,0,DH/79,,martest01,2025,Right
260,Brooks Baldwin#,24,CHW,AL,-0.6,103,328,300,32,72,15,1,11,38,5,0,21,86,0.24,0.29,0.407,0.697,93.0,0.307,92.0,122,9,1,4,2,0,7895H46,,baldwbr01,2025,Right
261,Santiago Espinal,30,CIN,NL,-1.4,114,328,301,25,73,12,0,0,16,2,1,21,38,0.243,0.292,0.282,0.575,57.0,0.257,48.0,85,11,1,3,2,0,54H7/93D6,,espinsa01,2025,Right
262,Rhys Hoskins,32,MIL,NL,0.9,90,328,279,30,66,12,1,12,43,2,1,38,91,0.237,0.332,0.416,0.748,108.0,0.331,108.0,116,6,5,0,6,2,3/HD,,hoskirh01,2025,Right
263,Kyle Higashioka,35,TEX,AL,1.6,94,327,303,33,73,14,1,11,47,3,1,20,72,0.241,0.291,0.403,0.693,102.0,0.305,105.0,122,5,2,0,2,0,2D/H,,higasky01,2025,Right
264,Trey Sweeney*,25,DET,AL,-0.8,118,326,296,36,58,6,2,6,32,3,1,26,92,0.196,0.258,0.291,0.548,53.0,0.248,49.0,86,2,0,0,4,0,*6H,,sweentr01,2025,Right
265,Michael A. Taylor,34,CHW,AL,0.0,134,325,295,33,59,20,1,9,35,8,3,23,110,0.2,0.259,0.366,0.625,73.0,0.268,65.0,108,7,1,4,2,1,*879H/D,,taylomi02,2025,Right
266,Dylan Crews,23,WSN,NL,0.4,85,322,293,43,61,8,2,10,27,17,5,24,76,0.208,0.28,0.352,0.631,79.0,0.288,79.0,103,4,5,0,0,0,98/D,,crewsdy01,2025,Right
267,Alex Call,30,2TM,NL,1.5,110,322,270,43,72,13,2,5,31,2,1,36,55,0.267,0.361,0.385,0.746,112.0,0.338,117.0,104,6,6,6,4,0,97H/D8,,callal02,2025,Right
267,Alex Call,30,WSN,NL,1.1,72,237,197,30,54,9,2,3,26,1,1,26,36,0.274,0.371,0.386,0.756,117.0,0.345,124.0,76,5,6,5,3,0,97H/D8,,callal02,2025,Right
267,Alex Call,30,LAD,NL,0.4,38,85,73,13,18,4,0,2,5,1,0,10,19,0.247,0.333,0.384,0.717,101.0,0.321,100.0,28,1,0,1,1,0,7H9/8D,,callal02,2025,Right
268,Miguel Rojas,36,LAD,NL,2.1,114,317,290,35,76,18,0,7,27,5,0,24,46,0.262,0.318,0.397,0.715,100.0,0.319,98.0,115,7,0,3,0,1,456H/13,,rojasmi02,2025,Right
269,Taylor Walls#,28,TBR,AL,2.6,101,317,282,36,62,14,1,4,38,14,6,26,70,0.22,0.28,0.319,0.599,68.0,0.269,66.0,90,1,0,3,6,0,6/H45D,,wallsta01,2025,Right
270,Jorge Soler,33,LAA,AL,-0.5,82,315,279,31,60,12,0,12,34,0,0,28,94,0.215,0.293,0.387,0.68,87.0,0.303,89.0,108,5,4,0,3,0,9D/H,,solerjo01,2025,Right
271,Rowdy Tellez*,30,2TM,AL,-0.3,112,312,289,34,66,11,0,17,49,1,0,17,83,0.228,0.276,0.443,0.719,106.0,0.308,105.0,128,9,3,0,3,0,3H/D1,,tellero01,2025,Right
271,Rowdy Tellez*,30,SEA,AL,-0.8,62,185,173,20,36,6,0,11,27,1,0,8,49,0.208,0.249,0.434,0.682,93.0,0.289,89.0,75,6,2,0,2,0,3/HD,,tellero01,2025,Right
271,Rowdy Tellez*,30,TEX,AL,0.4,50,127,116,14,30,5,0,6,22,0,0,9,34,0.259,0.315,0.457,0.772,124.0,0.336,128.0,53,3,1,0,1,0,3H/D1,,tellero01,2025,Right
272,Gabriel Moreno,25,ARI,NL,1.6,83,309,277,44,79,12,1,9,40,2,2,29,53,0.285,0.353,0.433,0.786,117.0,0.341,115.0,120,6,1,0,2,3,2/DH,,morenga01,2025,Right
273,Joc Pederson*,33,TEX,AL,-0.3,96,306,265,28,48,10,1,9,26,2,0,34,65,0.181,0.285,0.328,0.614,81.0,0.278,84.0,87,5,5,0,1,0,DH/39,,pederjo01,2025,Right
274,Christopher Morel,26,TBR,AL,-0.3,105,305,278,37,61,16,0,11,33,7,2,25,109,0.219,0.289,0.396,0.684,90.0,0.306,92.0,110,8,2,0,0,0,7HD/94,,morelch01,2025,Right
275,Roman Anthony*,21,BOS,AL,3.1,71,303,257,48,75,18,1,8,32,4,1,40,84,0.292,0.396,0.463,0.859,140.0,0.375,142.0,119,2,5,0,1,0,97D/H,,anthoro01,2025,Right
276,Jose Trevino,32,CIN,NL,-0.2,93,302,282,30,67,20,0,4,22,0,0,15,39,0.238,0.272,0.351,0.623,68.0,0.278,63.0,99,9,0,1,4,0,2/D1H,,trevijo01,2025,Right
277,Kyle Farmer,34,COL,NL,-0.8,97,300,277,24,63,14,0,8,31,0,1,17,66,0.227,0.28,0.365,0.645,71.0,0.288,68.0,101,9,4,0,2,0,4D3H65/1,,farmeky01,2025,Right
278,Myles Straw,30,TOR,AL,2.9,137,299,267,51,70,14,1,4,32,12,1,19,50,0.262,0.313,0.367,0.68,87.0,0.311,87.0,98,5,1,11,1,0,*87H9/4,,strawmy01,2025,Right
279,Kyle Teel*,23,CHW,AL,1.9,78,297,253,38,69,11,0,8,35,3,1,37,77,0.273,0.375,0.411,0.786,121.0,0.353,128.0,104,1,5,1,1,0,2D/H7,,teelky01,2025,Right
280,Thomas Saggese,23,STL,NL,0.4,82,295,275,25,71,16,0,2,25,3,0,16,83,0.258,0.299,0.338,0.638,81.0,0.287,79.0,93,5,1,1,2,0,465/HD,,saggeth01,2025,Right
281,Ben Williamson,24,SEA,AL,1.3,85,295,277,36,70,13,0,1,21,5,1,15,64,0.253,0.294,0.31,0.604,76.0,0.272,75.0,86,5,1,2,0,0,5/H,,willibe03,2025,Right
282,Heriberto Hernández,25,MIA,NL,0.8,87,294,256,40,68,12,1,10,45,1,1,31,77,0.266,0.347,0.438,0.784,116.0,0.344,116.0,112,6,3,0,4,0,7D9H,,hernahe01,2025,Right
283,Coby Mayo,23,BAL,AL,0.2,85,294,263,30,57,12,0,11,28,3,0,27,84,0.217,0.299,0.388,0.687,93.0,0.303,92.0,102,2,4,0,0,0,3/DH5,,mayoco01,2025,Right
284,Randal Grichuk,33,2TM,2LG,-0.8,113,293,272,35,62,18,1,9,27,0,1,17,61,0.228,0.273,0.401,0.674,85.0,0.293,82.0,109,6,1,0,3,1,HD97/8,,grichra01,2025,Right
284,Randal Grichuk,33,ARI,NL,-0.4,70,188,175,25,42,15,1,7,22,0,1,10,39,0.24,0.277,0.457,0.734,99.0,0.317,98.0,80,5,0,0,3,1,DH9/78,,grichra01,2025,Right
284,Randal Grichuk,33,KCR,AL,-0.4,43,105,97,10,20,3,0,2,5,0,0,7,22,0.206,0.267,0.299,0.566,59.0,0.251,53.0,29,1,1,0,0,0,9H7/D8,,grichra01,2025,Right
285,Mitch Garver,34,SEA,AL,-0.1,87,290,254,29,53,5,1,9,30,3,0,30,80,0.209,0.297,0.343,0.639,86.0,0.286,86.0,87,6,3,0,3,1,2DH,,garvemi01,2025,Right
286,Yoán Moncada#,30,LAA,AL,0.7,84,289,248,39,58,13,2,12,35,0,0,32,75,0.234,0.336,0.448,0.783,116.0,0.339,116.0,111,4,7,0,2,1,5H/D,,moncayo01,2025,Right
287,Pavin Smith*,29,ARI,NL,0.4,87,288,244,36,63,17,1,8,28,2,2,41,92,0.258,0.362,0.434,0.797,120.0,0.35,121.0,106,7,0,0,2,1,D3H,,smithpa04,2025,Right
288,Riley Adams,29,WSN,NL,0.5,83,286,263,29,49,8,0,8,24,1,0,18,110,0.186,0.252,0.308,0.56,59.0,0.258,61.0,81,6,5,0,0,0,2/H3D,,adamsri03,2025,Right
289,Colson Montgomery*,23,CHW,AL,3.3,71,284,255,43,61,9,1,21,55,0,0,25,83,0.239,0.311,0.529,0.84,130.0,0.357,131.0,135,3,2,0,1,1,65/H,,montgco01,2025,Right
290,Abraham Toro#,28,BOS,AL,-0.2,77,284,259,33,62,13,0,7,27,2,1,14,42,0.239,0.289,0.371,0.659,83.0,0.299,88.0,96,1,6,0,5,1,35/H1,,toroab01,2025,Right
291,Henry Davis,25,PIT,NL,0.7,87,283,252,25,42,7,0,7,22,2,1,18,76,0.167,0.234,0.278,0.512,42.0,0.237,40.0,70,2,5,3,3,0,2/HD,,davishe01,2025,Right
292,Elias Díaz,34,SDP,NL,-0.2,106,283,255,34,52,7,0,9,29,0,0,21,74,0.204,0.27,0.337,0.607,67.0,0.271,63.0,86,11,2,5,0,0,2H,,diazel01,2025,Right
293,Luis Torrens,29,NYM,NL,1.4,92,283,261,20,59,14,1,5,29,1,0,19,56,0.226,0.284,0.345,0.629,78.0,0.283,78.0,90,7,2,1,0,0,2H/1D3,,torrelu01,2025,Right
294,Giancarlo Stanton,35,NYY,AL,1.9,77,281,249,36,68,8,0,24,66,0,0,29,96,0.273,0.35,0.594,0.944,158.0,0.398,162.0,148,5,1,0,1,3,D9H/7,,stantmi03,2025,Right
295,Francisco Alvarez,23,NYM,NL,2.1,76,277,246,32,63,12,1,11,32,0,0,27,73,0.256,0.339,0.447,0.787,122.0,0.35,126.0,110,6,4,0,0,0,2/HD,,alvarfr01,2025,Right
296,Michael Massey*,27,KCR,AL,-0.1,77,277,262,20,64,9,0,3,20,2,1,9,43,0.244,0.268,0.313,0.581,63.0,0.255,57.0,82,3,1,1,4,0,47/HD,,massemi02,2025,Right
297,Brady House,22,WSN,NL,-0.6,73,274,261,26,61,11,0,4,29,5,3,8,78,0.234,0.252,0.322,0.574,62.0,0.252,58.0,84,11,0,0,5,0,5/H,,housebr01,2025,Right
298,Daulton Varsho*,28,TOR,AL,2.8,71,271,248,43,59,13,2,20,55,2,0,17,77,0.238,0.284,0.548,0.833,122.0,0.343,116.0,136,1,1,0,5,1,8/HD,,varshda01,2025,Right
299,Eli White,31,ATL,NL,0.7,105,271,256,43,60,8,3,10,35,10,1,11,70,0.234,0.27,0.406,0.677,88.0,0.308,89.0,104,2,2,1,1,1,97H/D83,,whiteel04,2025,Right
300,Dominic Canzone*,27,SEA,AL,1.6,82,269,243,30,73,11,0,11,32,3,1,20,59,0.3,0.358,0.481,0.84,142.0,0.361,142.0,117,6,3,0,2,0,9H/D,,canzodo01,2025,Right
301,Keibert Ruiz#,26,WSN,NL,0.8,68,267,255,19,63,12,0,2,25,0,2,8,26,0.247,0.277,0.318,0.595,69.0,0.271,73.0,81,4,3,0,1,0,2/H,,ruizke01,2025,Right
302,Blaze Alexander,26,ARI,NL,1.7,74,266,230,31,53,12,1,7,28,4,6,22,86,0.23,0.323,0.383,0.706,95.0,0.315,101.0,88,5,10,3,1,0,54/H78D,,alexabl01,2025,Right
303,Oswald Peraza,25,2TM,AL,-0.6,106,265,244,24,40,6,0,5,20,9,0,17,80,0.164,0.223,0.25,0.473,33.0,0.225,28.0,61,6,2,0,1,0,5H346/1D,,perazos02,2025,Right
303,Oswald Peraza,25,NYY,AL,-0.2,71,170,158,18,24,5,0,3,13,3,0,11,47,0.152,0.212,0.241,0.452,27.0,0.214,24.0,38,3,1,0,0,0,54/H6D,,perazos02,2025,Right
303,Oswald Peraza,25,LAA,AL,-0.5,35,95,86,6,16,1,0,2,7,6,0,6,33,0.186,0.245,0.267,0.512,43.0,0.243,34.0,23,3,1,0,1,0,35H/61,,perazos02,2025,Right
304,Curtis Mead,24,2TM,AL,-0.2,90,264,240,26,56,10,1,3,19,5,1,15,63,0.233,0.299,0.321,0.62,75.0,0.282,74.0,77,9,8,0,1,0,35H4/D,,meadcu01,2025,Right
304,Curtis Mead,24,TBR,AL,0.4,49,132,115,14,26,2,1,3,8,4,1,12,33,0.226,0.318,0.339,0.657,85.0,0.304,90.0,39,4,4,0,1,0,34H/5D,,meadcu01,2025,Right
304,Curtis Mead,24,CHW,AL,-0.6,41,132,125,12,30,8,0,0,11,1,0,3,30,0.24,0.28,0.304,0.584,64.0,0.26,59.0,38,5,4,0,0,0,53/HD,,meadcu01,2025,Right
305,Kristian Campbell,23,BOS,AL,-1.0,67,263,229,24,51,10,0,6,21,2,1,29,72,0.223,0.319,0.345,0.664,86.0,0.299,88.0,79,1,4,0,1,0,4/8H7D,,campbkr01,2025,Right
306,Edmundo Sosa,29,PHI,NL,2.3,89,261,243,30,67,12,1,11,39,1,1,10,56,0.276,0.307,0.469,0.777,109.0,0.337,109.0,114,7,2,3,2,0,456H/78D,,sosaed01,2025,Right
307,Cole Young*,21,SEA,AL,0.5,77,257,223,24,47,7,1,4,24,1,0,28,47,0.211,0.302,0.305,0.607,78.0,0.273,77.0,68,4,2,2,2,1,4/H6D,,youngco01,2025,Right
308,Kiké Hernández,33,LAD,NL,0.1,92,256,232,30,47,8,0,10,35,0,0,18,68,0.203,0.255,0.366,0.621,72.0,0.276,71.0,85,7,0,1,5,0,357H4/81D,,hernaen02,2025,Right
309,Will Benson*,27,CIN,NL,0.6,90,253,230,31,52,8,2,12,41,2,2,16,67,0.226,0.273,0.435,0.708,88.0,0.301,81.0,100,4,1,0,6,1,97H8/D,,bensowi01,2025,Right
310,Tyler Fitzgerald,27,SFG,NL,0.9,72,243,217,19,47,10,1,4,14,9,4,17,70,0.217,0.278,0.327,0.606,74.0,0.276,75.0,71,3,2,6,1,0,4/H9,,fitzgty01,2025,Right
311,Dylan Moore,32,2TM,AL,0.5,106,243,219,35,44,5,0,11,25,14,5,20,82,0.201,0.267,0.374,0.642,85.0,0.288,88.0,82,1,1,0,3,0,H4935/6D8,,mooredy01,2025,Right
311,Dylan Moore,32,SEA,AL,0.2,88,213,192,29,37,5,0,9,19,12,4,19,76,0.193,0.263,0.359,0.622,79.0,0.283,83.0,69,1,0,0,2,0,H9435/6D8,,mooredy01,2025,Right
311,Dylan Moore,32,TEX,AL,0.3,18,30,27,6,7,0,0,2,6,2,1,1,6,0.259,0.3,0.481,0.781,126.0,0.326,122.0,13,0,1,0,1,0,4/HD39,,mooredy01,2025,Right
312,LaMonte Wade Jr.*,31,2TM,2LG,-1.7,80,242,209,19,35,8,2,2,18,1,0,27,58,0.167,0.271,0.254,0.524,51.0,0.247,52.0,53,2,3,2,1,1,39H/D7,,wadela01,2025,Right
312,LaMonte Wade Jr.*,31,SFG,NL,-1.2,50,169,144,12,24,8,2,1,15,0,0,21,35,0.167,0.275,0.271,0.546,58.0,0.255,61.0,39,2,1,2,1,1,3/HD,,wadela01,2025,Right
312,LaMonte Wade Jr.*,31,LAA,AL,-0.5,30,73,65,7,11,0,0,1,3,1,0,6,23,0.169,0.26,0.215,0.476,35.0,0.227,32.0,14,0,2,0,0,0,9/H37,,wadela01,2025,Right
313,Nick Fortes,28,2TM,2LG,0.7,97,242,218,19,50,9,1,5,21,1,0,14,47,0.229,0.296,0.349,0.644,79.0,0.293,81.0,76,7,7,2,1,0,2H/D,,forteni01,2025,Right
313,Nick Fortes,28,MIA,NL,0.4,59,141,129,11,31,6,1,2,10,0,0,7,22,0.24,0.288,0.349,0.637,76.0,0.278,69.0,45,4,2,2,1,0,2/HD,,forteni01,2025,Right
313,Nick Fortes,28,TBR,AL,0.3,38,101,89,8,19,3,0,3,11,1,0,7,25,0.213,0.307,0.348,0.655,84.0,0.313,97.0,31,3,5,0,0,0,2/HD,,forteni01,2025,Right
314,Dylan Carlson#,26,BAL,AL,-0.7,83,241,217,17,44,9,1,6,20,3,3,21,54,0.203,0.278,0.336,0.614,73.0,0.274,75.0,73,3,2,0,1,0,798H,,carlsdy01,2025,Right
315,Alexander Canario,25,PIT,NL,0.4,87,234,216,25,47,6,1,6,20,3,1,17,80,0.218,0.274,0.338,0.611,70.0,0.279,70.0,73,5,0,0,1,0,789H/D,,canaral01,2025,Right
316,Jakob Marsee*,24,MIA,NL,1.9,55,234,209,28,61,18,3,5,33,14,6,22,48,0.292,0.363,0.478,0.842,132.0,0.365,130.0,100,2,2,0,1,0,87/9H,,marseja01,2025,Right
317,Jac Caglianone*,22,KCR,AL,-1.3,62,232,210,19,33,6,1,7,18,1,0,18,52,0.157,0.237,0.295,0.532,49.0,0.238,43.0,62,4,4,0,0,0,93/DH,,caglija01,2025,Right
318,Travis d'Arnaud,36,LAA,AL,-0.3,69,231,213,16,42,13,0,6,21,0,0,13,74,0.197,0.255,0.343,0.598,65.0,0.26,58.0,73,5,4,0,1,0,2/HD,,darnatr01,2025,Right
319,Davis Schneider,26,TOR,AL,1.3,82,227,188,33,44,5,0,11,31,3,1,36,60,0.234,0.361,0.436,0.797,119.0,0.36,128.0,82,4,2,0,1,0,74H/5D,,schneda03,2025,Right
320,Dominic Smith*,30,SFG,NL,0.4,63,225,204,26,58,12,0,5,33,2,0,15,42,0.284,0.333,0.417,0.75,114.0,0.329,112.0,85,5,2,0,4,0,3/HD9,,smithdo02,2025,Right
321,Tim Tawa,26,ARI,NL,0.6,74,225,199,29,40,8,0,7,18,8,2,20,64,0.201,0.274,0.347,0.62,71.0,0.284,70.0,69,6,1,2,3,0,4387H/59,,tawati01,2025,Right
322,Jake McCarthy*,27,ARI,NL,-0.6,67,222,206,18,42,7,5,4,20,6,0,10,40,0.204,0.247,0.345,0.591,62.0,0.271,59.0,71,2,2,3,1,0,789/HD,,mccarja02,2025,Right
323,Anthony Santander#,30,TOR,AL,-1.0,54,221,194,16,34,5,0,6,18,0,0,25,61,0.175,0.271,0.294,0.565,57.0,0.253,51.0,57,6,1,0,1,1,D9/7H3,,santaan02,2025,Right
324,Evan Carter*,22,TEX,AL,1.9,63,220,194,31,48,9,2,5,25,14,2,19,41,0.247,0.336,0.392,0.728,114.0,0.333,118.0,76,2,7,0,0,1,8/HD,,carteev01,2025,Right
325,Max Muncy,22,ATH,AL,0.0,63,220,206,17,44,7,0,9,23,1,1,10,68,0.214,0.259,0.379,0.638,75.0,0.276,71.0,78,1,3,0,1,0,54/6H,,muncyma02,2025,Right
326,Ezequiel Durán,26,TEX,AL,0.3,90,219,205,16,46,14,0,0,14,11,2,8,55,0.224,0.266,0.293,0.559,65.0,0.251,61.0,60,3,4,1,1,0,63H45/91D7,,duranez01,2025,Right
327,Luke Raley*,30,SEA,AL,-0.3,73,219,183,23,37,8,0,4,19,2,1,19,64,0.202,0.319,0.311,0.631,85.0,0.294,94.0,57,2,13,3,1,0,93H/8D7,,raleylu01,2025,Right
328,Drew Waters#,26,KCR,AL,-0.4,71,219,206,21,50,6,3,1,14,5,3,11,60,0.243,0.288,0.316,0.603,70.0,0.281,76.0,65,2,2,0,0,0,789/HD,,waterdr01,2025,Right
329,Jake Bauers*,29,MIL,NL,0.7,85,218,183,28,43,9,0,7,28,8,1,32,59,0.235,0.353,0.399,0.752,111.0,0.34,111.0,73,1,2,0,1,1,3H7/D19,,bauerja01,2025,Right
330,Otto Kemp,25,PHI,NL,0.0,62,218,197,26,46,11,0,8,28,2,2,12,67,0.234,0.298,0.411,0.709,92.0,0.314,93.0,81,4,7,0,2,0,537/H4,,kempot01,2025,Right
331,Kameron Misner*,27,TBR,AL,0.7,71,217,197,27,42,9,1,5,22,8,1,16,69,0.213,0.273,0.345,0.618,72.0,0.279,69.0,68,1,1,1,2,0,89/7HD,,misneka01,2025,Right
332,Jake Fraley*,30,2TM,NL,0.4,76,217,191,31,46,9,0,6,23,4,3,25,49,0.241,0.332,0.382,0.714,94.0,0.323,99.0,73,1,1,0,0,1,9H/7D,,fraleja01,2025,Right
332,Jake Fraley*,30,CIN,NL,0.4,67,193,168,29,39,8,0,6,23,4,2,24,41,0.232,0.332,0.387,0.719,94.0,0.324,96.0,65,1,1,0,0,1,9H/7D,,fraleja01,2025,Right
332,Jake Fraley*,30,ATL,NL,0.0,9,24,23,2,7,1,0,0,0,0,1,1,8,0.304,0.333,0.348,0.681,93.0,0.319,117.0,8,0,0,0,0,0,/9H7D,,fraleja01,2025,Right
333,Christian Vázquez,34,MIN,AL,0.5,65,214,190,14,36,7,0,3,14,1,1,18,35,0.189,0.271,0.274,0.545,52.0,0.259,56.0,52,3,4,0,2,0,2/H,,vazquch01,2025,Right
334,Orlando Arcia,30,2TM,NL,-1.2,76,214,203,13,41,7,1,3,13,0,1,10,47,0.202,0.238,0.291,0.529,42.0,0.243,39.0,59,4,0,0,1,0,6453/HD,,arciaor01,2025,Right
334,Orlando Arcia,30,ATL,NL,-0.1,14,32,31,1,6,1,0,0,1,0,0,1,8,0.194,0.219,0.226,0.445,26.0,0.23,39.0,7,0,0,0,0,0,6/DH,,arciaor01,2025,Right
334,Orlando Arcia,30,COL,NL,-1.1,62,182,172,12,35,6,1,3,12,0,1,9,39,0.203,0.242,0.302,0.544,44.0,0.245,39.0,52,4,0,0,1,0,4563/HD,,arciaor01,2025,Right
335,Parker Meadows*,25,DET,AL,0.2,58,213,191,22,41,6,2,4,16,4,0,21,56,0.215,0.291,0.33,0.621,73.0,0.279,69.0,63,0,0,0,1,0,8/H,,meadopa01,2025,Right
336,Max Schuemann,28,ATH,AL,0.2,101,213,183,20,36,4,2,2,13,7,1,22,35,0.197,0.295,0.273,0.568,60.0,0.273,63.0,50,6,4,3,1,0,45H6/789D,,schuema01,2025,Right
337,Alex Verdugo*,29,ATL,NL,-0.3,56,213,197,21,47,10,0,0,12,1,0,14,31,0.239,0.296,0.289,0.585,67.0,0.269,66.0,57,1,2,0,0,0,7/H,,verdual01,2025,Right
338,Josh Rojas*,31,CHW,AL,-1.5,69,211,189,14,34,9,0,2,11,4,1,19,48,0.18,0.252,0.259,0.512,45.0,0.246,48.0,49,6,0,1,2,0,54/7H,,rojasjo01,2025,Right
339,Tyler O'Neill,30,BAL,AL,-0.6,54,209,181,22,36,6,1,9,26,4,0,22,51,0.199,0.292,0.392,0.684,92.0,0.302,90.0,71,2,3,0,3,1,9D/7H,,oneilty01,2025,Right
340,Rob Refsnyder,34,BOS,AL,1.2,70,209,182,29,49,12,0,9,30,3,0,24,54,0.269,0.354,0.484,0.838,131.0,0.368,135.0,88,6,1,0,2,1,9HD7,,refsnro01,2025,Right
341,Nacho Alvarez Jr.,22,ATL,NL,0.8,58,208,188,18,44,12,0,2,15,0,0,12,49,0.234,0.296,0.33,0.626,77.0,0.28,74.0,62,1,5,2,1,0,5/H,,alvarna01,2025,Right
342,Paul DeJong,31,WSN,NL,-0.1,57,208,193,18,44,10,0,6,23,4,0,11,70,0.228,0.269,0.373,0.642,81.0,0.283,75.0,72,3,1,0,3,0,546/D3H,,dejonpa01,2025,Right
343,Edouard Julien*,26,MIN,AL,-0.8,64,208,182,13,40,10,0,3,12,0,3,22,61,0.22,0.309,0.324,0.633,76.0,0.274,72.0,59,3,2,1,1,0,34D/H6,,julieed01,2025,Right
344,Luke Keaschall,22,MIN,AL,2.0,49,207,182,25,55,14,0,4,28,14,3,19,29,0.302,0.382,0.445,0.827,128.0,0.377,135.0,81,4,5,0,1,0,4/D,,keasclu01,2025,Right
345,Ryan Ritter,24,COL,NL,0.3,60,207,187,22,45,9,3,1,18,3,1,10,61,0.241,0.296,0.337,0.632,69.0,0.29,67.0,63,7,5,4,1,0,64/H,,rittery01,2025,Right
346,Robert Hassell III*,23,WSN,NL,0.0,70,206,197,22,44,9,0,3,18,4,0,8,62,0.223,0.257,0.315,0.572,62.0,0.266,64.0,62,4,1,0,0,0,89H/7D,,hassero02,2025,Right
347,Masataka Yoshida*,31,BOS,AL,0.2,55,205,188,16,50,11,0,4,26,3,0,10,24,0.266,0.307,0.388,0.696,93.0,0.32,100.0,73,3,3,0,4,0,D/H79,,yoshima02,2025,Right
348,José Herrera#,28,ARI,NL,0.0,57,204,166,21,31,6,0,2,17,0,0,23,47,0.187,0.285,0.259,0.544,53.0,0.254,49.0,43,2,1,11,3,0,2/1,,herrejo04,2025,Right
349,Yordan Alvarez*,28,HOU,AL,0.7,48,199,165,17,45,8,0,6,27,1,1,28,33,0.273,0.367,0.43,0.797,121.0,0.339,117.0,71,1,0,0,6,5,D7/H,,alvaryo01,2025,Right
350,Darell Hernaiz,23,ATH,AL,-0.2,51,197,173,17,40,5,1,2,16,3,4,17,24,0.231,0.292,0.306,0.599,67.0,0.273,72.0,53,2,0,2,5,0,654,,hernada04,2025,Right
351,Gio Urshela,33,ATH,AL,-0.9,59,197,181,10,43,14,1,0,20,0,1,13,40,0.238,0.287,0.326,0.613,71.0,0.271,68.0,59,6,0,2,1,0,5/3DH,,urshegi01,2025,Right
352,David Hamilton*,27,BOS,AL,1.1,91,194,177,27,35,4,1,6,19,22,6,13,47,0.198,0.257,0.333,0.59,63.0,0.274,60.0,59,3,1,3,0,0,4H6/D5,,hamilda03,2025,Right
353,Luisangel Acuña,23,NYM,NL,0.6,95,193,175,30,41,7,0,0,8,16,1,13,37,0.234,0.293,0.274,0.567,63.0,0.273,59.0,48,6,2,2,1,0,4H/658,,acunajo01,2025,Right
354,Andy Ibáñez,32,DET,AL,0.5,91,193,176,24,42,8,0,4,21,4,1,12,26,0.239,0.301,0.352,0.653,81.0,0.292,80.0,62,6,4,0,1,0,5H4/3D67,,ibanean01,2025,Right
355,Christian Koss,27,SFG,NL,1.6,74,191,174,25,46,9,0,3,23,4,1,9,45,0.264,0.309,0.368,0.676,94.0,0.317,103.0,64,4,3,3,2,0,4H5/61D,,kossch01,2025,Right
356,Justin Turner,40,CHC,NL,-0.1,80,191,169,14,37,7,0,3,18,2,0,17,37,0.219,0.288,0.314,0.602,75.0,0.282,81.0,53,3,1,0,4,0,3HD5,,turneju01,2025,Right
357,Amed Rosario,29,2TM,2LG,0.3,62,191,181,20,50,11,0,6,23,1,0,7,31,0.276,0.309,0.436,0.745,109.0,0.328,109.0,79,6,2,0,1,0,54H/9D16,,rosaram01,2025,Right
357,Amed Rosario,29,WSN,NL,0.3,46,158,148,19,40,8,0,5,18,1,0,7,22,0.27,0.31,0.426,0.736,107.0,0.326,108.0,63,5,2,0,1,0,54H/D169,,rosaram01,2025,Right
357,Amed Rosario,29,NYY,AL,0.0,16,33,33,1,10,3,0,1,5,0,0,0,9,0.303,0.303,0.485,0.788,116.0,0.335,115.0,16,1,0,0,0,0,/59H4,,rosaram01,2025,Right
358,Ha-Seong Kim,29,2TM,2LG,0.4,48,191,171,19,40,4,0,5,17,6,2,16,39,0.234,0.304,0.345,0.649,83.0,0.29,80.0,59,2,2,0,2,0,6/4H,,kimha01,2025,Right
358,Ha-Seong Kim,29,TBR,AL,0.1,24,93,84,5,18,3,0,2,5,6,1,8,23,0.214,0.29,0.321,0.612,72.0,0.283,69.0,27,0,1,0,0,0,6/4,,kimha01,2025,Right
358,Ha-Seong Kim,29,ATL,NL,0.2,24,98,87,14,22,1,0,3,12,0,1,8,16,0.253,0.316,0.368,0.684,93.0,0.297,90.0,32,2,1,0,2,0,6/H,,kimha01,2025,Right
359,Matt Thaiss*,30,2TM,AL,1.2,60,190,156,16,34,6,1,1,16,1,1,29,46,0.218,0.349,0.288,0.638,83.0,0.299,89.0,45,2,3,1,1,0,2/H3D,,thaisma01,2025,Right
359,Matt Thaiss*,30,CHW,AL,1.1,35,110,85,11,18,4,0,1,8,1,1,23,21,0.212,0.382,0.294,0.676,94.0,0.323,108.0,25,2,1,0,1,0,2/H3D,,thaisma01,2025,Right
359,Matt Thaiss*,30,TBR,AL,0.1,25,80,71,5,16,2,1,0,8,0,0,6,25,0.225,0.304,0.282,0.585,66.0,0.265,63.0,20,0,2,1,0,0,2/3H,,thaisma01,2025,Right
360,Nick Loftin,26,KCR,AL,-0.4,67,188,168,17,35,9,2,4,20,1,1,14,27,0.208,0.278,0.357,0.635,77.0,0.273,70.0,60,7,3,1,2,0,7H45/3D,,loftini01,2025,Right
361,Connor Wong,29,BOS,AL,-0.6,63,188,168,16,32,8,0,0,7,2,1,16,42,0.19,0.262,0.238,0.5,42.0,0.242,46.0,40,7,1,1,2,0,2/H3D,,wongco01,2025,Right
362,Luis Matos,23,SFG,NL,-0.2,57,184,172,26,38,9,1,8,22,4,0,11,27,0.221,0.266,0.424,0.691,95.0,0.306,93.0,73,5,0,0,1,0,97/8HD,,matoslu02,2025,Right
363,Ronny Mauricio#,24,NYM,NL,0.7,61,184,168,19,38,6,0,6,10,4,0,15,54,0.226,0.293,0.369,0.663,88.0,0.303,89.0,62,5,1,0,0,1,5H/46D,,mauriro01,2025,Right
364,Christian Moore,22,LAA,AL,0.1,53,184,162,20,32,5,1,7,16,3,0,19,62,0.198,0.284,0.37,0.655,81.0,0.289,77.0,60,3,1,1,1,0,4/H,,moorech03,2025,Right
365,Graham Pauley*,24,MIA,NL,0.7,62,184,161,18,36,9,1,4,11,2,0,21,36,0.224,0.311,0.366,0.678,88.0,0.303,85.0,59,1,0,1,1,0,5/438,,paulegr01,2025,Right
366,Jeremiah Jackson,25,BAL,AL,0.4,48,183,170,20,47,10,2,5,21,0,2,11,50,0.276,0.328,0.447,0.775,117.0,0.329,116.0,76,6,2,0,0,0,95/HD4,,jacksje02,2025,Right
367,Sam Haggerty#,31,TEX,AL,0.9,64,182,162,31,41,7,3,2,13,12,4,16,37,0.253,0.328,0.37,0.698,106.0,0.334,123.0,60,1,2,1,0,1,H78D/49,,haggesa01,2025,Right
368,Austin Martin,26,MIN,AL,0.7,50,181,156,22,44,8,1,1,7,11,4,22,31,0.282,0.374,0.365,0.74,106.0,0.333,107.0,57,6,1,2,0,0,78/H4,,martiau01,2025,Right
369,Austin Hedges,32,CLE,AL,-0.3,68,180,155,13,25,3,0,5,10,1,2,18,43,0.161,0.25,0.277,0.527,47.0,0.233,40.0,43,2,1,4,2,0,2/1,,hedgeau01,2025,Right
370,Leody Taveras#,26,2TM,AL,-0.5,58,180,171,13,35,6,1,3,17,9,3,5,50,0.205,0.226,0.304,0.53,54.0,0.236,50.0,52,0,0,3,1,0,89/H,,taverle01,2025,Right
370,Leody Taveras#,26,TEX,AL,0.1,30,82,79,7,19,3,1,1,8,6,1,2,23,0.241,0.259,0.342,0.601,76.0,0.268,70.0,27,0,0,1,0,0,8/H,,taverle01,2025,Right
370,Leody Taveras#,26,SEA,AL,-0.6,28,98,92,6,16,3,0,2,9,3,2,3,27,0.174,0.198,0.272,0.47,35.0,0.21,33.0,25,0,0,2,1,0,9/8H,,taverle01,2025,Right
371,Donovan Solano,37,2TM,AL,-0.1,71,179,166,10,41,4,1,3,21,0,0,8,40,0.247,0.291,0.337,0.628,82.0,0.28,83.0,56,9,3,0,2,0,3H/45,,solando01,2025,Right
371,Donovan Solano,37,SEA,AL,0.0,69,176,163,10,41,4,1,3,21,0,0,8,38,0.252,0.295,0.344,0.639,86.0,0.284,87.0,56,9,3,0,2,0,3H/5,,solando01,2025,Right
371,Donovan Solano,37,TEX,AL,-0.1,2,3,3,0,0,0,0,0,0,0,0,0,2,0.0,0.0,0.0,0.0,-100.0,0.0,-118.0,0,0,0,0,0,0,/4,,solando01,2025,Right
372,Jack Suwinski*,26,PIT,NL,-0.3,59,178,150,15,22,7,0,3,10,7,1,24,57,0.147,0.281,0.253,0.534,51.0,0.258,51.0,38,1,4,0,0,1,879/HD,,suwinja01,2025,Right
373,Alejandro Osuna*,22,TEX,AL,0.2,63,176,151,12,32,4,0,2,15,5,4,21,34,0.212,0.313,0.278,0.591,77.0,0.264,79.0,42,1,2,0,2,1,79/DH8,,osunaal02,2025,Right
374,Miles Mastrobuoni*,29,SEA,AL,0.2,76,175,152,20,38,4,0,1,12,6,3,17,29,0.25,0.324,0.296,0.62,83.0,0.279,82.0,45,2,0,5,1,0,H5497/13D,,mastrmi01,2025,Right
375,John Rave*,27,KCR,AL,0.1,72,175,153,18,30,5,0,4,14,7,2,18,46,0.196,0.283,0.307,0.59,66.0,0.266,61.0,47,1,1,2,1,0,978/HD,,ravejo01,2025,Right
376,Tyler Heineman#,34,TOR,AL,1.9,61,174,149,25,43,8,1,3,20,2,0,12,31,0.289,0.361,0.416,0.777,114.0,0.339,112.0,62,1,6,5,2,0,2/H1,,heinety01,2025,Right
377,Johan Rojas,24,PHI,NL,0.5,71,172,152,23,34,3,2,1,18,12,2,13,40,0.224,0.28,0.289,0.569,57.0,0.271,53.0,44,2,0,4,3,0,8H/D,,rojasjo03,2025,Right
378,Blake Perkins#,28,MIL,NL,0.3,54,171,155,25,35,6,2,3,19,7,2,15,47,0.226,0.298,0.348,0.647,81.0,0.296,81.0,54,4,1,0,0,0,8/HD,,perkibl01,2025,Right
379,Hyeseong Kim*,26,LAD,NL,1.6,71,170,161,19,45,6,1,3,17,13,1,7,52,0.28,0.314,0.385,0.699,95.0,0.335,102.0,62,0,1,1,0,0,4H86,,kimhy02,2025,Right
380,José Tena*,24,WSN,NL,0.3,50,169,152,19,37,13,2,0,16,3,1,15,37,0.243,0.314,0.355,0.669,91.0,0.297,88.0,54,4,1,0,1,0,5/4HD,,tenajo01,2025,Right
381,Yohel Pozo,28,STL,NL,0.2,67,168,160,16,37,8,0,5,19,0,0,7,22,0.231,0.262,0.375,0.637,78.0,0.281,76.0,60,4,0,0,1,0,2H/3D,,pozoyo01,2025,Right
382,Heston Kjerstad*,26,BAL,AL,-1.6,54,167,156,16,30,5,2,4,19,1,0,6,45,0.192,0.24,0.327,0.566,58.0,0.253,56.0,51,9,4,0,1,0,79/HD,,kjershe01,2025,Right
383,Thairo Estrada,29,COL,NL,-0.4,39,165,154,14,39,9,0,3,21,1,3,6,26,0.253,0.285,0.37,0.655,73.0,0.286,72.0,57,6,2,0,3,0,4,,estrath01,2025,Right
384,Martín Maldonado,38,SDP,NL,-0.3,64,161,147,11,30,6,0,4,12,0,0,8,57,0.204,0.245,0.327,0.572,57.0,0.258,53.0,48,3,0,6,0,0,2,,maldoma01,2025,Right
385,Austin Slater,32,2TM,AL,-0.1,65,160,148,22,32,6,1,5,13,1,0,11,51,0.216,0.27,0.372,0.642,78.0,0.289,80.0,55,6,0,1,0,0,79H/D813,,slateau01,2025,Right
385,Austin Slater,32,CHW,AL,0.3,51,135,123,20,29,6,1,5,11,1,0,11,35,0.236,0.299,0.423,0.721,100.0,0.316,100.0,52,5,0,1,0,0,H97/D83,,slateau01,2025,Right
385,Austin Slater,32,NYY,AL,-0.4,14,25,25,2,3,0,0,0,2,0,0,0,16,0.12,0.12,0.12,0.24,-32.0,0.142,-25.0,3,1,0,0,0,0,/79H1,,slateau01,2025,Right
386,Denzel Clarke,25,ATH,AL,1.0,47,159,148,18,34,8,2,3,8,6,0,6,61,0.23,0.274,0.372,0.646,78.0,0.285,69.0,55,1,3,2,0,0,8/H,,clarkde02,2025,Right
387,David Fry,29,CLE,AL,-0.8,66,157,146,16,25,4,0,8,23,1,0,9,58,0.171,0.229,0.363,0.592,61.0,0.256,54.0,53,3,2,0,0,0,DH,,fryda01,2025,Right
388,Kyle Karros,22,COL,NL,0.0,43,156,137,20,31,4,0,1,9,0,0,15,41,0.226,0.308,0.277,0.585,58.0,0.274,57.0,38,5,2,0,2,0,5/DH,,karroky01,2025,Right
389,Dalton Rushing*,24,LAD,NL,0.1,53,155,142,15,29,5,0,4,24,0,0,10,58,0.204,0.258,0.324,0.582,63.0,0.263,61.0,46,1,1,0,2,0,2/H3D,,rushida01,2025,Right
390,Jhonkensy Noel,23,CLE,AL,-1.3,69,153,148,19,24,2,0,6,13,0,0,4,52,0.162,0.183,0.297,0.48,31.0,0.211,22.0,44,4,0,0,1,0,9H/37D,,noeljh01,2025,Right
391,Alan Roden*,25,2TM,AL,-0.6,55,153,136,17,26,6,1,2,9,1,1,8,37,0.191,0.261,0.294,0.556,53.0,0.244,46.0,40,0,6,0,3,0,79/H8,,rodenal01,2025,Right
391,Alan Roden*,25,TOR,AL,-0.1,43,113,98,12,20,5,1,1,8,0,1,8,24,0.204,0.283,0.306,0.589,63.0,0.256,56.0,30,0,4,0,3,0,79/H8,,rodenal01,2025,Right
391,Alan Roden*,25,MIN,AL,-0.5,12,40,38,5,6,1,0,1,1,1,0,0,13,0.158,0.2,0.263,0.463,27.0,0.212,17.0,10,0,2,0,0,0,7/89,,rodenal01,2025,Right
392,Jahmai Jones,27,DET,AL,0.9,72,150,129,21,37,11,1,7,23,2,0,18,32,0.287,0.387,0.55,0.937,157.0,0.403,160.0,71,3,3,0,0,1,HD97/4,,jonesja08,2025,Right
393,Bryce Teodosio,26,LAA,AL,0.6,50,150,138,12,28,7,2,1,7,7,1,5,47,0.203,0.248,0.304,0.553,53.0,0.247,42.0,42,2,4,1,2,0,8,,teodobr01,2025,Right
394,Derek Hill,29,2TM,2LG,1.1,57,149,134,19,29,6,0,3,11,7,0,9,48,0.216,0.281,0.328,0.609,69.0,0.285,66.0,44,3,3,3,0,0,8/HD,,hillde01,2025,Right
394,Derek Hill,29,MIA,NL,0.8,53,141,127,19,27,6,0,3,10,7,0,9,46,0.213,0.275,0.331,0.606,68.0,0.285,64.0,42,3,2,3,0,0,8/HD,,hillde01,2025,Right
394,Derek Hill,29,CHW,AL,0.2,4,8,7,0,2,0,0,0,1,0,0,0,2,0.286,0.375,0.286,0.661,90.0,0.3,89.0,2,0,1,0,0,0,/8H,,hillde01,2025,Right
395,Will Wagner*,26,2TM,2LG,-0.6,55,149,129,15,29,7,0,0,7,1,0,17,28,0.225,0.324,0.279,0.603,70.0,0.297,82.0,36,3,2,1,0,0,5H3/D4,,wagnewi01,2025,Right
395,Will Wagner*,26,TOR,AL,-0.5,40,132,114,13,27,7,0,0,7,1,0,15,26,0.237,0.336,0.298,0.634,78.0,0.311,92.0,34,2,2,1,0,0,53/DH4,,wagnewi01,2025,Right
395,Will Wagner*,26,SDP,NL,-0.1,15,17,15,2,2,0,0,0,0,0,0,2,2,0.133,0.235,0.133,0.369,6.0,0.188,6.0,2,1,0,0,0,0,H/45,,wagnewi01,2025,Right
396,Brandon Lockridge,28,2TM,NL,0.2,67,148,134,17,31,7,1,0,11,10,1,8,36,0.231,0.276,0.299,0.574,60.0,0.266,51.0,40,2,1,3,2,0,78H9/D,,lockrbr01,2025,Right
396,Brandon Lockridge,28,SDP,NL,-0.2,47,95,88,9,19,4,0,0,5,8,1,4,24,0.216,0.258,0.261,0.519,45.0,0.247,35.0,23,2,1,2,0,0,78H/9,,lockrbr01,2025,Right
396,Brandon Lockridge,28,MIL,NL,0.4,20,53,46,8,12,3,1,0,6,2,0,4,12,0.261,0.308,0.37,0.677,89.0,0.3,80.0,17,0,0,1,2,0,/89H7D,,lockrbr01,2025,Right
397,James Outman*,28,2TM,2LG,-0.9,59,148,134,19,18,5,1,6,11,1,0,12,63,0.134,0.216,0.321,0.537,47.0,0.249,48.0,43,0,2,0,0,0,897/HD,,outmaja01,2025,Right
397,James Outman*,28,LAD,NL,-0.2,22,44,39,8,4,1,0,2,4,0,0,4,18,0.103,0.205,0.282,0.487,35.0,0.221,31.0,11,0,1,0,0,0,8/H9,,outmaja01,2025,Right
397,James Outman*,28,MIN,AL,-0.7,37,104,95,11,14,4,1,4,7,1,0,8,45,0.147,0.221,0.337,0.558,51.0,0.26,55.0,32,0,1,0,0,0,897/HD,,outmaja01,2025,Right
398,Yanquiel Fernández*,22,COL,NL,-0.9,52,147,138,13,31,5,0,4,11,0,0,8,44,0.225,0.265,0.348,0.613,62.0,0.269,54.0,48,4,0,0,1,0,D9/H7,,fernaya01,2025,Right
399,Warming Bernabel,23,COL,NL,0.0,40,146,139,15,35,8,1,4,14,1,1,7,25,0.252,0.288,0.41,0.698,84.0,0.311,85.0,57,2,0,0,0,0,3/5DH,,bernawa01,2025,Right
400,Joshua Palacios*,29,CHW,AL,-1.2,51,145,128,11,26,4,0,3,9,0,0,12,36,0.203,0.292,0.305,0.596,68.0,0.276,71.0,39,0,4,1,0,0,97/HD,,palacjo01,2025,Right
401,DJ LeMahieu,36,NYY,AL,0.6,45,142,128,13,34,3,0,2,12,0,0,14,35,0.266,0.338,0.336,0.674,91.0,0.307,95.0,43,4,0,0,0,0,4/H,,lemahdj01,2025,Right
402,Jake Rogers,30,DET,AL,0.1,46,142,123,14,23,5,2,3,19,0,0,15,39,0.187,0.277,0.333,0.61,69.0,0.28,73.0,41,3,1,1,2,0,2/1HD,,rogerja03,2025,Right
403,Lane Thomas,29,CLE,AL,-0.6,39,142,125,10,20,2,0,4,11,4,1,14,44,0.16,0.246,0.272,0.518,45.0,0.242,43.0,34,4,1,0,2,0,8/H9D,,thomala02,2025,Right
404,Reese McGuire*,30,CHC,NL,0.3,44,140,133,17,30,2,0,9,24,0,0,4,27,0.226,0.245,0.444,0.688,94.0,0.289,87.0,59,3,0,1,2,0,2/H1,,mcguire01,2025,Right
405,Kyren Paris,23,LAA,AL,0.7,44,140,126,20,24,4,1,6,11,7,1,10,59,0.19,0.266,0.381,0.647,77.0,0.302,83.0,48,1,3,0,0,0,84/H7D,,parisky01,2025,Right
406,C.J. Kayfus*,23,CLE,AL,0.1,44,138,123,16,27,10,1,4,19,4,0,11,38,0.22,0.292,0.415,0.707,94.0,0.311,90.0,51,0,2,1,1,0,93/HD,,kayfucj01,2025,Right
407,Dylan Beavers*,23,BAL,AL,1.1,35,137,110,16,25,5,1,4,14,2,2,26,36,0.227,0.375,0.4,0.775,120.0,0.346,128.0,44,0,0,1,0,0,79/H,,beavedy01,2025,Right
408,Christian Encarnacion-Strand,25,CIN,NL,-0.6,36,137,130,13,27,4,0,6,19,0,2,3,32,0.208,0.234,0.377,0.61,62.0,0.254,52.0,49,1,2,0,2,0,3/5,,encarch01,2025,Right
409,James McCann,35,ARI,NL,1.0,42,137,123,18,32,6,0,5,17,0,0,8,33,0.26,0.324,0.431,0.754,107.0,0.334,109.0,53,3,4,1,1,0,2/H3,,mccanja02,2025,Right
410,Marcelo Mayer*,22,BOS,AL,0.2,44,136,127,20,29,8,1,4,10,0,2,8,41,0.228,0.272,0.402,0.674,85.0,0.288,85.0,51,2,0,0,1,0,5/4H6,,mayerma01,2025,Right
411,Andruw Monasterio,28,MIL,NL,0.7,68,135,126,19,34,9,0,4,16,2,1,7,32,0.27,0.319,0.437,0.755,109.0,0.333,110.0,55,1,2,0,0,0,63H4/57,,monasan01,2025,Right
412,Taylor Trammell*,27,HOU,AL,-0.1,52,135,117,15,23,7,0,3,12,3,2,17,41,0.197,0.296,0.333,0.63,75.0,0.278,73.0,39,0,0,0,1,0,87H/9D,,trammta01,2025,Right
413,Matt Mervis*,27,MIA,NL,-0.7,42,134,120,15,21,4,0,7,14,0,0,11,50,0.175,0.254,0.383,0.637,74.0,0.288,76.0,46,1,2,0,1,1,3D/H,,mervima01,2025,Right
414,Colby Thomas,24,ATH,AL,0.1,49,132,120,20,27,5,0,6,19,2,1,7,49,0.225,0.267,0.417,0.684,86.0,0.304,90.0,50,3,1,1,3,0,9H8/7D,,thomaco03,2025,Right
415,Adrian Del Castillo*,25,ARI,NL,-0.1,44,131,120,9,29,6,0,4,17,0,0,8,47,0.242,0.29,0.392,0.682,87.0,0.297,82.0,47,2,1,0,2,0,DH/2,,delcaad01,2025,Right
416,Jacob Stallings,35,2TM,2LG,-1.3,42,129,119,5,16,4,0,0,9,0,0,6,40,0.134,0.195,0.168,0.363,0.0,0.178,-8.0,20,5,3,1,0,0,2/H1,,stallja01,2025,Right
416,Jacob Stallings,35,COL,NL,-0.9,28,93,84,4,12,3,0,0,6,0,0,5,31,0.143,0.217,0.179,0.396,8.0,0.188,-4.0,15,1,3,1,0,0,2/1H,,stallja01,2025,Right
416,Jacob Stallings,35,BAL,AL,-0.4,14,36,35,1,4,1,0,0,3,0,0,1,9,0.114,0.139,0.143,0.282,-20.0,0.152,-16.0,5,4,0,0,0,0,2/H,,stallja01,2025,Right
417,Adael Amador#,22,COL,NL,-1.1,41,128,113,5,20,7,0,1,10,1,1,11,27,0.177,0.256,0.265,0.521,40.0,0.244,36.0,30,2,1,3,0,0,4/H,,amadoad01,2025,Right
418,Brendan Rodgers,28,HOU,AL,0.0,43,128,115,12,22,4,0,2,11,0,1,11,46,0.191,0.266,0.278,0.544,52.0,0.263,63.0,32,2,1,0,1,0,4/HD,,rodgebr02,2025,Right
419,Ben Rortvedt*,27,2TM,2LG,-0.6,44,128,112,9,17,3,0,1,10,0,0,11,23,0.152,0.24,0.205,0.445,27.0,0.218,29.0,23,1,2,3,0,0,2,,rortvbe01,2025,Right
419,Ben Rortvedt*,27,TBR,AL,-0.5,26,70,63,2,6,1,0,0,6,0,0,7,14,0.095,0.186,0.111,0.297,-13.0,0.163,-11.0,7,0,0,0,0,0,2,,rortvbe01,2025,Right
419,Ben Rortvedt*,27,LAD,NL,-0.1,18,58,49,7,11,2,0,1,4,0,0,4,9,0.224,0.309,0.327,0.636,79.0,0.289,78.0,16,1,2,3,0,0,2,,rortvbe01,2025,Right
420,Justyn-Henry Malloy,25,DET,AL,-0.2,52,127,104,15,23,6,0,1,17,0,0,20,32,0.221,0.346,0.308,0.654,85.0,0.303,90.0,32,1,1,0,2,0,DH9/73,,malloju02,2025,Right
421,Emmanuel Rivera,29,BAL,AL,0.1,42,127,120,5,30,4,0,0,13,1,0,6,24,0.25,0.291,0.283,0.575,64.0,0.267,66.0,34,3,1,0,0,0,5/3HD1,,riverem01,2025,Right
422,Tyler Wade*,30,SDP,NL,-0.6,59,127,107,13,22,1,2,0,9,1,2,15,31,0.206,0.309,0.252,0.561,59.0,0.262,61.0,27,0,1,4,0,0,8H7/459D61,,wadety01,2025,Right
423,Mark Canha,36,KCR,AL,-1.0,46,125,113,9,24,3,0,1,6,0,1,7,24,0.212,0.272,0.265,0.537,52.0,0.237,46.0,30,1,3,0,2,0,7H9/D3,,canhama01,2025,Right
424,Weston Wilson,30,PHI,NL,-0.5,52,125,111,15,22,4,0,5,17,2,3,12,34,0.198,0.282,0.369,0.652,77.0,0.289,80.0,41,1,1,1,0,0,74/3H1D5,,wilsowe01,2025,Right
425,Chris Taylor,34,2TM,2LG,-0.7,58,125,113,15,21,7,0,2,12,2,2,5,42,0.186,0.256,0.301,0.557,55.0,0.243,49.0,34,1,6,0,1,0,78H49/5,,tayloch03,2025,Right
425,Chris Taylor,34,LAD,NL,-0.6,28,35,35,4,7,2,0,0,2,0,1,0,13,0.2,0.2,0.257,0.457,28.0,0.18,13.0,9,1,0,0,0,0,7/8H49,,tayloch03,2025,Right
425,Chris Taylor,34,LAA,AL,-0.1,30,90,78,11,14,5,0,2,10,2,1,5,29,0.179,0.278,0.321,0.598,66.0,0.267,64.0,25,0,6,0,1,0,9/4H875,,tayloch03,2025,Right
426,Jonah Bride,29,2TM,2LG,-0.7,45,125,112,7,19,2,0,0,5,0,0,11,39,0.17,0.248,0.188,0.436,24.0,0.223,29.0,21,1,1,0,1,1,5H/3D14,,bridejo01,2025,Right
426,Jonah Bride,29,MIA,NL,-0.4,12,45,40,3,4,0,0,0,2,0,0,5,15,0.1,0.2,0.1,0.3,-13.0,0.161,-16.0,4,0,0,0,0,1,/D35H,,bridejo01,2025,Right
426,Jonah Bride,29,MIN,AL,-0.3,33,80,72,4,15,2,0,0,3,0,0,6,24,0.208,0.275,0.236,0.511,44.0,0.257,54.0,17,1,1,0,1,0,5H/314D,,bridejo01,2025,Right
427,Oswaldo Cabrera#,26,NYY,AL,0.4,34,122,107,17,26,4,0,1,11,0,1,11,25,0.243,0.322,0.308,0.631,79.0,0.302,93.0,33,1,2,1,1,0,5/H379,,cabreos01,2025,Right
428,Cody Freeman,24,TEX,AL,-0.2,36,121,114,13,26,4,0,3,15,1,1,5,19,0.228,0.258,0.342,0.6,75.0,0.264,77.0,39,3,0,1,1,0,4/59HD7,,freemco01,2025,Right
429,Troy Johnston*,28,MIA,NL,0.3,44,121,112,12,31,2,1,4,13,2,2,8,26,0.277,0.331,0.42,0.75,107.0,0.333,111.0,47,1,1,0,0,0,397/HD,,johnstr02,2025,Right
430,Ildemaro Vargas#,33,ARI,NL,0.2,38,121,115,12,31,2,1,3,19,0,0,2,15,0.27,0.292,0.383,0.674,86.0,0.291,78.0,44,3,2,1,1,0,43/H5D6,,vargail01,2025,Right
431,Braxton Fulford,26,COL,NL,-0.2,38,120,108,11,23,5,2,1,16,1,0,7,36,0.213,0.267,0.324,0.591,57.0,0.262,47.0,35,1,2,0,3,0,2/DH,,fulfobr01,2025,Right
432,Samuel Basallo*,20,BAL,AL,-0.2,31,118,109,10,18,6,0,4,15,0,0,6,30,0.165,0.229,0.33,0.559,56.0,0.245,51.0,36,4,3,0,0,0,2/D3H,,basalsa01,2025,Right
433,Rafael Marchán#,26,PHI,NL,0.3,42,118,105,9,22,4,0,2,13,0,0,10,17,0.21,0.282,0.305,0.587,61.0,0.266,57.0,32,1,1,1,1,0,2/H,,marchra01,2025,Right
434,Tyler Locklear,24,ARI,NL,-1.1,31,116,103,11,18,0,0,3,6,3,1,10,43,0.175,0.267,0.262,0.529,48.0,0.248,47.0,27,3,3,0,0,0,3/H,,locklty01,2025,Right
435,Chas McCormick,30,HOU,AL,-1.0,64,116,100,13,21,5,0,1,5,2,3,9,31,0.21,0.279,0.29,0.569,59.0,0.243,50.0,29,1,1,5,1,0,879H/D1,,mccorch01,2025,Right
436,Kevin Newman,31,LAA,AL,-0.9,56,116,114,13,23,2,0,2,11,1,0,1,23,0.202,0.209,0.272,0.481,33.0,0.233,37.0,31,5,0,1,0,0,56/4H13,,newmake01,2025,Right
437,Víctor Robles,28,SEA,AL,-0.2,32,114,106,12,26,4,1,1,9,6,2,3,26,0.245,0.281,0.33,0.611,77.0,0.282,82.0,35,3,3,0,2,0,9/H8,,roblevi01,2025,Right
438,Triston Casas*,25,BOS,AL,-0.9,29,112,99,5,18,3,0,3,11,0,0,11,27,0.182,0.277,0.303,0.58,62.0,0.263,61.0,30,3,2,0,0,2,3/H,,casastr01,2025,Right
439,Jonatan Clase#,23,TOR,AL,-0.2,34,112,100,10,21,3,0,2,9,3,1,10,28,0.21,0.288,0.3,0.588,63.0,0.264,57.0,30,1,1,1,0,0,7/8H9D,,clasejo01,2025,Right
440,Willie MacIver,28,ATH,AL,-0.1,32,111,102,7,19,5,0,3,9,3,0,7,27,0.186,0.252,0.324,0.576,59.0,0.259,53.0,33,1,2,0,0,0,2/1,,macivwi01,2025,Right
441,Nick Martini*,35,COL,NL,-0.2,43,111,102,9,23,4,0,1,4,0,0,9,18,0.225,0.288,0.294,0.582,56.0,0.267,52.0,30,1,0,0,0,1,D9H/7,,martini02,2025,Right
442,Leo Rivas#,27,SEA,AL,0.8,48,111,90,19,22,2,0,2,9,6,0,20,24,0.244,0.387,0.333,0.721,113.0,0.343,120.0,30,1,1,0,0,0,4H/6D5179,,rivasle01,2025,Right
443,Mickey Gasper#,29,MIN,AL,-0.3,45,110,95,15,15,1,0,2,11,2,0,10,20,0.158,0.257,0.232,0.488,37.0,0.248,44.0,22,1,3,1,1,0,2HD/347,,gaspemi01,2025,Right
444,Michael Helman,29,TEX,AL,1.0,38,110,99,18,23,5,1,5,20,4,0,7,21,0.232,0.29,0.455,0.744,115.0,0.33,118.0,45,0,1,3,0,0,8/H6,,helmami01,2025,Right
445,Austin Wynns,34,2TM,2LG,1.1,40,110,103,13,30,8,0,6,21,0,0,5,32,0.291,0.321,0.544,0.865,132.0,0.371,135.0,56,3,0,1,1,0,2/H3D,,wynnsau01,2025,Right
445,Austin Wynns,34,CIN,NL,0.7,18,43,40,6,16,3,0,3,11,0,0,3,12,0.4,0.442,0.7,1.142,203.0,0.482,208.0,28,1,0,0,0,0,2/H3D,,wynnsau01,2025,Right
445,Austin Wynns,34,ATH,AL,0.4,22,67,63,7,14,5,0,3,10,0,0,2,20,0.222,0.242,0.444,0.687,85.0,0.299,86.0,28,2,0,1,1,0,2/H,,wynnsau01,2025,Right
446,Zach Dezenzo,25,HOU,AL,0.1,34,109,98,17,24,6,0,2,10,1,0,11,37,0.245,0.321,0.367,0.688,92.0,0.313,95.0,36,2,0,0,0,0,79/D3H,,dezenza01,2025,Right
447,Drew Gilbert*,24,SFG,NL,-0.2,39,109,100,12,19,5,1,3,13,1,1,7,20,0.19,0.248,0.35,0.598,70.0,0.267,71.0,35,2,1,0,1,0,9/8H7,,gilbedr01,2025,Right
448,Hunter Renfroe,33,KCR,AL,-1.5,35,108,99,5,18,6,0,0,4,0,0,8,21,0.182,0.241,0.242,0.483,37.0,0.216,28.0,24,4,0,0,1,0,9/HD,,renfrhu01,2025,Right
449,Jon Berti,35,CHC,NL,0.2,51,107,100,12,21,2,0,0,2,11,3,5,22,0.21,0.262,0.23,0.492,45.0,0.244,48.0,23,1,2,0,0,0,5H4/19D,,bertijo01,2025,Right
450,Carson Williams,22,TBR,AL,-0.3,32,106,99,11,17,3,0,5,12,2,1,6,44,0.172,0.219,0.354,0.573,57.0,0.252,54.0,35,3,0,1,0,0,6/H,,willica02,2025,Right
451,Cooper Hummel#,30,2TM,AL,-0.8,37,105,88,10,15,0,0,3,7,1,0,14,31,0.17,0.298,0.273,0.571,61.0,0.269,63.0,24,1,2,1,0,0,7H/D19,,hummeco01,2025,Right
451,Cooper Hummel#,30,BAL,AL,0.0,1,1,1,0,0,0,0,0,0,0,0,0,1,0.0,0.0,0.0,0.0,-100.0,0.0,-136.0,0,0,0,0,0,0,/9,,hummeco01,2025,Right
451,Cooper Hummel#,30,HOU,AL,-0.7,36,104,87,10,15,0,0,3,7,1,0,14,30,0.172,0.301,0.276,0.577,63.0,0.272,65.0,24,1,2,1,0,0,7H/D1,,hummeco01,2025,Right
452,Hunter Feduccia*,28,2TM,2LG,-0.4,38,105,88,5,13,5,0,0,8,1,0,15,29,0.148,0.267,0.205,0.471,36.0,0.227,35.0,18,0,0,0,2,0,2/H3D,,feduchu01,2025,Right
452,Hunter Feduccia*,28,LAD,NL,0.0,2,3,2,0,0,0,0,0,0,0,0,1,1,0.0,0.333,0.0,0.333,5.0,0.232,40.0,0,0,0,0,0,0,/H3,,feduchu01,2025,Right
452,Hunter Feduccia*,28,TBR,AL,-0.4,36,102,86,5,13,5,0,0,8,1,0,14,28,0.151,0.265,0.209,0.474,36.0,0.227,34.0,18,0,0,0,2,0,2/HD,,feduchu01,2025,Right
453,Vinny Capra,28,2TM,2LG,-0.5,47,105,96,10,12,2,0,1,6,2,0,3,25,0.125,0.157,0.177,0.334,-6.0,0.173,-10.0,17,5,1,3,2,0,56H/41D,,capravi01,2025,Right
453,Vinny Capra,28,MIL,NL,-0.6,24,59,54,6,4,0,0,1,4,1,0,2,15,0.074,0.121,0.13,0.25,-30.0,0.154,-22.0,7,4,1,1,1,0,5/H46D,,capravi01,2025,Right
453,Vinny Capra,28,CHW,AL,0.2,23,46,42,4,8,2,0,0,2,1,0,1,10,0.19,0.205,0.238,0.443,24.0,0.199,7.0,10,1,0,2,1,0,6/541HD,,capravi01,2025,Right
454,Joey Loperfido*,26,TOR,AL,0.6,41,104,96,12,32,4,0,4,14,1,2,4,27,0.333,0.379,0.5,0.879,140.0,0.381,150.0,48,2,3,1,0,0,7H/9,,loperjo01,2025,Right
455,Nick Sogard#,27,BOS,AL,0.1,30,104,96,13,25,8,0,0,9,2,1,5,24,0.26,0.317,0.344,0.661,85.0,0.3,88.0,33,3,3,0,0,0,3/54H96,,sogarni01,2025,Right
456,Miguel Amaya,26,CHC,NL,1.1,28,103,96,14,27,9,0,4,25,0,0,4,22,0.281,0.314,0.5,0.814,131.0,0.363,140.0,48,0,1,1,1,0,2/DH,,amayami01,2025,Right
457,Enmanuel Valdéz*,26,PIT,NL,0.1,31,102,91,7,19,4,2,2,12,0,0,11,16,0.209,0.294,0.363,0.657,82.0,0.292,80.0,33,2,0,0,0,0,3/4H9,,valdeen01,2025,Right
458,Zack Gelof,25,ATH,AL,-0.1,30,101,92,12,16,3,0,2,7,1,2,7,46,0.174,0.23,0.272,0.502,39.0,0.24,48.0,25,0,0,1,1,0,4,,gelofza01,2025,Right
459,Gary Sánchez,32,BAL,AL,-0.4,29,101,91,13,21,2,0,5,24,0,0,4,27,0.231,0.297,0.418,0.715,100.0,0.308,97.0,38,2,5,0,1,0,2/D1H,,sanchga02,2025,Right
460,Alex Jackson,29,BAL,AL,0.7,36,100,91,17,20,8,0,5,8,0,0,5,37,0.22,0.29,0.473,0.763,111.0,0.323,108.0,43,2,4,0,0,0,2/H1D,,jacksal02,2025,Right
461,Matt Vierling,28,DET,AL,-0.3,31,100,88,6,21,3,0,1,11,2,0,7,24,0.239,0.31,0.307,0.617,73.0,0.281,70.0,27,1,3,0,2,0,8/7H59D,,vierlma01,2025,Right
462,Carlos Cortes*,28,ATH,AL,0.7,42,99,94,11,29,8,1,4,14,0,0,3,20,0.309,0.323,0.543,0.866,135.0,0.36,131.0,51,3,0,0,2,0,9H/75D,,corteca01,2025,Right
463,J.C. Escarra*,30,NYY,AL,0.1,40,98,84,5,17,5,0,2,11,1,0,11,14,0.202,0.296,0.333,0.629,77.0,0.291,81.0,28,1,1,0,2,0,2/3H5D,,escarjc01,2025,Right
464,Alex Freeland#,23,LAD,NL,0.2,29,97,84,10,16,2,1,2,6,1,0,11,35,0.19,0.292,0.31,0.601,70.0,0.276,68.0,26,3,1,1,0,0,54/H,,freelal01,2025,Right
465,Jason Heyward*,35,SDP,NL,-0.6,34,95,85,9,15,2,0,2,12,0,1,6,20,0.176,0.223,0.271,0.494,37.0,0.22,31.0,23,1,0,0,3,0,7/H98,,heywaja01,2025,Right
466,Vidal Bruján#,27,3TM,2LG,0.1,60,95,87,14,22,5,0,0,8,2,1,6,21,0.253,0.305,0.31,0.616,77.0,0.274,74.0,27,1,1,0,1,0,H56/9748D1,,brujavi01,2025,Right
466,Vidal Bruján#,27,2TM,NL,0.1,59,94,86,14,21,5,0,0,8,2,1,6,21,0.244,0.298,0.302,0.6,73.0,0.268,69.0,26,1,1,0,1,0,H56/974D18,,brujavi01,2025,Right
466,Vidal Bruján#,27,CHC,NL,-0.4,36,47,45,6,10,3,0,0,3,2,1,1,12,0.222,0.234,0.289,0.523,51.0,0.224,42.0,13,1,0,0,1,0,H5/749D68,,brujavi01,2025,Right
466,Vidal Bruján#,27,BAL,AL,0.1,1,1,1,0,1,0,0,0,0,0,0,0,0,1.0,1.0,1.0,2.0,471.0,0.889,536.0,1,0,0,0,0,0,/8,,brujavi01,2025,Right
466,Vidal Bruján#,27,ATL,NL,0.5,23,47,41,8,11,2,0,0,5,0,0,5,9,0.268,0.362,0.317,0.679,95.0,0.311,97.0,13,0,1,0,0,0,6/H591,,brujavi01,2025,Right
467,Nasim Nuñez#,24,WSN,NL,0.7,39,92,82,13,19,2,0,4,13,9,1,8,20,0.232,0.297,0.402,0.699,97.0,0.323,94.0,33,1,0,1,1,0,64H/8D,,nunezna01,2025,Right
468,Jeimer Candelario#,31,CIN,NL,-0.9,22,91,80,3,9,2,0,2,10,0,1,9,29,0.113,0.198,0.213,0.41,12.0,0.185,2.0,17,1,0,0,2,0,5/3D,,candeje01,2025,Right
469,Will Wilson,26,CLE,AL,-0.5,34,91,78,7,15,4,0,0,2,2,0,7,34,0.192,0.267,0.244,0.511,44.0,0.238,34.0,19,1,1,5,0,0,45/H1D,,wilsowi03,2025,Right
470,Garrett Hampson,30,3TM,NL,-0.4,62,91,77,19,11,2,0,0,1,3,1,11,29,0.143,0.25,0.169,0.419,20.0,0.205,14.0,13,2,0,3,0,0,7H48/695D1,,hampsga01,2025,Right
470,Garrett Hampson,30,ARI,NL,0.1,18,41,30,10,5,0,0,0,0,2,1,9,10,0.167,0.359,0.167,0.526,53.0,0.268,61.0,5,0,0,2,0,0,4/H6857,,hampsga01,2025,Right
470,Garrett Hampson,30,CIN,NL,-0.2,9,19,18,0,3,1,0,0,0,0,0,1,6,0.167,0.211,0.222,0.433,18.0,0.187,-1.0,4,1,0,0,0,0,/748H56D,,hampsga01,2025,Right
470,Garrett Hampson,30,STL,NL,-0.3,35,31,29,9,3,1,0,0,1,1,0,1,13,0.103,0.133,0.138,0.271,-23.0,0.133,-38.0,4,1,0,1,0,0,7H/986D145,,hampsga01,2025,Right
471,Tim Anderson,32,LAA,AL,0.0,31,90,83,8,17,3,0,0,3,1,1,3,29,0.205,0.258,0.241,0.499,41.0,0.223,33.0,20,1,3,1,0,0,46/H,,anderti01,2025,Right
472,Nate Eaton,28,BOS,AL,0.1,41,90,81,16,24,4,0,1,4,9,2,6,19,0.296,0.348,0.383,0.731,105.0,0.334,104.0,31,1,1,1,1,0,95/H871D,,eatonna01,2025,Right
473,DaShawn Keirsey Jr.*,28,MIN,AL,-1.2,74,88,84,11,9,0,0,2,6,10,3,2,33,0.107,0.138,0.179,0.317,-13.0,0.162,-24.0,15,1,1,1,0,0,9H78/D,,keirsda01,2025,Right
474,Andrew Knizner,30,SFG,NL,0.3,33,88,77,12,17,1,1,1,5,0,0,7,10,0.221,0.299,0.299,0.598,73.0,0.312,101.0,23,0,2,1,1,0,2/DH,,kniznan01,2025,Right
475,Liover Peguero,24,PIT,NL,0.2,33,88,80,9,16,1,0,4,8,4,0,6,25,0.2,0.273,0.363,0.635,75.0,0.302,79.0,29,3,2,0,0,0,6/3H4,,pegueli01,2025,Right
476,Ronny Simón#,25,2TM,NL,-1.2,27,88,77,10,18,3,0,0,7,1,0,8,15,0.234,0.299,0.273,0.572,61.0,0.271,62.0,21,1,0,1,2,0,/47D9H6,,simonro01,2025,Right
476,Ronny Simón#,25,MIA,NL,-0.7,19,56,47,6,11,2,0,0,5,0,0,7,7,0.234,0.327,0.277,0.604,71.0,0.295,80.0,13,1,0,1,1,0,/47D6H,,simonro01,2025,Right
476,Ronny Simón#,25,PIT,NL,-0.5,8,32,30,4,7,1,0,0,2,1,0,1,8,0.233,0.25,0.267,0.517,45.0,0.231,32.0,8,0,0,0,1,0,/97DH,,simonro01,2025,Right
477,Griffin Conine*,27,MIA,NL,0.1,24,86,79,13,20,7,0,2,8,0,1,7,25,0.253,0.314,0.418,0.732,101.0,0.325,107.0,33,0,0,0,0,0,7/9DH,,coningr01,2025,Right
478,Tristan Gray*,29,TBR,AL,0.3,30,86,78,9,18,5,0,3,9,0,0,6,19,0.231,0.282,0.41,0.693,91.0,0.296,86.0,32,0,0,1,1,0,4/635H,,graytr01,2025,Right
479,Brett Harris,27,ATH,AL,0.7,32,84,73,11,20,5,0,0,5,1,0,7,21,0.274,0.349,0.342,0.692,94.0,0.318,99.0,25,1,2,1,1,0,5/3H,,harribr02,2025,Right
480,Bryce Johnson#,29,SDP,NL,0.6,55,84,76,9,26,4,0,1,8,4,1,3,19,0.342,0.383,0.434,0.817,127.0,0.375,135.0,33,1,2,3,0,0,78H9,,johnsbr03,2025,Right
481,Cavan Biggio*,30,KCR,AL,-0.2,37,83,69,9,12,2,0,1,4,1,0,11,21,0.174,0.296,0.246,0.543,55.0,0.259,56.0,17,0,1,2,0,0,HD/93745,,biggica01,2025,Right
482,Jorge Mateo,30,BAL,AL,-0.6,42,83,79,9,14,4,0,1,3,15,2,4,30,0.177,0.217,0.266,0.483,36.0,0.243,28.0,21,1,0,0,0,0,H68/4D517,,mateojo01,2025,Right
483,Bob Seymour*,26,TBR,AL,-0.1,26,83,78,9,16,1,1,1,5,1,0,4,32,0.205,0.253,0.282,0.535,50.0,0.25,51.0,22,0,1,0,0,0,3/DH,,seymobo01,2025,Right
484,Jesse Winker*,31,NYM,NL,0.0,26,81,70,8,16,5,2,1,10,1,0,9,21,0.229,0.309,0.4,0.709,100.0,0.305,92.0,28,1,0,0,2,1,D/H7,,winkeje01,2025,Right
485,Connor Joe,32,2TM,NL,-0.7,42,80,70,2,13,4,0,0,4,2,2,7,20,0.186,0.263,0.243,0.505,39.0,0.226,32.0,17,2,1,0,2,0,9H7/3D8,,joeco01,2025,Right
485,Connor Joe,32,SDP,NL,-0.2,7,10,9,0,0,0,0,0,0,0,0,1,6,0.0,0.1,0.0,0.1,-69.0,0.07,-78.0,0,0,0,0,0,0,/H378D,,joeco01,2025,Right
485,Connor Joe,32,CIN,NL,-0.5,35,70,61,2,13,4,0,0,4,2,2,6,14,0.213,0.286,0.279,0.564,54.0,0.249,48.0,17,2,1,0,2,0,97H/3D8,,joeco01,2025,Right
486,Jacob Melton*,24,HOU,AL,-0.3,32,78,70,7,11,0,1,0,7,7,2,6,29,0.157,0.234,0.186,0.419,19.0,0.205,11.0,13,2,1,0,0,0,8/7H9,,meltoja01,2025,Right
487,Garrett Mitchell*,26,MIL,NL,0.0,25,78,68,9,14,4,1,0,3,3,0,7,25,0.206,0.286,0.294,0.58,63.0,0.269,58.0,20,0,1,1,1,0,8/H,,mitchga01,2025,Right
488,Hayden Senger,28,NYM,NL,-0.2,33,78,72,8,13,1,0,0,4,0,0,3,22,0.181,0.221,0.194,0.415,20.0,0.19,11.0,14,3,1,1,1,0,2/H,,sengeha01,2025,Right
489,Jhonny Pereda,29,2TM,AL,0.3,28,78,69,4,17,6,0,0,4,0,0,8,21,0.246,0.325,0.333,0.658,84.0,0.301,88.0,23,1,0,1,0,0,2/1H,,peredjh01,2025,Right
489,Jhonny Pereda,29,ATH,AL,-0.1,17,46,40,3,7,2,0,0,3,0,0,6,13,0.175,0.283,0.225,0.508,45.0,0.257,56.0,9,0,0,0,0,0,2/1H,,peredjh01,2025,Right
489,Jhonny Pereda,29,MIN,AL,0.4,11,32,29,1,10,4,0,0,1,0,0,2,8,0.345,0.387,0.483,0.87,139.0,0.367,135.0,14,1,0,1,0,0,2,,peredjh01,2025,Right
490,Jorge Barrosa#,24,ARI,NL,-0.6,33,77,71,8,10,3,0,1,7,0,0,2,22,0.141,0.169,0.225,0.394,8.0,0.17,-7.0,16,1,1,0,3,0,87/H9D,,barrojo01,2025,Right
491,Eric Haase,32,MIL,NL,0.2,30,77,70,11,16,3,0,2,9,0,0,4,31,0.229,0.289,0.357,0.647,80.0,0.285,76.0,25,1,2,1,0,0,2/DH,,haaseer01,2025,Right
492,Johnathan Rodríguez,25,CLE,AL,-0.5,31,77,71,6,14,4,1,2,10,1,0,6,22,0.197,0.26,0.366,0.626,72.0,0.286,75.0,26,2,0,0,0,0,9/H7D,,rodrijo10,2025,Right
493,Seth Brown*,32,ATH,AL,-0.7,38,76,65,6,12,2,0,1,3,1,0,9,23,0.185,0.303,0.262,0.564,60.0,0.265,60.0,17,2,2,0,0,0,H7/89D,,brownse01,2025,Right
494,Blake Dunn,26,CIN,NL,-0.1,30,75,60,10,9,2,0,1,7,1,1,8,25,0.15,0.32,0.233,0.553,54.0,0.27,60.0,14,1,7,0,0,0,97/8HD,,dunnbl01,2025,Right
495,Will Robertson*,27,2TM,AL,-1.1,27,75,70,2,9,1,0,0,9,0,0,2,27,0.129,0.173,0.143,0.316,-10.0,0.149,-22.0,10,1,2,0,1,0,7/9H8D,,roberwi02,2025,Right
495,Will Robertson*,27,TOR,AL,-0.2,3,12,10,0,1,0,0,0,1,0,0,1,7,0.1,0.25,0.1,0.35,3.0,0.191,6.0,1,1,1,0,0,0,/789,,roberwi02,2025,Right
495,Will Robertson*,27,CHW,AL,-0.8,24,63,60,2,8,1,0,0,8,0,0,1,20,0.133,0.159,0.15,0.309,-12.0,0.141,-27.0,9,0,1,0,1,0,7/9HD,,roberwi02,2025,Right
496,Jordan Lawlar,22,ARI,NL,-0.4,28,74,66,9,12,7,0,0,5,2,0,6,26,0.182,0.257,0.288,0.545,51.0,0.251,45.0,19,0,1,0,1,0,5H/D46,,lawlajo01,2025,Right
497,Blaine Crim,28,2TM,2LG,0.0,20,74,65,10,13,2,0,5,12,0,0,6,28,0.2,0.27,0.462,0.732,94.0,0.308,86.0,30,0,1,0,2,0,3/DH,,crimbl01,2025,Right
497,Blaine Crim,28,TEX,AL,-0.2,5,13,11,1,0,0,0,0,0,0,0,1,6,0.0,0.154,0.0,0.154,-48.0,0.108,-38.0,0,0,1,0,0,0,/3DH,,crimbl01,2025,Right
497,Blaine Crim,28,COL,NL,0.3,15,61,54,9,13,2,0,5,12,0,0,5,22,0.241,0.295,0.556,0.851,120.0,0.351,112.0,30,0,0,0,2,0,3/D,,crimbl01,2025,Right
498,Jacob Amaya,26,CHW,AL,-1.0,36,73,66,7,7,1,0,0,8,2,0,3,16,0.106,0.139,0.121,0.26,-26.0,0.125,-45.0,8,1,0,1,3,0,6/H14,,amayaja01,2025,Right
499,Sean Bouchard,29,COL,NL,-0.9,32,73,66,7,11,0,1,1,7,1,1,7,27,0.167,0.247,0.242,0.489,32.0,0.235,32.0,16,2,0,0,0,0,9H/D73,,bouchse01,2025,Right
500,Andrés Chaparro,26,WSN,NL,-0.4,34,73,66,4,12,2,0,1,5,0,0,5,22,0.182,0.247,0.258,0.504,44.0,0.231,42.0,17,0,1,0,1,0,3/HD,,chapaan01,2025,Right
501,Everson Pereira,24,TBR,AL,-0.3,23,73,65,7,9,1,0,2,8,2,0,7,28,0.138,0.219,0.246,0.465,31.0,0.227,32.0,16,2,0,0,1,0,8/H9,,pereiev01,2025,Right
502,Anthony Seigler*,26,MIL,NL,-0.1,34,73,62,6,12,1,0,0,5,2,0,8,16,0.194,0.292,0.21,0.501,44.0,0.248,44.0,13,2,1,1,1,0,5H/123D,,seiglan01,2025,Right
503,Tim Elko,26,CHW,AL,-0.5,23,72,67,6,9,1,0,4,8,1,0,5,30,0.134,0.194,0.328,0.523,43.0,0.241,44.0,22,1,0,0,0,0,3/DH,,elkoti01,2025,Right
504,Nick Yorke,23,PIT,NL,0.4,22,72,69,7,16,3,0,1,8,1,0,3,15,0.232,0.264,0.319,0.583,62.0,0.273,64.0,22,1,0,0,0,0,4/395H,,yorkeni01,2025,Right
505,José Fermín,26,STL,NL,0.8,30,70,60,5,17,5,0,1,9,2,2,8,10,0.283,0.377,0.417,0.793,125.0,0.358,137.0,25,0,1,1,0,0,4/H579D,,fermijo01,2025,Right
506,Matthew Lugo,24,LAA,AL,-0.5,31,70,69,9,16,2,1,4,9,0,0,0,24,0.232,0.243,0.464,0.707,90.0,0.295,83.0,32,3,1,0,0,0,8H/97,,lugoma01,2025,Right
507,Carter Jensen*,21,KCR,AL,0.8,20,69,60,12,18,6,0,3,13,0,0,9,12,0.3,0.391,0.55,0.941,161.0,0.399,162.0,33,1,0,0,0,0,2D/H,,jenseca01,2025,Right
508,Moisés Ballesteros*,21,CHC,NL,0.5,20,66,57,12,17,2,1,2,11,0,0,9,12,0.298,0.394,0.474,0.868,151.0,0.39,159.0,27,2,0,0,0,1,D/H32,,ballemo01,2025,Right
509,Gustavo Campero#,27,LAA,AL,-0.3,28,66,58,9,10,1,0,3,8,4,1,5,14,0.172,0.273,0.345,0.618,71.0,0.282,69.0,20,2,3,0,0,0,9/H78D,,campegu01,2025,Right
510,Jorbit Vivas*,24,NYY,AL,-0.3,29,66,56,6,9,2,0,1,5,0,0,5,13,0.161,0.266,0.25,0.516,46.0,0.241,44.0,14,0,3,0,0,0,45/H,,vivasjo01,2025,Right
511,Nathan Church*,24,STL,NL,0.3,27,65,56,9,10,1,0,1,8,1,0,3,18,0.179,0.254,0.25,0.504,44.0,0.249,50.0,14,0,3,2,1,0,8/97H,,churcna01,2025,Right
512,Jarred Kelenic*,25,ATL,NL,-0.6,24,65,60,7,10,2,0,2,2,0,1,5,23,0.167,0.231,0.3,0.531,49.0,0.23,44.0,18,1,0,0,0,0,9/H7D,,kelenja01,2025,Right
513,MJ Melendez*,26,KCR,AL,-0.6,23,65,60,5,5,2,0,1,1,0,0,3,23,0.083,0.154,0.167,0.321,-10.0,0.15,-20.0,10,0,2,0,0,0,7/9HD,,melenmj01,2025,Right
514,Nick Maton*,28,CHW,AL,-0.1,25,63,54,5,9,2,0,2,4,0,1,9,19,0.167,0.286,0.315,0.601,69.0,0.264,69.0,17,0,0,0,0,0,D/H3479,,matonni01,2025,Right
515,Brett Wisely*,26,2TM,NL,0.3,26,63,54,5,10,4,0,1,10,1,1,7,14,0.185,0.279,0.315,0.594,70.0,0.265,70.0,17,0,0,2,0,0,4/H56D,,wiselbr01,2025,Right
515,Brett Wisely*,26,SFG,NL,0.3,22,54,48,5,10,4,0,1,10,1,1,4,10,0.208,0.269,0.354,0.623,78.0,0.27,75.0,17,0,0,2,0,0,4/H56D,,wiselbr01,2025,Right
515,Brett Wisely*,26,ATL,NL,0.0,4,9,6,0,0,0,0,0,0,0,0,3,4,0.0,0.333,0.0,0.333,6.0,0.232,41.0,0,0,0,0,0,0,/4H,,wiselbr01,2025,Right
516,Maximo Acosta,22,MIA,NL,0.0,19,61,54,7,11,1,0,3,5,1,2,6,17,0.204,0.295,0.389,0.684,88.0,0.305,97.0,21,0,1,0,0,0,5/46,,acostma02,2025,Right
517,Oscar González,27,SDP,NL,-0.5,21,61,59,2,13,1,0,0,4,0,1,2,13,0.22,0.246,0.237,0.483,35.0,0.209,26.0,14,1,0,0,0,0,7/9HD,,gonzaos01,2025,Right
518,Sam Hilliard*,31,COL,NL,-0.2,20,61,51,8,10,3,1,2,3,2,1,10,23,0.196,0.328,0.412,0.74,96.0,0.325,94.0,21,1,0,0,0,0,/7H89D,,hillisa01,2025,Right
519,Joey Wiemer,26,MIA,NL,0.4,27,61,55,7,13,2,0,3,12,0,0,2,23,0.236,0.279,0.436,0.715,95.0,0.297,82.0,24,0,2,0,2,1,9/H7,,wiemejo01,2025,Right
520,Jonny DeLuca,26,TBR,AL,0.6,20,59,57,5,19,1,3,0,4,6,0,2,13,0.333,0.356,0.456,0.812,126.0,0.365,119.0,26,0,0,0,0,0,8/HD,,delucjo01,2025,Right
521,Ryan Noda*,29,2TM,AL,-0.2,23,59,47,3,5,0,0,1,2,1,0,11,25,0.106,0.276,0.17,0.446,30.0,0.214,20.0,8,0,0,1,0,2,3/9DH,,nodary01,2025,Right
521,Ryan Noda*,29,CHW,AL,-0.3,16,45,34,3,3,0,0,1,1,0,0,10,19,0.088,0.295,0.176,0.472,38.0,0.232,37.0,6,0,0,1,0,1,3/D9H,,nodary01,2025,Right
521,Ryan Noda*,29,BAL,AL,0.0,7,14,13,0,2,0,0,0,1,1,0,1,6,0.154,0.214,0.154,0.368,7.0,0.156,-37.0,2,0,0,0,0,1,/9HD,,nodary01,2025,Right
522,Sam Huff,27,SFG,NL,-0.2,20,58,53,5,11,1,0,2,4,0,0,4,25,0.208,0.259,0.34,0.598,70.0,0.264,67.0,18,2,0,0,1,0,2,,huffsa01,2025,Right
523,Sal Stewart,21,CIN,NL,0.5,18,58,55,11,14,1,0,5,8,0,0,3,15,0.255,0.293,0.545,0.839,121.0,0.351,115.0,30,1,0,0,0,0,3/5H,,stewasa02,2025,Right
524,Endy Rodríguez#,25,PIT,NL,-0.5,18,57,52,5,9,4,0,0,2,0,1,5,14,0.173,0.246,0.25,0.496,39.0,0.219,35.0,13,0,0,0,0,0,3/2H,,rodrien01,2025,Right
525,Tyler Tolbert,27,KCR,AL,0.2,64,57,50,19,14,2,0,1,6,21,2,1,11,0.28,0.321,0.38,0.701,96.0,0.392,105.0,19,1,3,1,2,0,H87/4695D,,tolbety01,2025,Right
526,Daniel Johnson*,29,2TM,2LG,0.3,31,57,53,13,10,3,0,1,1,2,1,4,13,0.189,0.246,0.302,0.548,55.0,0.256,61.0,16,0,0,0,0,0,H9/87,,johnsda07,2025,Right
526,Daniel Johnson*,29,SFG,NL,0.2,14,31,29,5,5,2,0,1,1,1,0,2,8,0.172,0.226,0.345,0.571,61.0,0.257,57.0,10,0,0,0,0,0,/H897,,johnsda07,2025,Right
526,Daniel Johnson*,29,BAL,AL,0.1,17,26,24,8,5,1,0,0,0,1,1,2,5,0.208,0.269,0.25,0.519,49.0,0.255,66.0,6,0,0,0,0,0,/H798,,johnsda07,2025,Right
527,Jerar Encarnación,27,SFG,NL,0.0,19,56,55,5,11,3,0,2,7,1,0,1,15,0.2,0.214,0.364,0.578,62.0,0.251,55.0,20,3,0,0,0,0,9/H73,,encarje01,2025,Right
528,Zack Short,30,HOU,AL,0.0,22,56,50,9,11,2,0,2,7,0,1,4,18,0.22,0.291,0.38,0.671,85.0,0.278,78.0,19,0,1,1,0,0,6/HD,,shortza01,2025,Right
529,Stuart Fairchild,29,ATL,NL,-0.3,28,55,51,7,11,4,1,0,2,2,1,4,15,0.216,0.273,0.333,0.606,70.0,0.281,76.0,17,2,0,0,0,0,9H/D78,,faircst01,2025,Right
530,Jace Jung*,24,DET,AL,-0.5,21,55,47,8,5,0,0,0,3,0,0,7,16,0.106,0.236,0.106,0.343,1.0,0.181,1.0,5,2,1,0,0,0,5/H,,jungja01,2025,Right
531,Drew Millas#,27,WSN,NL,0.2,18,55,49,6,15,5,1,0,7,2,0,4,7,0.306,0.358,0.449,0.807,129.0,0.357,126.0,22,0,0,1,0,0,2/DH,,milladr01,2025,Right
532,Luke Maile,34,KCR,AL,0.0,25,54,45,6,11,2,0,1,6,1,0,7,16,0.244,0.346,0.356,0.702,98.0,0.318,99.0,16,1,0,2,0,0,2/H1,,mailelu01,2025,Right
533,Ryan Fitzgerald*,31,MIN,AL,0.2,24,53,46,10,9,0,0,4,9,1,0,7,8,0.196,0.302,0.457,0.758,106.0,0.331,105.0,21,0,0,0,0,0,/46H513D,,fitzgry01,2025,Right
534,Luis Vázquez,25,BAL,AL,-0.5,32,53,50,6,8,1,0,1,3,2,0,3,14,0.16,0.208,0.24,0.448,27.0,0.206,17.0,12,0,0,0,0,0,56/H143D,,vazqulu01,2025,Right
535,Zach Cole*,24,HOU,AL,0.6,15,52,47,9,12,2,0,4,11,3,0,5,20,0.255,0.327,0.553,0.88,139.0,0.382,137.0,26,0,0,0,0,0,/798H,,coleza01,2025,Right
536,Bryan De La Cruz,28,ATL,NL,-0.2,16,50,47,1,9,1,0,0,0,1,0,3,18,0.191,0.24,0.213,0.453,30.0,0.232,37.0,10,1,0,0,0,0,7/H9D,,delacbr01,2025,Right
537,Travis Jankowski*,34,3TM,2LG,-0.3,25,50,45,8,11,2,0,0,2,2,0,3,12,0.244,0.286,0.289,0.575,62.0,0.26,53.0,13,0,0,1,1,0,9H/781D,,jankotr01,2025,Right
537,Travis Jankowski*,34,2TM,AL,-0.3,21,49,45,7,11,2,0,0,2,2,0,3,12,0.244,0.286,0.289,0.575,62.0,0.26,53.0,13,0,0,0,1,0,9/H78,,jankotr01,2025,Right
537,Travis Jankowski*,34,CHW,AL,-0.2,7,15,14,1,3,0,0,0,0,0,0,1,3,0.214,0.267,0.214,0.481,38.0,0.217,29.0,3,0,0,0,0,0,/9H8,,jankotr01,2025,Right
537,Travis Jankowski*,34,TBR,AL,0.0,14,34,31,6,8,2,0,0,2,2,0,2,9,0.258,0.294,0.323,0.617,73.0,0.279,64.0,10,0,0,0,1,0,/97H,,jankotr01,2025,Right
537,Travis Jankowski*,34,NYM,NL,0.0,4,1,0,1,0,0,0,0,0,0,0,0,0,,,,,,,,0,0,0,1,0,0,/H179D,,jankotr01,2025,Right
538,Richie Palacios*,28,TBR,AL,0.0,17,48,42,10,14,2,0,1,3,4,0,5,9,0.333,0.396,0.452,0.848,138.0,0.389,140.0,19,3,0,0,1,0,/473DH9,,palacri01,2025,Right
539,George Valera*,24,CLE,AL,-0.1,16,48,41,7,9,2,0,2,5,0,0,7,13,0.22,0.333,0.415,0.748,107.0,0.328,108.0,17,1,0,0,0,0,D/9H,,valerge01,2025,Right
540,Maverick Handley,27,BAL,AL,-0.9,16,47,41,2,3,0,0,0,3,0,0,2,18,0.073,0.133,0.073,0.207,-39.0,0.103,-59.0,3,0,1,2,1,0,2/H,,handlma01,2025,Right
541,Brice Matthews,23,HOU,AL,0.2,13,47,42,6,7,0,0,4,9,1,0,2,20,0.167,0.222,0.452,0.675,81.0,0.306,87.0,19,0,1,2,0,0,4/H5,,matthbr01,2025,Right
542,Jared Young*,29,NYM,NL,0.1,22,47,43,5,8,1,0,4,6,0,0,2,16,0.186,0.234,0.488,0.722,99.0,0.302,92.0,21,1,1,0,1,0,D/H137,,youngja02,2025,Right
543,Logan Davidson#,27,2TM,AL,-0.6,19,47,42,3,7,2,0,1,4,0,0,3,22,0.167,0.222,0.286,0.508,40.0,0.218,24.0,12,1,0,2,0,0,3/H514,,davidlo01,2025,Right
543,Logan Davidson#,27,ATH,AL,-0.3,9,24,20,1,3,1,0,0,2,0,0,3,12,0.15,0.261,0.2,0.461,32.0,0.216,23.0,4,1,0,1,0,0,/35H4,,davidlo01,2025,Right
543,Logan Davidson#,27,LAA,AL,-0.3,10,23,22,2,4,1,0,1,2,0,0,0,10,0.182,0.182,0.364,0.545,46.0,0.22,26.0,8,0,0,1,0,0,/3H1,,davidlo01,2025,Right
544,Jimmy Crooks*,23,STL,NL,-0.3,15,46,45,3,6,0,1,1,1,0,0,0,17,0.133,0.152,0.244,0.397,10.0,0.19,12.0,11,1,1,0,0,0,2/DH,,crookji01,2025,Right
545,Austin Barnes,35,LAD,NL,-0.3,13,44,42,4,9,3,0,0,2,0,0,1,14,0.214,0.233,0.286,0.518,45.0,0.227,34.0,12,1,0,1,0,0,2/3DH,,barneau01,2025,Right
546,Rece Hinds,24,CIN,NL,-0.4,15,44,43,6,5,1,0,2,3,0,0,1,21,0.116,0.136,0.279,0.415,9.0,0.175,-9.0,12,1,0,0,0,0,9/H,,hindsre01,2025,Right
547,Ryan Kreidler,27,DET,AL,-0.2,17,44,38,5,4,0,0,0,0,2,0,4,19,0.105,0.19,0.105,0.296,-14.0,0.162,-27.0,4,0,0,2,0,0,8,,kreidry01,2025,Right
548,Trenton Brooks*,29,SDP,NL,-0.5,25,43,41,5,6,2,0,1,2,0,0,2,13,0.146,0.186,0.268,0.454,24.0,0.198,13.0,11,2,0,0,0,0,HD/7,,brooktr01,2025,Right
549,Denzer Guzmán,21,LAA,AL,-0.4,13,43,42,4,8,1,0,2,3,0,0,1,22,0.19,0.209,0.357,0.566,54.0,0.24,43.0,15,0,0,0,0,0,6,,guzmade01,2025,Right
550,Dustin Harris*,25,TEX,AL,0.2,19,43,40,5,8,3,0,1,2,1,1,3,13,0.2,0.256,0.35,0.606,77.0,0.258,76.0,14,1,0,0,0,0,/7H89D,,harridu01,2025,Right
551,Kevin Pillar,36,TEX,AL,-0.1,20,43,43,6,9,2,0,0,1,3,0,0,8,0.209,0.209,0.256,0.465,37.0,0.213,26.0,11,0,0,0,0,0,/8H9D7,,pillake01,2025,Right
552,Alan Trejo,29,COL,NL,-0.4,13,43,40,3,7,2,0,0,1,0,0,1,7,0.175,0.19,0.225,0.415,11.0,0.183,-9.0,9,3,0,1,1,0,6/1,,trejoal01,2025,Right
553,Daz Cameron,28,MIL,NL,-0.5,21,42,41,7,8,1,0,1,3,1,0,1,13,0.195,0.214,0.293,0.507,40.0,0.229,32.0,12,1,0,0,0,0,9H/7,,camerda01,2025,Right
554,Matt Gorski,27,PIT,NL,-0.3,15,42,41,2,8,0,1,2,4,0,1,1,16,0.195,0.214,0.39,0.605,64.0,0.241,52.0,16,1,0,0,0,0,3/H87,,gorskma01,2025,Right
555,Luken Baker,28,STL,NL,-0.1,19,41,34,3,8,3,0,0,2,0,0,7,10,0.235,0.366,0.324,0.689,98.0,0.318,102.0,11,3,0,0,0,0,DH/3,,bakerlu01,2025,Right
556,Kris Bryant,33,COL,NL,-0.5,11,41,39,2,6,2,0,0,1,0,0,2,13,0.154,0.195,0.205,0.4,7.0,0.183,-7.0,8,1,0,0,0,0,D/H,,bryankr01,2025,Right
557,Oliver Dunn*,27,MIL,NL,-0.2,14,41,36,4,6,2,0,0,6,1,0,2,11,0.167,0.205,0.222,0.427,20.0,0.196,4.0,8,0,0,2,1,0,5/3H,,dunnol01,2025,Right
558,Austin Nola,35,COL,NL,-0.2,14,41,38,2,7,1,0,0,1,0,0,2,5,0.184,0.225,0.211,0.436,18.0,0.199,2.0,8,2,0,1,0,0,2/13DH,,nolaau01,2025,Right
559,Yuli Gurriel,41,SDP,NL,-0.5,16,40,36,2,4,1,0,0,3,0,0,4,8,0.111,0.2,0.139,0.339,-3.0,0.169,-9.0,5,0,0,0,0,0,D/H3,,gourryu01,2025,Right
560,Korey Lee,26,CHW,AL,0.3,25,40,35,10,9,3,0,1,3,0,0,4,7,0.257,0.333,0.429,0.762,112.0,0.375,145.0,15,1,0,1,0,0,2H/D17,,leeko01,2025,Right
561,Jorge Alfaro,32,WSN,NL,-0.3,14,39,39,3,10,2,0,0,3,1,0,0,14,0.256,0.256,0.308,0.564,60.0,0.271,66.0,12,0,0,0,0,0,2,,alfarjo01,2025,Right
562,Ryan Bliss,25,SEA,AL,-0.2,11,39,35,1,7,1,0,1,3,2,2,4,11,0.2,0.282,0.314,0.596,74.0,0.253,73.0,11,2,0,0,0,0,4,,blissry01,2025,Right
563,Cam Devanney,28,PIT,NL,-0.5,14,38,36,1,5,1,0,0,1,0,1,2,21,0.139,0.184,0.167,0.351,-1.0,0.151,-10.0,6,1,0,0,0,0,5/H,,devanca01,2025,Right
564,Víctor Mesa Jr.*,23,MIA,NL,0.1,16,38,32,7,6,2,0,1,6,0,0,5,5,0.188,0.297,0.344,0.641,78.0,0.287,74.0,11,0,0,1,0,0,/798H,,mesavi01,2025,Right
565,Bryce Eldridge*,20,SFG,NL,-0.2,10,37,28,1,3,2,0,0,4,0,0,7,13,0.107,0.297,0.179,0.476,42.0,0.243,53.0,5,0,1,0,1,0,/D3,,eldribr01,2025,Right
566,Tomás Nido,31,DET,AL,-0.1,10,37,35,4,12,0,0,0,2,0,0,0,10,0.343,0.361,0.343,0.704,98.0,0.314,97.0,12,1,1,1,0,0,2/1,,nidoto01,2025,Right
567,Zac Veen*,23,COL,NL,-0.3,12,37,34,1,4,1,0,1,2,1,1,2,14,0.118,0.189,0.235,0.424,13.0,0.182,-2.0,8,0,1,0,0,0,/79H,,veenza01,2025,Right
568,José Miranda,27,MIN,AL,-0.3,12,36,36,2,6,0,0,1,5,0,0,0,13,0.167,0.167,0.25,0.417,13.0,0.177,-4.0,9,0,0,0,0,0,5/H,,miranjo01,2025,Right
569,Jose Siri,29,NYM,NL,-0.5,16,36,32,7,2,2,0,0,1,2,0,4,17,0.063,0.167,0.125,0.292,-15.0,0.16,-17.0,4,0,0,0,0,0,8/H,,sirijo01,2025,Right
570,Dominic Fletcher*,27,CHW,AL,0.3,12,34,32,5,7,5,0,1,2,1,0,2,2,0.219,0.265,0.469,0.733,100.0,0.315,95.0,15,1,0,0,0,0,/987,,fletcdo01,2025,Right
571,Pablo Reyes,31,NYY,AL,-0.5,24,34,31,4,6,1,0,0,2,1,0,2,10,0.194,0.242,0.226,0.468,33.0,0.221,24.0,7,0,0,1,0,0,H/94517D,,reyespa01,2025,Right
572,Sebastián Rivero,26,LAA,AL,-0.1,11,34,33,4,6,2,0,0,2,1,0,1,9,0.182,0.206,0.242,0.448,24.0,0.252,47.0,8,0,0,0,0,0,2,,riverse01,2025,Right
573,Luke Williams,28,ATL,NL,-0.4,39,34,31,5,4,2,0,0,5,5,0,1,9,0.129,0.176,0.194,0.37,5.0,0.204,-4.0,6,2,1,0,1,0,6H/15D,,willilu01,2025,Right
574,Aaron Schunk,27,COL,NL,-0.3,16,33,32,1,6,1,0,0,0,0,0,0,10,0.188,0.188,0.219,0.406,8.0,0.18,-13.0,7,1,0,1,0,0,/64H5D,,schunaa01,2025,Right
575,Leo Jiménez,24,TOR,AL,-0.3,18,32,29,2,2,0,0,1,1,0,0,2,8,0.069,0.129,0.172,0.301,-18.0,0.167,-15.0,5,1,0,1,0,0,4/H6D,,jimenle01,2025,Right
576,Shay Whitcomb,26,HOU,AL,-0.3,20,32,32,4,4,0,0,1,1,0,0,0,10,0.125,0.125,0.219,0.344,-7.0,0.171,-6.0,7,0,0,0,0,0,/45HD7,,whitcsh01,2025,Right
577,Buddy Kennedy,26,3TM,2LG,-0.5,13,32,29,2,2,1,0,0,1,0,0,2,8,0.069,0.156,0.103,0.26,-25.0,0.158,-15.0,3,0,1,0,0,0,/53H4D,,kennebu01,2025,Right
577,Buddy Kennedy,26,2TM,NL,-0.5,11,26,24,1,1,0,0,0,1,0,0,1,7,0.042,0.115,0.042,0.157,-53.0,0.121,-41.0,1,0,1,0,0,0,/53HD,,kennebu01,2025,Right
577,Buddy Kennedy,26,PHI,NL,-0.1,4,8,7,0,0,0,0,0,0,0,0,1,2,0.0,0.125,0.0,0.125,-61.0,0.087,-69.0,0,0,0,0,0,0,/35DH,,kennebu01,2025,Right
577,Buddy Kennedy,26,TOR,AL,-0.1,2,6,5,1,1,1,0,0,0,0,0,1,1,0.2,0.333,0.4,0.733,102.0,0.321,100.0,2,0,0,0,0,0,/45,,kennebu01,2025,Right
577,Buddy Kennedy,26,LAD,NL,-0.3,7,18,17,1,1,0,0,0,1,0,0,0,5,0.059,0.111,0.059,0.17,-50.0,0.135,-29.0,1,0,1,0,0,0,/5H,,kennebu01,2025,Right
578,Jose Barrero,27,STL,NL,-0.1,22,31,29,4,4,1,0,1,3,0,0,1,9,0.138,0.194,0.276,0.469,31.0,0.21,26.0,8,0,1,0,0,0,/H48695,,garcijo02,2025,Right
579,Carson McCusker,27,MIN,AL,-0.6,16,30,29,0,5,0,0,0,1,0,1,1,16,0.172,0.2,0.172,0.372,5.0,0.151,-11.0,5,0,0,0,0,0,9/HD,,mccusca01,2025,Right
580,Scott Kingery,31,LAA,AL,-0.5,19,29,27,3,4,1,0,0,0,1,1,2,11,0.148,0.207,0.185,0.392,11.0,0.167,-3.0,5,1,0,0,0,0,/4H8619,,kingesc01,2025,Right
581,Nicky Lopez*,30,2TM,2LG,-0.4,18,28,24,2,1,0,0,0,1,0,0,4,4,0.042,0.179,0.042,0.22,-32.0,0.128,-29.0,1,1,0,0,0,0,5/6H147D,,lopezni01,2025,Right
581,Nicky Lopez*,30,LAA,AL,-0.2,4,6,6,0,0,0,0,0,0,0,0,0,1,0.0,0.0,0.0,0.0,-100.0,0.0,-131.0,0,0,0,0,0,0,/5167,,lopezni01,2025,Right
581,Nicky Lopez*,30,CHC,NL,-0.3,14,22,18,2,1,0,0,0,1,0,0,4,3,0.056,0.227,0.056,0.283,-12.0,0.163,-2.0,1,1,0,0,0,0,5/H64D,,lopezni01,2025,Right
582,Owen Caissie*,22,CHC,NL,-0.1,12,27,26,4,5,1,0,1,4,0,0,1,11,0.192,0.222,0.346,0.568,62.0,0.247,58.0,9,0,0,0,0,0,/9H7D,,caissow01,2025,Right
583,Luis Campusano,26,SDP,NL,-0.4,10,27,21,0,0,0,0,0,0,0,0,6,11,0.0,0.222,0.0,0.222,-31.0,0.155,-18.0,0,2,0,0,0,0,/DH,,campulu01,2025,Right
584,Mason McCoy,30,SDP,NL,-0.2,18,26,22,5,3,1,0,0,1,2,0,3,7,0.136,0.269,0.182,0.451,29.0,0.272,52.0,4,0,1,0,0,0,6/H4D,,mccoyma01,2025,Right
585,Grant McCray*,24,SFG,NL,-0.4,22,26,22,3,2,0,1,0,2,0,0,2,11,0.091,0.16,0.182,0.342,-2.0,0.155,-14.0,4,1,0,1,1,0,97/H8,,mccragr01,2025,Right
586,Ji Hwan Bae*,25,PIT,NL,-0.4,13,25,20,4,1,0,0,0,0,4,1,5,9,0.05,0.24,0.05,0.29,-12.0,0.19,-4.0,1,0,0,0,0,0,/H78D9,,baeji01,2025,Right
587,Michael Stefanic,29,TOR,AL,0.0,9,25,22,1,4,0,0,0,0,0,0,3,3,0.182,0.28,0.182,0.462,32.0,0.221,28.0,4,0,0,0,0,0,/4H16,,stefami01,2025,Right
588,David Villar,28,SFG,NL,0.0,9,25,20,4,4,1,0,0,1,0,0,4,5,0.2,0.36,0.25,0.61,80.0,0.295,89.0,5,1,1,0,0,0,/3H5D,,villada01,2025,Right
589,Tristin English,28,ARI,NL,-0.2,7,23,22,0,2,1,0,0,1,0,0,1,8,0.091,0.13,0.136,0.267,-26.0,0.124,-40.0,3,0,0,0,0,0,/3,,englitr01,2025,Right
590,Niko Kavadas*,26,LAA,AL,-0.4,10,23,20,0,2,0,0,0,0,0,0,3,10,0.1,0.217,0.1,0.317,-7.0,0.167,-10.0,2,0,0,0,0,0,3/1H,,kavadni01,2025,Right
591,Esteury Ruiz,26,LAD,NL,-0.2,19,23,21,2,4,0,0,1,2,4,0,2,8,0.19,0.261,0.333,0.594,66.0,0.304,61.0,7,0,0,0,0,0,7/H9,,ruizes01,2025,Right
592,Ali Sánchez,28,2TM,AL,-0.2,12,23,23,2,5,2,0,0,0,0,0,0,6,0.217,0.217,0.304,0.522,42.0,0.219,27.0,7,1,0,0,0,0,2/H13,,sanchal04,2025,Right
592,Ali Sánchez,28,TOR,AL,-0.2,8,21,21,2,5,2,0,0,0,0,0,0,5,0.238,0.238,0.333,0.571,56.0,0.24,42.0,7,1,0,0,0,0,/213H,,sanchal04,2025,Right
592,Ali Sánchez,28,BOS,AL,0.0,4,2,2,0,0,0,0,0,0,0,0,0,1,0.0,0.0,0.0,0.0,-100.0,0.0,-126.0,0,0,0,0,0,0,/2H,,sanchal04,2025,Right
593,Chadwick Tromp,30,2TM,2LG,0.1,8,22,21,2,3,1,0,1,1,0,0,1,6,0.143,0.182,0.333,0.515,41.0,0.261,62.0,7,1,0,0,0,0,/2,,trompch01,2025,Right
593,Chadwick Tromp,30,ATL,NL,0.0,2,6,5,0,0,0,0,0,0,0,0,1,2,0.0,0.167,0.0,0.167,-47.0,0.116,-41.0,0,1,0,0,0,0,/2,,trompch01,2025,Right
593,Chadwick Tromp,30,BAL,AL,0.1,6,16,16,2,3,1,0,1,1,0,0,0,4,0.188,0.188,0.438,0.625,69.0,0.315,102.0,7,0,0,0,0,0,/2,,trompch01,2025,Right
594,Bobby Dalbec,30,CHW,AL,0.0,7,21,18,2,4,1,0,0,1,0,0,3,6,0.222,0.333,0.278,0.611,75.0,0.279,74.0,5,1,0,0,0,0,/36H5,,dalbebo01,2025,Right
595,Luis Guillorme*,30,HOU,AL,-0.2,12,21,20,2,3,0,0,0,0,0,0,1,8,0.15,0.19,0.15,0.34,-3.0,0.16,-15.0,3,2,0,0,0,0,/45H,,guilllu01,2025,Right
596,Keston Hiura,28,COL,NL,0.0,8,21,18,3,4,1,0,0,1,0,0,0,7,0.222,0.333,0.278,0.611,66.0,0.292,70.0,5,0,3,0,0,0,/3,,hiurake01,2025,Right
597,Billy McKinney*,30,TEX,AL,-0.1,6,21,20,4,4,1,0,0,1,0,0,1,1,0.2,0.238,0.25,0.488,45.0,0.261,73.0,5,0,0,0,0,0,/97DH,,mckinbi01,2025,Right
598,José Azócar,29,2TM,NL,0.0,14,21,19,5,5,0,0,0,1,1,0,2,1,0.263,0.333,0.263,0.596,73.0,0.288,74.0,5,0,0,0,0,0,/H978D,,azocajo01,2025,Right
598,José Azócar,29,NYM,NL,0.0,12,20,18,5,5,0,0,0,1,1,0,2,1,0.278,0.35,0.278,0.628,83.0,0.302,84.0,5,0,0,0,0,0,/H789,,azocajo01,2025,Right
598,José Azócar,29,ATL,NL,0.0,2,1,1,0,0,0,0,0,0,0,0,0,0,0.0,0.0,0.0,0.0,-100.0,0.0,-117.0,0,0,0,0,0,0,/H9D,,azocajo01,2025,Right
599,Manuel Margot,30,DET,AL,-0.1,6,20,19,1,6,0,0,0,3,0,0,0,6,0.316,0.3,0.316,0.616,72.0,0.262,60.0,6,0,0,0,1,0,/9H,,margoma01,2025,Right
600,Connor Kaiser,28,ARI,NL,-0.3,11,19,18,1,2,1,0,0,2,0,0,1,5,0.111,0.158,0.167,0.325,-10.0,0.15,-22.0,3,1,0,0,0,0,/4H,,kaiseco01,2025,Right
601,Michael Siani*,25,STL,NL,-0.1,19,19,17,4,4,0,0,0,0,0,0,2,7,0.235,0.316,0.235,0.551,60.0,0.263,63.0,4,0,0,0,0,0,8/H,,sianimi01,2025,Right
602,Akil Baddoo*,26,DET,AL,0.2,7,18,17,0,2,1,0,0,1,1,0,1,5,0.118,0.167,0.176,0.343,-4.0,0.17,-17.0,3,0,0,0,0,0,/798H,,baddoak01,2025,Right
603,Blake Sabol*,27,BOS,AL,-0.2,8,18,16,2,2,1,0,0,1,0,0,1,7,0.125,0.167,0.188,0.354,-1.0,0.156,-17.0,3,1,0,0,1,0,/2DH,,sabolbl01,2025,Right
604,Drew Avans*,29,2TM,2LG,-0.4,8,18,17,1,2,0,0,0,1,1,0,0,6,0.118,0.111,0.118,0.229,-36.0,0.112,-58.0,2,0,0,0,1,0,/789H,,avansdr01,2025,Right
604,Drew Avans*,29,ATH,AL,-0.3,7,15,15,1,2,0,0,0,0,1,0,0,5,0.133,0.133,0.133,0.267,-25.0,0.135,-44.0,2,0,0,0,0,0,/789H,,avansdr01,2025,Right
604,Drew Avans*,29,MIL,NL,-0.1,1,3,2,0,0,0,0,0,1,0,0,0,1,0.0,0.0,0.0,0.0,-100.0,0.0,-126.0,0,0,0,0,1,0,/7,,avansdr01,2025,Right
605,CJ Alexander*,28,ATH,AL,-0.2,6,17,17,0,3,0,0,0,0,0,0,0,8,0.176,0.176,0.176,0.353,-1.0,0.157,-17.0,3,0,0,0,0,0,/35H79,,alexacj01,2025,Right
606,Rafael Flores,24,PIT,NL,0.0,7,17,15,0,3,2,0,0,0,0,0,2,7,0.2,0.294,0.333,0.627,75.0,0.282,73.0,5,0,0,0,0,0,/32H,,florera03,2025,Right
607,Owen Miller,28,COL,NL,0.0,9,17,14,0,2,0,0,0,1,1,0,2,4,0.143,0.294,0.143,0.437,22.0,0.245,27.0,2,0,1,0,0,0,/4H5D,,milleow01,2025,Right
608,Gage Workman*,25,2TM,2LG,-0.3,12,17,16,0,3,1,0,0,2,1,0,1,7,0.188,0.235,0.25,0.485,41.0,0.229,35.0,4,0,0,0,0,0,/56HD,,workmga01,2025,Right
608,Gage Workman*,25,CHC,NL,-0.2,9,15,14,0,3,1,0,0,2,1,0,1,6,0.214,0.267,0.286,0.552,61.0,0.26,56.0,4,0,0,0,0,0,/56DH,,workmga01,2025,Right
608,Gage Workman*,25,CHW,AL,-0.1,3,2,2,0,0,0,0,0,0,0,0,0,1,0.0,0.0,0.0,0.0,-100.0,0.0,-126.0,0,0,0,0,0,0,/56H,,workmga01,2025,Right
609,Tirso Ornelas*,25,SDP,NL,-0.3,7,16,14,0,1,0,0,0,1,0,0,2,2,0.071,0.188,0.071,0.259,-24.0,0.143,-26.0,1,1,0,0,0,0,/7H8D,,ornelti01,2025,Right
610,César Salazar*,29,HOU,AL,-0.1,11,16,13,0,3,0,0,0,1,0,0,2,2,0.231,0.375,0.231,0.606,75.0,0.291,81.0,3,1,1,0,0,0,/2HD1,,salazce01,2025,Right
611,Jack Winkler,26,MIA,NL,-0.2,14,16,16,2,4,2,0,0,0,1,0,0,4,0.25,0.25,0.375,0.625,71.0,0.284,63.0,6,0,0,0,0,0,/4H365,,winklja01,2025,Right
612,Tucker Barnhart*,34,TEX,AL,0.0,8,15,13,0,3,0,0,0,0,0,0,1,4,0.231,0.333,0.231,0.564,72.0,0.271,81.0,3,2,1,0,0,0,/21,,barnhtu01,2025,Right
613,Jacob Hurtubise*,27,CIN,NL,-0.1,12,15,12,3,1,0,0,0,0,0,0,1,6,0.083,0.267,0.083,0.35,2.0,0.204,10.0,1,0,2,0,0,0,/H79,,hurtuja01,2025,Right
614,Brian Navarreto,30,MIA,NL,0.2,8,15,14,3,4,2,0,1,5,0,0,0,3,0.286,0.267,0.643,0.91,142.0,0.362,128.0,9,0,0,0,1,0,/2,,navarbr01,2025,Right
615,Ryan Vilade,26,2TM,NL,-0.1,8,15,13,1,1,0,0,0,0,0,0,2,5,0.077,0.2,0.077,0.277,-17.0,0.153,-15.0,1,1,0,0,0,0,/97HD,,viladry01,2025,Right
615,Ryan Vilade,26,STL,NL,-0.1,7,15,13,1,1,0,0,0,0,0,0,2,5,0.077,0.2,0.077,0.277,-17.0,0.153,-15.0,1,1,0,0,0,0,/9H7D,,viladry01,2025,Right
615,Ryan Vilade,26,CIN,NL,0.0,1,0,0,0,0,0,0,0,0,0,0,0,0,,,,,,,,0,0,0,0,0,0,/7,,viladry01,2025,Right
616,Greg Allen#,32,BAL,AL,-0.4,7,14,14,1,0,0,0,0,0,0,1,0,5,0.0,0.0,0.0,0.0,-100.0,-0.035,-127.0,0,2,0,0,0,0,/87H,,allengr01,2025,Right
617,Chad Stevens,26,LAA,AL,-0.2,5,14,13,1,2,0,0,0,0,0,1,0,7,0.154,0.154,0.154,0.308,-14.0,0.099,-41.0,2,0,0,1,0,0,/45,,stevech02,2025,Right
618,Tyler Black*,24,MIL,NL,0.1,5,13,8,1,2,1,0,0,1,0,1,5,1,0.25,0.538,0.375,0.913,163.0,0.395,181.0,3,0,0,0,0,0,/H379,,blackty01,2025,Right
619,Will Brennan*,27,CLE,AL,-0.2,6,13,11,0,1,0,0,0,0,0,1,1,1,0.091,0.231,0.091,0.322,-5.0,0.131,-7.0,1,1,1,0,0,0,/98H,,brennwi02,2025,Right
620,Corey Julks,29,CHW,AL,0.1,6,13,12,2,3,2,0,0,1,0,0,0,3,0.25,0.231,0.417,0.647,76.0,0.251,54.0,5,0,0,0,1,0,/7DH,,julksco01,2025,Right
621,Kevin Alcántara,22,CHC,NL,0.1,10,12,11,2,4,0,0,0,1,1,0,1,4,0.364,0.417,0.364,0.78,130.0,0.379,137.0,4,0,0,0,0,0,/8H7D9,,alcanke01,2025,Right
622,Sandy León#,36,ATL,NL,-0.1,5,12,12,1,1,0,0,1,3,0,0,0,4,0.083,0.083,0.333,0.417,10.0,0.169,-4.0,4,0,0,0,0,0,/2,,leonsa01,2025,Right
623,Vimael Machín*,31,BAL,AL,0.1,4,12,11,1,1,0,0,1,1,0,0,1,2,0.091,0.167,0.364,0.53,44.0,0.225,37.0,4,0,0,0,0,0,/5,,machivi01,2025,Right
624,Tristan Peters*,25,TBR,AL,-0.4,4,12,12,0,0,0,0,0,0,0,0,0,7,0.0,0.0,0.0,0.0,-100.0,0.0,-129.0,0,0,0,0,0,0,/8,,petertr01,2025,Right
625,Bryan Ramos,23,CHW,AL,0.1,4,12,12,1,2,2,0,0,2,0,0,0,4,0.167,0.167,0.333,0.5,35.0,0.206,21.0,4,0,0,0,0,0,/5H,,ramosbr01,2025,Right
626,Nick Solak,30,PIT,NL,-0.5,4,11,11,0,1,0,0,0,0,0,0,0,2,0.091,0.091,0.091,0.182,-49.0,0.073,-75.0,1,0,0,0,0,0,/347H,,solakni01,2025,Right
627,Nick Ahmed,35,TEX,AL,0.1,5,10,9,1,0,0,0,0,0,1,0,1,3,0.0,0.1,0.0,0.1,-66.0,0.182,-1.0,0,1,0,0,0,0,/6,,ahmedni01,2025,Right
628,Will Banfield,25,CIN,NL,-0.2,7,10,10,0,1,0,0,0,0,0,0,0,6,0.1,0.1,0.1,0.2,-45.0,0.09,-70.0,1,1,0,0,0,0,/2,,banfiwi01,2025,Right
629,Coco Montes,28,TBR,AL,0.1,5,10,10,0,2,0,0,0,1,0,0,0,3,0.2,0.2,0.2,0.4,13.0,0.178,0.0,2,0,0,0,0,0,/457,,monteco01,2025,Right
630,Omar Narváez*,33,CHW,AL,0.0,4,10,7,1,2,0,0,0,3,0,0,2,1,0.286,0.4,0.286,0.686,98.0,0.305,93.0,2,0,0,0,1,0,/2,,narvaom01,2025,Right
631,Rhylan Thomas*,25,SEA,AL,0.0,3,10,8,2,1,1,0,0,2,0,0,1,0,0.125,0.2,0.25,0.45,30.0,0.282,85.0,2,0,0,0,1,0,/97,,thomarh01,2025,Right
632,Jonathan Ornelas,25,2TM,2LG,0.1,6,10,9,1,2,0,0,0,0,0,0,1,3,0.222,0.3,0.222,0.522,55.0,0.229,45.0,2,0,0,0,0,0,/645,,orneljo01,2025,Right
632,Jonathan Ornelas,25,TEX,AL,0.0,4,6,5,0,0,0,0,0,0,0,0,1,3,0.0,0.167,0.0,0.167,-44.0,0.114,-34.0,0,0,0,0,0,0,/64,,orneljo01,2025,Right
632,Jonathan Ornelas,25,ATL,NL,0.1,2,4,4,1,2,0,0,0,0,0,0,0,0,0.5,0.5,0.5,1.0,184.0,0.402,160.0,2,0,0,0,0,0,/65,,orneljo01,2025,Right
633,J.D. Davis,32,LAA,AL,-0.2,5,9,9,0,1,0,0,0,0,0,0,0,3,0.111,0.111,0.111,0.222,-38.0,0.099,-59.0,1,0,0,0,0,0,/3H5,,davisjd01,2025,Right
634,Justin Foscue,26,TEX,AL,-0.1,4,9,9,0,1,1,0,0,2,0,0,0,3,0.111,0.111,0.222,0.333,-5.0,0.138,-17.0,2,0,0,0,0,0,/3DH,,foscuju01,2025,Right
635,Jhostynxon García,22,BOS,AL,0.0,5,9,7,0,1,1,0,0,0,0,0,2,5,0.143,0.333,0.286,0.619,76.0,0.29,81.0,2,0,0,0,0,0,/79DH,,garcijh01,2025,Right
636,Logan Porter,29,SFG,NL,0.0,4,9,7,2,1,0,0,0,1,0,0,1,2,0.143,0.333,0.143,0.476,44.0,0.258,64.0,1,0,1,0,0,0,/21,,portelo01,2025,Right
637,Jon Singleton*,33,HOU,AL,-0.1,3,9,9,0,1,0,0,0,0,0,0,0,1,0.111,0.111,0.111,0.222,-38.0,0.099,-59.0,1,0,0,0,0,0,/D3H,,singljo02,2025,Right
638,Brett Sullivan*,31,PIT,NL,0.0,3,9,6,1,1,0,0,0,2,0,0,1,3,0.167,0.333,0.167,0.5,46.0,0.258,56.0,1,0,1,0,1,0,/2,,sullibr01,2025,Right
639,Samad Taylor,26,SEA,AL,-0.1,4,9,8,1,1,0,0,0,0,0,0,0,1,0.125,0.125,0.125,0.25,-27.0,0.099,-68.0,1,0,0,1,0,0,/98H,,taylosa04,2025,Right
640,Donovan Walton*,31,PHI,NL,-0.1,2,9,8,1,1,0,0,0,1,0,0,0,1,0.125,0.125,0.125,0.25,-31.0,0.113,-70.0,1,0,0,1,0,0,/4,,waltodo01,2025,Right
641,Dairon Blanco,32,KCR,AL,0.0,9,8,6,2,1,1,0,0,1,3,2,0,2,0.167,0.167,0.333,0.5,35.0,0.313,144.0,2,0,0,2,0,0,/H78,,blancda02,2025,Right
642,Harry Ford,22,SEA,AL,0.0,8,8,6,1,1,0,0,0,1,0,0,0,3,0.167,0.25,0.167,0.417,25.0,0.201,26.0,1,0,1,0,1,0,/2HD,,fordha01,2025,Right
643,Petey Halpin*,23,CLE,AL,0.1,6,8,6,5,2,0,0,0,0,0,0,2,2,0.333,0.5,0.333,0.833,140.0,0.382,147.0,2,0,0,0,0,0,/8H7,,halpipe01,2025,Right
644,Carter Kieboom,27,LAA,AL,-0.2,3,8,8,0,2,0,0,0,1,0,0,0,1,0.25,0.25,0.25,0.5,40.0,0.222,30.0,2,0,0,0,0,0,/3H,,kieboca01,2025,Right
645,Cal Stevenson*,28,PHI,NL,-0.2,5,8,8,0,2,0,0,0,1,0,0,0,2,0.25,0.25,0.25,0.5,38.0,0.213,20.0,2,0,0,0,0,0,/8H,,steveca01,2025,Right
646,Eddie Rosario*,33,2TM,NL,0.0,5,8,8,1,1,0,0,0,0,0,0,0,2,0.125,0.125,0.125,0.25,-29.0,0.113,-43.0,1,0,0,0,0,0,/DH9,,rosared01,2025,Right
646,Eddie Rosario*,33,LAD,NL,0.0,2,4,4,0,1,0,0,0,0,0,0,0,0,0.25,0.25,0.25,0.5,42.0,0.225,36.0,1,0,0,0,0,0,/D,,rosared01,2025,Right
646,Eddie Rosario*,33,ATL,NL,0.0,3,4,4,1,0,0,0,0,0,0,0,0,2,0.0,0.0,0.0,0.0,-100.0,0.0,-121.0,0,0,0,0,0,0,/H9,,rosared01,2025,Right
647,Rob Brantly*,35,MIA,NL,0.0,3,7,7,0,3,0,0,0,1,0,0,0,1,0.429,0.429,0.429,0.857,140.0,0.372,136.0,3,0,0,0,0,0,/2,,brantro01,2025,Right
648,Tsung-Che Cheng*,23,PIT,NL,0.0,3,7,7,0,0,0,0,0,0,0,1,0,3,0.0,0.0,0.0,0.0,-100.0,0.057,-35.0,0,0,0,0,0,0,/64,,chengts01,2025,Right
649,Dom Nuñez*,30,CLE,AL,0.0,2,7,7,2,2,0,0,0,0,0,0,0,4,0.286,0.286,0.286,0.571,60.0,0.226,34.0,2,0,0,0,0,0,/2,,nunezdo01,2025,Right
650,Steward Berroa#,26,MIL,NL,0.2,2,6,5,0,0,0,0,0,0,1,0,1,2,0.0,0.167,0.0,0.167,-47.0,0.308,64.0,0,0,0,0,0,0,/8,,berrost01,2025,Right
651,Tyler Callihan*,25,CIN,NL,-0.2,4,6,6,0,1,0,0,0,1,0,0,0,1,0.167,0.167,0.167,0.333,-9.0,0.15,-27.0,1,0,0,0,0,0,/74,,callity01,2025,Right
652,Billy Cook,26,PIT,NL,0.0,3,6,6,1,2,0,0,0,0,0,0,0,1,0.333,0.333,0.333,0.667,87.0,0.3,86.0,2,0,0,0,0,0,/9H38,,cookbi01,2025,Right
653,César Prieto*,26,STL,NL,-0.2,3,6,6,0,1,0,0,0,0,0,0,0,5,0.167,0.167,0.167,0.333,-5.0,0.134,-27.0,1,0,0,0,0,0,/4HD,,prietce01,2025,Right
654,Jordyn Adams,25,BAL,AL,-0.1,10,5,5,1,0,0,0,0,0,0,0,0,2,0.0,0.0,0.0,0.0,-100.0,0.0,-125.0,0,0,0,0,0,0,/89H,,adamsjo03,2025,Right
655,Sergio Alcántara#,28,SFG,NL,-0.1,1,4,4,0,0,0,0,0,0,0,0,0,2,0.0,0.0,0.0,0.0,-100.0,0.0,-117.0,0,0,0,0,0,0,/56,,alcanse01,2025,Right
656,Kenedy Corona,25,HOU,AL,0.0,3,4,2,0,0,0,0,0,0,0,0,2,1,0.0,0.5,0.0,0.5,58.0,0.343,118.0,0,0,0,0,0,0,/8H,,coronke01,2025,Right
657,Aramis Garcia,32,ARI,NL,-0.1,2,4,4,0,0,0,0,0,0,0,0,0,3,0.0,0.0,0.0,0.0,-100.0,0.0,-126.0,0,0,0,0,0,0,/2,,garciar01,2025,Right
658,Brewer Hicklen,29,DET,AL,0.1,1,4,3,2,2,0,0,0,0,1,0,1,1,0.667,0.75,0.667,1.417,301.0,0.653,302.0,2,0,0,0,0,0,/8,,hicklbr01,2025,Right
659,Trey Lipscomb,25,WSN,NL,0.1,3,4,4,1,2,0,0,0,0,0,0,0,1,0.5,0.5,0.5,1.0,187.0,0.426,179.0,2,0,0,0,0,0,/356H,,lipsctr01,2025,Right
660,Drew Romo#,23,COL,NL,-0.1,3,3,3,0,0,0,0,0,0,0,0,0,3,0.0,0.0,0.0,0.0,-100.0,0.0,-134.0,0,0,0,0,0,0,/H2D,,romodr01,2025,Right
661,CJ Stubbs,28,WSN,NL,0.1,1,3,3,0,0,0,0,0,0,0,0,0,0,0.0,0.0,0.0,0.0,-100.0,0.0,-120.0,0,0,0,0,0,0,/2,,stubbcj01,2025,Right
662,David Bañuelos,28,BAL,AL,0.0,1,2,1,0,0,0,0,0,0,0,0,0,1,0.0,0.5,0.0,0.5,61.0,0.358,135.0,0,0,1,0,0,0,/DH,,banueda01,2025,Right
663,Justin Dean,28,LAD,NL,0.0,18,2,2,0,0,0,0,0,0,1,0,0,1,0.0,0.0,0.0,0.0,-100.0,0.122,-126.0,0,0,0,0,0,0,8/H,,deanju01,2025,Right
664,Greg Jones#,27,CHW,AL,0.0,3,2,2,0,0,0,0,0,0,1,0,0,2,0.0,0.0,0.0,0.0,-100.0,0.122,-122.0,0,0,0,0,0,0,/H9,,jonesgr02,2025,Right
665,Chuckie Robinson,30,LAD,NL,0.0,1,2,1,1,0,0,0,0,0,0,0,0,0,0.0,0.0,0.0,0.0,-100.0,0.0,-333.0,0,0,0,1,0,0,/2,,robinch04,2025,Right
666,Trevor Rogers*,27,BAL,AL,0.0,1,2,2,0,0,0,0,0,0,0,0,0,2,0.0,0.0,0.0,0.0,-100.0,0.0,-122.0,0,0,0,0,0,0,1,,rogertr01,2025,Right
667,Tyler Alexander,30,CHW,AL,0.0,1,1,1,0,0,0,0,0,0,0,0,0,0,0.0,0.0,0.0,0.0,-100.0,0.0,-136.0,0,0,0,0,0,0,1,,alexaty01,2025,Right
668,Jack Leiter,25,TEX,AL,0.0,1,1,1,0,0,0,0,0,0,0,0,0,1,0.0,0.0,0.0,0.0,-100.0,0.0,-127.0,0,0,0,0,0,0,1/H,,leiteja01,2025,Right
669,Ryne Nelson,27,ARI,NL,0.1,1,1,1,1,1,0,0,0,1,0,0,0,0,1.0,1.0,1.0,2.0,459.0,0.901,500.0,1,0,0,0,0,0,1/H,,nelsory01,2025,Right
670,Shinnosuke Ogasawara*,27,WSN,NL,0.0,1,1,1,0,0,0,0,0,0,0,0,0,1,0.0,0.0,0.0,0.0,-100.0,0.0,-117.0,0,0,0,0,0,0,1,,ogasash01,2025,Right
671,Colin Rea,34,CHC,NL,0.0,1,1,1,0,0,0,0,0,0,0,0,0,1,0.0,0.0,0.0,0.0,-100.0,0.0,-108.0,0,0,0,0,0,0,1,,reaco01,2025,Right
672,Garrett Stubbs*,32,PHI,NL,0.0,5,1,1,2,0,0,0,0,0,0,0,0,0,0.0,0.0,0.0,0.0,-100.0,0.0,-125.0,0,0,0,0,0,0,/DH2,,stubbga01,2025,Right
673,Terrin Vavra*,28,BAL,AL,0.0,1,1,1,0,0,0,0,0,0,0,0,0,0,0.0,0.0,0.0,0.0,-100.0,0.0,-136.0,0,0,0,0,0,0,/4H,,vavrate01,2025,Right
674,Bryan Abreu,28,HOU,AL,0.0,1,0,0,0,0,0,0,0,0,0,0,0,0,,,,,,,,0,0,0,0,0,0,1,,abreubr01,2025,Right
675,Zach Agnos,24,COL,NL,0.0,1,0,0,0,0,0,0,0,0,0,0,0,0,,,,,,,,0,0,0,0,0,0,1,,agnosza01,2025,Right
676,Keegan Akin*,30,BAL,AL,0.0,2,0,0,0,0,0,0,0,0,0,0,0,0,,,,,,,,0,0,0,0,0,0,1,,akinke01,2025,Right
677,Elvis Alvarado,26,ATH,AL,0.0,1,0,0,0,0,0,0,0,0,0,0,0,0,,,,,,,,0,0,0,0,0,0,1,,alvarel01,2025,Right
678,Shawn Armstrong,34,TEX,AL,0.0,1,0,0,0,0,0,0,0,0,0,0,0,0,,,,,,,,0,0,0,0,0,0,1,,armstsh01,2025,Right
679,Luinder Avila,23,KCR,AL,0.0,1,0,0,0,0,0,0,0,0,0,0,0,0,,,,,,,,0,0,0,0,0,0,1,,avilalu02,2025,Right
680,Kyle Backhus*,27,ARI,NL,0.0,1,0,0,0,0,0,0,0,0,0,0,0,0,,,,,,,,0,0,0,0,0,0,1,,backhky01,2025,Right
681,Bryan Baker,30,BAL,AL,0.0,1,0,0,0,0,0,0,0,0,0,0,0,0,,,,,,,,0,0,0,0,0,0,1,,bakerbr01,2025,Right
682,Anthony Banda*,31,LAD,NL,0.0,1,0,0,0,0,0,0,0,0,0,0,0,0,,,,,,,,0,0,0,0,0,0,1,,bandaan01,2025,Right
683,Félix Bautista,30,BAL,AL,0.0,1,0,0,0,0,0,0,0,0,0,0,0,0,,,,,,,,0,0,0,0,0,0,1,,bautife01,2025,Right
684,Brennan Bernardino*,33,BOS,AL,0.0,1,0,0,0,0,0,0,0,0,0,0,0,0,,,,,,,,0,0,0,0,0,0,1,,bernabr01,2025,Right
685,Jake Bird,29,COL,NL,0.0,1,0,0,0,0,0,0,0,0,0,0,0,0,,,,,,,,0,0,0,0,0,0,1,,birdja01,2025,Right
686,Hayden Birdsong,23,SFG,NL,0.0,1,0,0,0,0,0,0,0,0,0,0,0,0,,,,,,,,0,0,0,0,0,0,1,,birdsha01,2025,Right
687,Matt Bowman,34,BAL,AL,0.0,1,0,0,0,0,0,0,0,0,0,0,0,0,,,,,,,,0,0,0,0,0,0,1,,bowmama01,2025,Right
688,John Brebbia*,35,DET,AL,0.0,1,0,0,0,0,0,0,0,0,0,0,0,0,,,,,,,,0,0,0,0,0,0,1,,brebbjo01,2025,Right
689,Yennier Cano,31,BAL,AL,0.0,1,0,0,0,0,0,0,0,0,0,0,0,0,,,,,,,,0,0,0,0,0,0,1,,canoye01,2025,Right
690,José Castillo*,29,SEA,AL,0.0,1,0,0,0,0,0,0,0,0,0,0,0,0,,,,,,,,0,0,0,0,0,0,/1,,castijo03,2025,Right
691,Cade Cavalli,26,WSN,NL,0.0,1,0,0,0,0,0,0,0,0,0,0,0,0,,,,,,,,0,0,0,0,0,0,1,,cavalca01,2025,Right
692,Aroldis Chapman*,37,BOS,AL,0.0,2,0,0,0,0,0,0,0,0,0,0,0,0,,,,,,,,0,0,0,0,0,0,1,AS,chapmar01,2025,Right
693,Angel Chivilli,22,COL,NL,0.0,1,0,0,0,0,0,0,0,0,0,0,0,0,,,,,,,,0,0,0,0,0,0,1,,chivian01,2025,Right
694,Taylor Clarke,32,KCR,AL,0.0,3,0,0,0,0,0,0,0,0,0,0,0,0,,,,,,,,0,0,0,0,0,0,1,,clarkta01,2025,Right
695,Emmanuel Clase,27,CLE,AL,0.0,1,0,0,0,0,0,0,0,0,0,0,0,0,,,,,,,,0,0,0,0,0,0,1,,claseem01,2025,Right
696,Steven Cruz,26,KCR,AL,0.0,1,0,0,0,0,0,0,0,0,0,0,0,0,,,,,,,,0,0,0,0,0,0,1,,cruzst01,2025,Right
697,John Curtiss,32,ARI,NL,0.0,1,0,0,0,0,0,0,0,0,0,0,0,0,,,,,,,,0,0,0,0,0,0,1,,curtijo02,2025,Right
698,Luis Curvelo,24,TEX,AL,0.0,1,0,0,0,0,0,0,0,0,0,0,0,0,,,,,,,,0,0,0,0,0,0,1,,curvelu01,2025,Right
699,Enyel De Los Santos,29,HOU,AL,0.0,1,0,0,0,0,0,0,0,0,0,0,0,0,,,,,,,,0,0,0,0,0,0,1,,delosen01,2025,Right
700,Yerry De los Santos,27,NYY,AL,0.0,1,0,0,0,0,0,0,0,0,0,0,0,0,,,,,,,,0,0,0,0,0,0,1,,delosye01,2025,Right
701,Edwin Díaz,31,NYM,NL,0.0,1,0,0,0,0,0,0,0,0,0,0,0,0,,,,,,,,0,0,0,0,0,0,1,AS,diazed04,2025,Right
702,Seranthony Domínguez,30,BAL,AL,0.0,2,0,0,0,0,0,0,0,0,0,0,0,0,,,,,,,,0,0,0,0,0,0,1,,dominse01,2025,Right
703,Jhoan Duran,27,MIN,AL,0.0,3,0,0,0,0,0,0,0,0,0,0,0,0,,,,,,,,0,0,0,0,0,0,1,,duranjh01,2025,Right
704,Dietrich Enns*,34,BAL,AL,0.0,1,0,0,0,0,0,0,0,0,0,0,0,0,,,,,,,,0,0,0,0,0,0,1,,ennsdi01,2025,Right
705,Lucas Erceg*,30,KCR,AL,0.0,2,0,0,0,0,0,0,0,0,0,0,0,0,,,,,,,,0,0,0,0,0,0,1,,erceglu01,2025,Right
706,Carlos Estévez,32,KCR,AL,0.0,5,0,0,0,0,0,0,0,0,0,0,0,0,,,,,,,,0,0,0,0,0,0,1,AS,estevca01,2025,Right
707,Tyler Ferguson,31,ATH,AL,0.0,1,0,0,0,0,0,0,0,0,0,0,0,0,,,,,,,,0,0,0,0,0,0,1,,ferguty01,2025,Right
708,Jose A. Ferrer*,25,WSN,NL,0.0,1,0,0,0,0,0,0,0,0,0,0,0,0,,,,,,,,0,0,0,0,0,0,1,,ferrejo01,2025,Right
709,Matt Festa,32,CLE,AL,0.0,1,0,0,0,0,0,0,0,0,0,0,0,0,,,,,,,,0,0,0,0,0,0,1,,festama01,2025,Right
710,Kody Funderburk*,28,MIN,AL,0.0,1,0,0,0,0,0,0,0,0,0,0,0,0,,,,,,,,0,0,0,0,0,0,1,,fundeko01,2025,Right
711,Brandyn Garcia*,25,ARI,NL,0.0,1,0,0,0,0,0,0,0,0,0,0,0,0,,,,,,,,0,0,0,0,0,0,1,,garcibr02,2025,Right
712,Robert Garcia,29,TEX,AL,0.0,1,0,0,0,0,0,0,0,0,0,0,0,0,,,,,,,,0,0,0,0,0,0,1,,garciro04,2025,Right
713,Yimi García,34,TOR,AL,0.0,1,0,0,0,0,0,0,0,0,0,0,0,0,,,,,,,,0,0,0,0,0,0,1,,garciyi01,2025,Right
714,Josh Hader*,31,HOU,AL,0.0,1,0,0,0,0,0,0,0,0,0,0,0,0,,,,,,,,0,0,0,0,0,0,1,AS,haderjo01,2025,Right
715,Seth Halvorsen,25,COL,NL,0.0,1,0,0,0,0,0,0,0,0,0,0,0,0,,,,,,,,0,0,0,0,0,0,1,,halvose01,2025,Right
716,Emerson Hancock,26,SEA,AL,0.0,1,0,0,0,0,0,0,0,0,0,0,0,0,,,,,,,,0,0,0,0,0,0,1,,hancoem01,2025,Right
717,Ryan Helsley,30,STL,NL,0.0,1,0,0,0,0,0,0,0,0,0,0,0,0,,,,,,,,0,0,0,0,0,0,1,,helslry01,2025,Right
718,Tim Herrin*,28,CLE,AL,0.0,1,0,0,0,0,0,0,0,0,0,0,0,0,,,,,,,,0,0,0,0,0,0,1,,herriti01,2025,Right
719,Jeff Hoffman,32,TOR,AL,0.0,2,0,0,0,0,0,0,0,0,0,0,0,0,,,,,,,,0,0,0,0,0,0,1,,hoffmje02,2025,Right
720,Drey Jameson,27,ARI,NL,0.0,1,0,0,0,0,0,0,0,0,0,0,0,0,,,,,,,,0,0,0,0,0,0,/1,,jamesdr01,2025,Right
721,Kenley Jansen#,37,LAA,AL,0.0,1,0,0,0,0,0,0,0,0,0,0,0,0,,,,,,,,0,0,0,0,0,0,1,,janseke01,2025,Right
722,Griffin Jax,30,MIN,AL,0.0,1,0,0,0,0,0,0,0,0,0,0,0,0,,,,,,,,0,0,0,0,0,0,1,,jaxgr01,2025,Right
723,Tommy Kahnle,35,DET,AL,0.0,1,0,0,0,0,0,0,0,0,0,0,0,0,,,,,,,,0,0,0,0,0,0,1,,kahnlto01,2025,Right
724,Kevin Kelly,27,TBR,AL,0.0,1,0,0,0,0,0,0,0,0,0,0,0,0,,,,,,,,0,0,0,0,0,0,1,,kellyke02,2025,Right
725,Michael Kelly,32,ATH,AL,0.0,1,0,0,0,0,0,0,0,0,0,0,0,0,,,,,,,,0,0,0,0,0,0,1,,kellymi03,2025,Right
726,Andrew Kittredge,35,BAL,AL,0.0,2,0,0,0,0,0,0,0,0,0,0,0,0,,,,,,,,0,0,0,0,0,0,1,,kittran01,2025,Right
727,Jordan Leasure,26,CHW,AL,0.0,1,0,0,0,0,0,0,0,0,0,0,0,0,,,,,,,,0,0,0,0,0,0,1,,leasujo01,2025,Right
728,Casey Legumina,28,SEA,AL,0.0,1,0,0,0,0,0,0,0,0,0,0,0,0,,,,,,,,0,0,0,0,0,0,1,,legumca01,2025,Right
729,Sam Long*,29,KCR,AL,0.0,1,0,0,0,0,0,0,0,0,0,0,0,0,,,,,,,,0,0,0,0,0,0,1,,longsa01,2025,Right
730,Daniel Lynch IV*,28,KCR,AL,0.0,3,0,0,0,0,0,0,0,0,0,0,0,0,,,,,,,,0,0,0,0,0,0,1,,lynchda02,2025,Right
731,Joe Mantiply,34,ARI,NL,0.0,1,0,0,0,0,0,0,0,0,0,0,0,0,,,,,,,,0,0,0,0,0,0,1,,mantijo01,2025,Right
732,Justin Martínez,23,ARI,NL,0.0,2,0,0,0,0,0,0,0,0,0,0,0,0,,,,,,,,0,0,0,0,0,0,1,,martiju01,2025,Right
733,Phil Maton,32,STL,NL,0.0,1,0,0,0,0,0,0,0,0,0,0,0,0,,,,,,,,0,0,0,0,0,0,1,,matonph01,2025,Right
734,Tyler Matzek*,34,NYY,AL,0.0,2,0,0,0,0,0,0,0,0,0,0,0,0,,,,,,,,0,0,0,0,0,0,/1,,matzety01,2025,Right
735,Juan Mejia,24,COL,NL,0.0,2,0,0,0,0,0,0,0,0,0,0,0,0,,,,,,,,0,0,0,0,0,0,1,,mejiaju01,2025,Right
736,Shelby Miller,34,ARI,NL,0.0,2,0,0,0,0,0,0,0,0,0,0,0,0,,,,,,,,0,0,0,0,0,0,1,,millesh01,2025,Right
737,Hoby Milner*,34,TEX,AL,0.0,2,0,0,0,0,0,0,0,0,0,0,0,0,,,,,,,,0,0,0,0,0,0,1,,milneho01,2025,Right
738,Juan Morillo,26,ARI,NL,0.0,2,0,0,0,0,0,0,0,0,0,0,0,0,,,,,,,,0,0,0,0,0,0,1,,morilju02,2025,Right
739,Kaleb Ort,33,HOU,AL,0.0,2,0,0,0,0,0,0,0,0,0,0,0,0,,,,,,,,0,0,0,0,0,0,1,,ortka01,2025,Right
740,Tyler Owens,24,DET,AL,0.0,1,0,0,0,0,0,0,0,0,0,0,0,0,,,,,,,,0,0,0,0,0,0,/1,,owensty01,2025,Right
741,Andre Pallante,26,STL,NL,0.0,1,0,0,0,0,0,0,0,0,0,0,0,0,,,,,,,,0,0,0,0,0,0,1,,pallaan01,2025,Right
742,Cionel Pérez,29,BAL,AL,0.0,1,0,0,0,0,0,0,0,0,0,0,0,0,,,,,,,,0,0,0,0,0,0,1,,perezci01,2025,Right
743,Konnor Pilkington*,27,WSN,NL,0.0,1,0,0,0,0,0,0,0,0,0,0,0,0,,,,,,,,0,0,0,0,0,0,1,,pilkiko01,2025,Right
744,Zach Pop,28,SEA,AL,0.0,1,0,0,0,0,0,0,0,0,0,0,0,0,,,,,,,,0,0,0,0,0,0,/1,,popza01,2025,Right
745,PJ Poulin,28,WSN,NL,0.0,1,0,0,0,0,0,0,0,0,0,0,0,0,,,,,,,,0,0,0,0,0,0,1,,poulipj01,2025,Right
746,A.J. Puk*,30,ARI,NL,0.0,2,0,0,0,0,0,0,0,0,0,0,0,0,,,,,,,,0,0,0,0,0,0,/1,,pukaj01,2025,Right
747,Trevor Richards,32,KCR,AL,0.0,1,0,0,0,0,0,0,0,0,0,0,0,0,,,,,,,,0,0,0,0,0,0,/1,,richatr01,2025,Right
748,Tyler Rogers,34,SFG,NL,0.0,1,0,0,0,0,0,0,0,0,0,0,0,0,,,,,,,,0,0,0,0,0,0,1,,rogerty01,2025,Right
749,Jackson Rutledge,26,WSN,NL,0.0,1,0,0,0,0,0,0,0,0,0,0,0,0,,,,,,,,0,0,0,0,0,0,1,,rutleja01,2025,Right
750,Andrew Saalfrank*,27,ARI,NL,0.0,1,0,0,0,0,0,0,0,0,0,0,0,0,,,,,,,,0,0,0,0,0,0,1,,saalfan01,2025,Right
751,Nick Sandlin,28,TOR,AL,0.0,1,0,0,0,0,0,0,0,0,0,0,0,0,,,,,,,,0,0,0,0,0,0,1,,sandlni01,2025,Right
752,John Schreiber,31,KCR,AL,0.0,1,0,0,0,0,0,0,0,0,0,0,0,0,,,,,,,,0,0,0,0,0,0,1,,schrejo01,2025,Right
753,Tanner Scott,30,LAD,NL,0.0,1,0,0,0,0,0,0,0,0,0,0,0,0,,,,,,,,0,0,0,0,0,0,1,,scottta01,2025,Right
754,Connor Seabold,29,TBR,AL,0.0,1,0,0,0,0,0,0,0,0,0,0,0,0,,,,,,,,0,0,0,0,0,0,/1,,seaboco01,2025,Right
755,Bennett Sousa*,30,HOU,AL,0.0,1,0,0,0,0,0,0,0,0,0,0,0,0,,,,,,,,0,0,0,0,0,0,1,,sousabe01,2025,Right
756,Ryne Stanek,33,NYM,NL,0.0,1,0,0,0,0,0,0,0,0,0,0,0,0,,,,,,,,0,0,0,0,0,0,1,,stanery01,2025,Right
757,Ryan Thompson,33,ARI,NL,0.0,1,0,0,0,0,0,0,0,0,0,0,0,0,,,,,,,,0,0,0,0,0,0,1,,thompry02,2025,Right
758,Trent Thornton,31,SEA,AL,0.0,1,0,0,0,0,0,0,0,0,0,0,0,0,,,,,,,,0,0,0,0,0,0,1,,thorntr01,2025,Right
759,Victor Vodnik,25,COL,NL,0.0,1,0,0,0,0,0,0,0,0,0,0,0,0,,,,,,,,0,0,0,0,0,0,1,,vodnivi01,2025,Right
760,Ryan Walker,29,SFG,NL,0.0,1,0,0,0,0,0,0,0,0,0,0,0,0,,,,,,,,0,0,0,0,0,0,1,,walkery01,2025,Right
761,Chad Wallach,33,LAA,AL,0.0,1,0,0,0,0,0,0,0,0,0,0,0,0,,,,,,,,0,0,0,0,0,0,/2,,wallach01,2025,Right
762,Garrett Whitlock,29,BOS,AL,0.0,1,0,0,0,0,0,0,0,0,0,0,0,0,,,,,,,,0,0,0,0,0,0,1,,whitlga01,2025,Right
763,Bryse Wilson,27,CHW,AL,0.0,1,0,0,0,0,0,0,0,0,0,0,0,0,,,,,,,,0,0,0,0,0,0,1,,wilsobr02,2025,Right
